truck_state,load,decision,decision_score,outcome,future_state,regret,timestamp
"{'fuel_percent': 20, 'time_left_hours': 5.1, 'capacity_left_tons': 8}","{'load_weight_tons': 3, 'additional_time_hours': 0.6, 'profit_inr': 2973}",ACCEPT,-5.77,"{'actual_profit_inr': 2763, 'delay_hours': 0.53, 'fuel_used_percent': 5}","{'time_left_hours': 4.5, 'capacity_left_tons': 5}",0,2026-02-01T02:45:41.991088
"{'fuel_percent': 60, 'time_left_hours': 3.6, 'capacity_left_tons': 5}","{'load_weight_tons': 2, 'additional_time_hours': 0.6, 'profit_inr': 2636}",ACCEPT,18.93,"{'actual_profit_inr': 2345, 'delay_hours': 1.14, 'fuel_used_percent': 11}","{'time_left_hours': 3.0, 'capacity_left_tons': 3}",0,2026-02-01T02:45:41.991088
"{'fuel_percent': 74, 'time_left_hours': 2.9, 'capacity_left_tons': 2}","{'load_weight_tons': 4, 'additional_time_hours': 1.6, 'profit_inr': 642}",REJECT,-13.88,"{'actual_profit_inr': 0, 'delay_hours': 0, 'fuel_used_percent': 0}","{'time_left_hours': 1.2999999999999998, 'capacity_left_tons': -2}",0,2026-02-01T02:45:41.991088
"{'fuel_percent': 34, 'time_left_hours': 4.8, 'capacity_left_tons': 8}","{'load_weight_tons': 1, 'additional_time_hours': 0.8, 'profit_inr': 1791}",ACCEPT,15.47,"{'actual_profit_inr': 1597, 'delay_hours': 0.94, 'fuel_used_percent': 7}","{'time_left_hours': 4.0, 'capacity_left_tons': 7}",0,2026-02-01T02:45:41.991088
"{'fuel_percent': 37, 'time_left_hours': 2.3, 'capacity_left_tons': 9}","{'load_weight_tons': 1, 'additional_time_hours': 1.6, 'profit_inr': 1098}",REJECT,-0.81,"{'actual_profit_inr': 0, 'delay_hours': 0, 'fuel_used_percent': 0}","{'time_left_hours': 0.6999999999999997, 'capacity_left_tons': 8}",0,2026-02-01T02:45:41.991088
"{'fuel_percent': 51, 'time_left_hours': 5.3, 'capacity_left_tons': 9}","{'load_weight_tons': 2, 'additional_time_hours': 1.3, 'profit_inr': 2213}",REJECT,2.34,"{'actual_profit_inr': 0, 'delay_hours': 0, 'fuel_used_percent': 0}","{'time_left_hours': 4.0, 'capacity_left_tons': 7}",0,2026-02-01T02:45:41.991088
"{'fuel_percent': 71, 'time_left_hours': 3.0, 'capacity_left_tons': 7}","{'load_weight_tons': 1, 'additional_time_hours': 1.5, 'profit_inr': 2480}",ACCEPT,14.15,"{'actual_profit_inr': 2260, 'delay_hours': 0.7, 'fuel_used_percent': 11}","{'time_left_hours': 1.5, 'capacity_left_tons': 6}",0,2026-02-01T02:45:41.991088
"{'fuel_percent': 77, 'time_left_hours': 4.8, 'capacity_left_tons': 7}","{'load_weight_tons': 3, 'additional_time_hours': 2.0, 'profit_inr': 2775}",REJECT,-9.82,"{'actual_profit_inr': 0, 'delay_hours': 0, 'fuel_used_percent': 0}","{'time_left_hours': 2.8, 'capacity_left_tons': 4}",0,2026-02-01T02:45:41.991088
"{'fuel_percent': 46, 'time_left_hours': 3.6, 'capacity_left_tons': 10}","{'load_weight_tons': 1, 'additional_time_hours': 0.7, 'profit_inr': 634}",ACCEPT,22.86,"{'actual_profit_inr': 449, 'delay_hours': 0.81, 'fuel_used_percent': 14}","{'time_left_hours': 2.9000000000000004, 'capacity_left_tons': 9}",0,2026-02-01T02:45:41.991088
"{'fuel_percent': 26, 'time_left_hours': 4.8, 'capacity_left_tons': 5}","{'load_weight_tons': 3, 'additional_time_hours': 0.5, 'profit_inr': 1708}",ACCEPT,9.56,"{'actual_profit_inr': 1665, 'delay_hours': 0.21, 'fuel_used_percent': 13}","{'time_left_hours': 4.3, 'capacity_left_tons': 2}",0,2026-02-01T02:45:41.991088
"{'fuel_percent': 40, 'time_left_hours': 5.3, 'capacity_left_tons': 8}","{'load_weight_tons': 4, 'additional_time_hours': 1.0, 'profit_inr': 2218}",REJECT,-2.54,"{'actual_profit_inr': 0, 'delay_hours': 0, 'fuel_used_percent': 0}","{'time_left_hours': 4.3, 'capacity_left_tons': 4}",0,2026-02-01T02:45:41.991088
"{'fuel_percent': 76, 'time_left_hours': 5.6, 'capacity_left_tons': 10}","{'load_weight_tons': 1, 'additional_time_hours': 1.8, 'profit_inr': 1589}",REJECT,0.47,"{'actual_profit_inr': 0, 'delay_hours': 0, 'fuel_used_percent': 0}","{'time_left_hours': 3.8, 'capacity_left_tons': 9}",0,2026-02-01T02:45:41.991088
"{'fuel_percent': 36, 'time_left_hours': 5.9, 'capacity_left_tons': 3}","{'load_weight_tons': 2, 'additional_time_hours': 0.8, 'profit_inr': 1809}",REJECT,18.36,"{'actual_profit_inr': 0, 'delay_hours': 0, 'fuel_used_percent': 0}","{'time_left_hours': 5.1000000000000005, 'capacity_left_tons': 1}",0,2026-02-01T02:45:41.991088
"{'fuel_percent': 77, 'time_left_hours': 2.4, 'capacity_left_tons': 6}","{'load_weight_tons': 3, 'additional_time_hours': 0.7, 'profit_inr': 749}",REJECT,10.08,"{'actual_profit_inr': 0, 'delay_hours': 0, 'fuel_used_percent': 0}","{'time_left_hours': 1.7, 'capacity_left_tons': 3}",0,2026-02-01T02:45:41.991088
"{'fuel_percent': 57, 'time_left_hours': 4.2, 'capacity_left_tons': 9}","{'load_weight_tons': 3, 'additional_time_hours': 1.7, 'profit_inr': 642}",REJECT,12.53,"{'actual_profit_inr': 0, 'delay_hours': 0, 'fuel_used_percent': 0}","{'time_left_hours': 2.5, 'capacity_left_tons': 6}",0,2026-02-01T02:45:41.991088
"{'fuel_percent': 80, 'time_left_hours': 5.6, 'capacity_left_tons': 9}","{'load_weight_tons': 4, 'additional_time_hours': 1.7, 'profit_inr': 2990}",ACCEPT,-15.34,"{'actual_profit_inr': 2729, 'delay_hours': 0.88, 'fuel_used_percent': 9}","{'time_left_hours': 3.8999999999999995, 'capacity_left_tons': 5}",0,2026-02-01T02:45:41.991088
"{'fuel_percent': 55, 'time_left_hours': 2.1, 'capacity_left_tons': 3}","{'load_weight_tons': 2, 'additional_time_hours': 1.9, 'profit_inr': 1524}",ACCEPT,-3.14,"{'actual_profit_inr': 1239, 'delay_hours': 1.47, 'fuel_used_percent': 7}","{'time_left_hours': 0.20000000000000018, 'capacity_left_tons': 1}",0,2026-02-01T02:45:41.991088
"{'fuel_percent': 67, 'time_left_hours': 3.2, 'capacity_left_tons': 7}","{'load_weight_tons': 4, 'additional_time_hours': 0.6, 'profit_inr': 1242}",REJECT,11.73,"{'actual_profit_inr': 0, 'delay_hours': 0, 'fuel_used_percent': 0}","{'time_left_hours': 2.6, 'capacity_left_tons': 3}",0,2026-02-01T02:45:41.991088
"{'fuel_percent': 37, 'time_left_hours': 4.3, 'capacity_left_tons': 10}","{'load_weight_tons': 3, 'additional_time_hours': 0.9, 'profit_inr': 1652}",REJECT,5.68,"{'actual_profit_inr': 0, 'delay_hours': 0, 'fuel_used_percent': 0}","{'time_left_hours': 3.4, 'capacity_left_tons': 7}",0,2026-02-01T02:45:41.991088
"{'fuel_percent': 68, 'time_left_hours': 2.7, 'capacity_left_tons': 4}","{'load_weight_tons': 4, 'additional_time_hours': 0.5, 'profit_inr': 1984}",REJECT,-13.0,"{'actual_profit_inr': 0, 'delay_hours': 0, 'fuel_used_percent': 0}","{'time_left_hours': 2.2, 'capacity_left_tons': 0}",0,2026-02-01T02:45:41.991088
"{'fuel_percent': 71, 'time_left_hours': 4.2, 'capacity_left_tons': 8}","{'load_weight_tons': 2, 'additional_time_hours': 1.0, 'profit_inr': 625}",ACCEPT,16.13,"{'actual_profit_inr': 618, 'delay_hours': 0.49, 'fuel_used_percent': 10}","{'time_left_hours': 3.2, 'capacity_left_tons': 6}",0,2026-02-01T02:45:41.991088
"{'fuel_percent': 76, 'time_left_hours': 3.5, 'capacity_left_tons': 4}","{'load_weight_tons': 3, 'additional_time_hours': 1.2, 'profit_inr': 676}",REJECT,24.38,"{'actual_profit_inr': 0, 'delay_hours': 0, 'fuel_used_percent': 0}","{'time_left_hours': 2.3, 'capacity_left_tons': 1}",0,2026-02-01T02:45:41.991088
"{'fuel_percent': 28, 'time_left_hours': 4.1, 'capacity_left_tons': 6}","{'load_weight_tons': 3, 'additional_time_hours': 0.5, 'profit_inr': 717}",REJECT,-12.16,"{'actual_profit_inr': 0, 'delay_hours': 0, 'fuel_used_percent': 0}","{'time_left_hours': 3.5999999999999996, 'capacity_left_tons': 3}",0,2026-02-01T02:45:41.992087
"{'fuel_percent': 45, 'time_left_hours': 5.3, 'capacity_left_tons': 6}","{'load_weight_tons': 4, 'additional_time_hours': 0.7, 'profit_inr': 673}",REJECT,0.38,"{'actual_profit_inr': 0, 'delay_hours': 0, 'fuel_used_percent': 0}","{'time_left_hours': 4.6, 'capacity_left_tons': 2}",0,2026-02-01T02:45:41.992087
"{'fuel_percent': 36, 'time_left_hours': 3.1, 'capacity_left_tons': 8}","{'load_weight_tons': 3, 'additional_time_hours': 1.1, 'profit_inr': 2408}",REJECT,22.01,"{'actual_profit_inr': 0, 'delay_hours': 0, 'fuel_used_percent': 0}","{'time_left_hours': 2.0, 'capacity_left_tons': 5}",0,2026-02-01T02:45:41.992087
"{'fuel_percent': 70, 'time_left_hours': 5.5, 'capacity_left_tons': 7}","{'load_weight_tons': 3, 'additional_time_hours': 2.0, 'profit_inr': 926}",REJECT,-8.0,"{'actual_profit_inr': 0, 'delay_hours': 0, 'fuel_used_percent': 0}","{'time_left_hours': 3.5, 'capacity_left_tons': 4}",0,2026-02-01T02:45:41.992087
"{'fuel_percent': 41, 'time_left_hours': 3.3, 'capacity_left_tons': 6}","{'load_weight_tons': 4, 'additional_time_hours': 0.8, 'profit_inr': 1385}",ACCEPT,27.95,"{'actual_profit_inr': 1101, 'delay_hours': 1.23, 'fuel_used_percent': 5}","{'time_left_hours': 2.5, 'capacity_left_tons': 2}",0,2026-02-01T02:45:41.992087
"{'fuel_percent': 30, 'time_left_hours': 3.1, 'capacity_left_tons': 9}","{'load_weight_tons': 1, 'additional_time_hours': 0.5, 'profit_inr': 2360}",REJECT,5.52,"{'actual_profit_inr': 0, 'delay_hours': 0, 'fuel_used_percent': 0}","{'time_left_hours': 2.6, 'capacity_left_tons': 8}",0,2026-02-01T02:45:41.992087
"{'fuel_percent': 39, 'time_left_hours': 3.9, 'capacity_left_tons': 2}","{'load_weight_tons': 2, 'additional_time_hours': 1.3, 'profit_inr': 2728}",ACCEPT,-18.38,"{'actual_profit_inr': 2724, 'delay_hours': 0.65, 'fuel_used_percent': 12}","{'time_left_hours': 2.5999999999999996, 'capacity_left_tons': 0}",0,2026-02-01T02:45:41.992087
"{'fuel_percent': 40, 'time_left_hours': 2.5, 'capacity_left_tons': 2}","{'load_weight_tons': 3, 'additional_time_hours': 0.9, 'profit_inr': 1250}",ACCEPT,-5.8,"{'actual_profit_inr': 988, 'delay_hours': 0.72, 'fuel_used_percent': 15}","{'time_left_hours': 1.6, 'capacity_left_tons': -1}",0,2026-02-01T02:45:41.992087
"{'fuel_percent': 80, 'time_left_hours': 4.9, 'capacity_left_tons': 10}","{'load_weight_tons': 1, 'additional_time_hours': 1.1, 'profit_inr': 2373}",ACCEPT,-15.64,"{'actual_profit_inr': 2216, 'delay_hours': 1.1, 'fuel_used_percent': 13}","{'time_left_hours': 3.8000000000000003, 'capacity_left_tons': 9}",0,2026-02-01T02:45:41.992087
"{'fuel_percent': 27, 'time_left_hours': 2.0, 'capacity_left_tons': 8}","{'load_weight_tons': 3, 'additional_time_hours': 0.6, 'profit_inr': 1487}",REJECT,3.87,"{'actual_profit_inr': 0, 'delay_hours': 0, 'fuel_used_percent': 0}","{'time_left_hours': 1.4, 'capacity_left_tons': 5}",0,2026-02-01T02:45:41.992087
"{'fuel_percent': 49, 'time_left_hours': 4.4, 'capacity_left_tons': 5}","{'load_weight_tons': 2, 'additional_time_hours': 0.7, 'profit_inr': 2655}",ACCEPT,-4.93,"{'actual_profit_inr': 2488, 'delay_hours': 0.02, 'fuel_used_percent': 14}","{'time_left_hours': 3.7, 'capacity_left_tons': 3}",0,2026-02-01T02:45:41.992087
"{'fuel_percent': 38, 'time_left_hours': 2.1, 'capacity_left_tons': 10}","{'load_weight_tons': 3, 'additional_time_hours': 2.0, 'profit_inr': 2008}",ACCEPT,20.75,"{'actual_profit_inr': 1835, 'delay_hours': 1.21, 'fuel_used_percent': 12}","{'time_left_hours': 0.10000000000000009, 'capacity_left_tons': 7}",0,2026-02-01T02:45:41.992087
"{'fuel_percent': 41, 'time_left_hours': 6.0, 'capacity_left_tons': 6}","{'load_weight_tons': 1, 'additional_time_hours': 0.9, 'profit_inr': 1638}",REJECT,-11.02,"{'actual_profit_inr': 0, 'delay_hours': 0, 'fuel_used_percent': 0}","{'time_left_hours': 5.1, 'capacity_left_tons': 5}",0,2026-02-01T02:45:41.992087
"{'fuel_percent': 72, 'time_left_hours': 5.7, 'capacity_left_tons': 4}","{'load_weight_tons': 4, 'additional_time_hours': 1.2, 'profit_inr': 1064}",ACCEPT,-17.51,"{'actual_profit_inr': 794, 'delay_hours': 0.15, 'fuel_used_percent': 5}","{'time_left_hours': 4.5, 'capacity_left_tons': 0}",0,2026-02-01T02:45:41.992087
"{'fuel_percent': 71, 'time_left_hours': 4.1, 'capacity_left_tons': 4}","{'load_weight_tons': 1, 'additional_time_hours': 1.4, 'profit_inr': 2855}",REJECT,-2.07,"{'actual_profit_inr': 0, 'delay_hours': 0, 'fuel_used_percent': 0}","{'time_left_hours': 2.6999999999999997, 'capacity_left_tons': 3}",0,2026-02-01T02:45:41.992087
"{'fuel_percent': 73, 'time_left_hours': 3.5, 'capacity_left_tons': 8}","{'load_weight_tons': 1, 'additional_time_hours': 1.7, 'profit_inr': 1885}",ACCEPT,27.34,"{'actual_profit_inr': 1760, 'delay_hours': 0.52, 'fuel_used_percent': 11}","{'time_left_hours': 1.8, 'capacity_left_tons': 7}",0,2026-02-01T02:45:41.992087
"{'fuel_percent': 76, 'time_left_hours': 2.5, 'capacity_left_tons': 8}","{'load_weight_tons': 4, 'additional_time_hours': 0.5, 'profit_inr': 2539}",REJECT,19.31,"{'actual_profit_inr': 0, 'delay_hours': 0, 'fuel_used_percent': 0}","{'time_left_hours': 2.0, 'capacity_left_tons': 4}",0,2026-02-01T02:45:41.992087
"{'fuel_percent': 74, 'time_left_hours': 4.6, 'capacity_left_tons': 8}","{'load_weight_tons': 2, 'additional_time_hours': 1.2, 'profit_inr': 1260}",REJECT,-5.71,"{'actual_profit_inr': 0, 'delay_hours': 0, 'fuel_used_percent': 0}","{'time_left_hours': 3.3999999999999995, 'capacity_left_tons': 6}",0,2026-02-01T02:45:41.992087
"{'fuel_percent': 62, 'time_left_hours': 5.5, 'capacity_left_tons': 8}","{'load_weight_tons': 4, 'additional_time_hours': 2.0, 'profit_inr': 2176}",REJECT,-2.01,"{'actual_profit_inr': 0, 'delay_hours': 0, 'fuel_used_percent': 0}","{'time_left_hours': 3.5, 'capacity_left_tons': 4}",0,2026-02-01T02:45:41.992087
"{'fuel_percent': 35, 'time_left_hours': 3.0, 'capacity_left_tons': 9}","{'load_weight_tons': 3, 'additional_time_hours': 0.8, 'profit_inr': 857}",ACCEPT,-13.05,"{'actual_profit_inr': 684, 'delay_hours': 0.95, 'fuel_used_percent': 14}","{'time_left_hours': 2.2, 'capacity_left_tons': 6}",0,2026-02-01T02:45:41.992087
"{'fuel_percent': 58, 'time_left_hours': 3.7, 'capacity_left_tons': 2}","{'load_weight_tons': 4, 'additional_time_hours': 1.1, 'profit_inr': 1409}",ACCEPT,12.34,"{'actual_profit_inr': 1165, 'delay_hours': 0.46, 'fuel_used_percent': 7}","{'time_left_hours': 2.6, 'capacity_left_tons': -2}",0,2026-02-01T02:45:41.992087
"{'fuel_percent': 68, 'time_left_hours': 2.4, 'capacity_left_tons': 5}","{'load_weight_tons': 2, 'additional_time_hours': 1.9, 'profit_inr': 1502}",ACCEPT,25.55,"{'actual_profit_inr': 1313, 'delay_hours': 1.0, 'fuel_used_percent': 14}","{'time_left_hours': 0.5, 'capacity_left_tons': 3}",0,2026-02-01T02:45:41.992087
"{'fuel_percent': 63, 'time_left_hours': 2.9, 'capacity_left_tons': 6}","{'load_weight_tons': 2, 'additional_time_hours': 1.9, 'profit_inr': 1099}",ACCEPT,-11.9,"{'actual_profit_inr': 860, 'delay_hours': 0.8, 'fuel_used_percent': 15}","{'time_left_hours': 1.0, 'capacity_left_tons': 4}",0,2026-02-01T02:45:41.992087
"{'fuel_percent': 21, 'time_left_hours': 5.3, 'capacity_left_tons': 3}","{'load_weight_tons': 4, 'additional_time_hours': 1.5, 'profit_inr': 2793}",ACCEPT,9.79,"{'actual_profit_inr': 2739, 'delay_hours': 1.2, 'fuel_used_percent': 14}","{'time_left_hours': 3.8, 'capacity_left_tons': -1}",0,2026-02-01T02:45:41.992087
"{'fuel_percent': 38, 'time_left_hours': 2.7, 'capacity_left_tons': 8}","{'load_weight_tons': 2, 'additional_time_hours': 0.5, 'profit_inr': 799}",REJECT,23.54,"{'actual_profit_inr': 0, 'delay_hours': 0, 'fuel_used_percent': 0}","{'time_left_hours': 2.2, 'capacity_left_tons': 6}",0,2026-02-01T02:45:41.992087
"{'fuel_percent': 69, 'time_left_hours': 3.0, 'capacity_left_tons': 5}","{'load_weight_tons': 4, 'additional_time_hours': 1.7, 'profit_inr': 1709}",REJECT,-4.4,"{'actual_profit_inr': 0, 'delay_hours': 0, 'fuel_used_percent': 0}","{'time_left_hours': 1.3, 'capacity_left_tons': 1}",0,2026-02-01T02:45:41.992087
"{'fuel_percent': 25, 'time_left_hours': 2.0, 'capacity_left_tons': 9}","{'load_weight_tons': 3, 'additional_time_hours': 1.2, 'profit_inr': 2676}",REJECT,-19.21,"{'actual_profit_inr': 0, 'delay_hours': 0, 'fuel_used_percent': 0}","{'time_left_hours': 0.8, 'capacity_left_tons': 6}",0,2026-02-01T02:45:41.992087
"{'fuel_percent': 20, 'time_left_hours': 3.7, 'capacity_left_tons': 4}","{'load_weight_tons': 4, 'additional_time_hours': 1.1, 'profit_inr': 1752}",ACCEPT,29.13,"{'actual_profit_inr': 1614, 'delay_hours': 0.39, 'fuel_used_percent': 6}","{'time_left_hours': 2.6, 'capacity_left_tons': 0}",0,2026-02-01T02:45:41.992087
"{'fuel_percent': 24, 'time_left_hours': 4.9, 'capacity_left_tons': 9}","{'load_weight_tons': 4, 'additional_time_hours': 1.6, 'profit_inr': 2044}",ACCEPT,11.0,"{'actual_profit_inr': 1804, 'delay_hours': 0.36, 'fuel_used_percent': 10}","{'time_left_hours': 3.3000000000000003, 'capacity_left_tons': 5}",0,2026-02-01T02:45:41.992087
"{'fuel_percent': 47, 'time_left_hours': 3.7, 'capacity_left_tons': 6}","{'load_weight_tons': 4, 'additional_time_hours': 1.6, 'profit_inr': 2172}",REJECT,22.39,"{'actual_profit_inr': 0, 'delay_hours': 0, 'fuel_used_percent': 0}","{'time_left_hours': 2.1, 'capacity_left_tons': 2}",0,2026-02-01T02:45:41.992087
"{'fuel_percent': 55, 'time_left_hours': 4.0, 'capacity_left_tons': 2}","{'load_weight_tons': 2, 'additional_time_hours': 0.9, 'profit_inr': 1445}",ACCEPT,-10.62,"{'actual_profit_inr': 1297, 'delay_hours': 0.32, 'fuel_used_percent': 8}","{'time_left_hours': 3.1, 'capacity_left_tons': 0}",0,2026-02-01T02:45:41.992087
"{'fuel_percent': 76, 'time_left_hours': 4.1, 'capacity_left_tons': 3}","{'load_weight_tons': 4, 'additional_time_hours': 1.2, 'profit_inr': 2033}",ACCEPT,-4.32,"{'actual_profit_inr': 1863, 'delay_hours': 0.23, 'fuel_used_percent': 9}","{'time_left_hours': 2.8999999999999995, 'capacity_left_tons': -1}",0,2026-02-01T02:45:41.992087
"{'fuel_percent': 51, 'time_left_hours': 5.3, 'capacity_left_tons': 6}","{'load_weight_tons': 1, 'additional_time_hours': 1.3, 'profit_inr': 1454}",REJECT,6.94,"{'actual_profit_inr': 0, 'delay_hours': 0, 'fuel_used_percent': 0}","{'time_left_hours': 4.0, 'capacity_left_tons': 5}",0,2026-02-01T02:45:41.992087
"{'fuel_percent': 74, 'time_left_hours': 6.0, 'capacity_left_tons': 5}","{'load_weight_tons': 2, 'additional_time_hours': 0.6, 'profit_inr': 2573}",REJECT,17.24,"{'actual_profit_inr': 0, 'delay_hours': 0, 'fuel_used_percent': 0}","{'time_left_hours': 5.4, 'capacity_left_tons': 3}",0,2026-02-01T02:45:41.992087
"{'fuel_percent': 27, 'time_left_hours': 5.8, 'capacity_left_tons': 2}","{'load_weight_tons': 4, 'additional_time_hours': 1.3, 'profit_inr': 1522}",ACCEPT,29.48,"{'actual_profit_inr': 1318, 'delay_hours': 0.43, 'fuel_used_percent': 8}","{'time_left_hours': 4.5, 'capacity_left_tons': -2}",0,2026-02-01T02:45:41.992087
"{'fuel_percent': 65, 'time_left_hours': 5.9, 'capacity_left_tons': 10}","{'load_weight_tons': 1, 'additional_time_hours': 1.7, 'profit_inr': 2663}",REJECT,28.36,"{'actual_profit_inr': 0, 'delay_hours': 0, 'fuel_used_percent': 0}","{'time_left_hours': 4.2, 'capacity_left_tons': 9}",0,2026-02-01T02:45:41.992087
"{'fuel_percent': 42, 'time_left_hours': 4.9, 'capacity_left_tons': 6}","{'load_weight_tons': 4, 'additional_time_hours': 1.4, 'profit_inr': 2153}",ACCEPT,0.19,"{'actual_profit_inr': 1942, 'delay_hours': 0.56, 'fuel_used_percent': 13}","{'time_left_hours': 3.5000000000000004, 'capacity_left_tons': 2}",0,2026-02-01T02:45:41.992087
"{'fuel_percent': 33, 'time_left_hours': 3.1, 'capacity_left_tons': 5}","{'load_weight_tons': 1, 'additional_time_hours': 0.7, 'profit_inr': 782}",REJECT,-16.68,"{'actual_profit_inr': 0, 'delay_hours': 0, 'fuel_used_percent': 0}","{'time_left_hours': 2.4000000000000004, 'capacity_left_tons': 4}",0,2026-02-01T02:45:41.992087
"{'fuel_percent': 33, 'time_left_hours': 3.0, 'capacity_left_tons': 3}","{'load_weight_tons': 1, 'additional_time_hours': 0.8, 'profit_inr': 2161}",REJECT,6.45,"{'actual_profit_inr': 0, 'delay_hours': 0, 'fuel_used_percent': 0}","{'time_left_hours': 2.2, 'capacity_left_tons': 2}",0,2026-02-01T02:45:41.992087
"{'fuel_percent': 24, 'time_left_hours': 2.1, 'capacity_left_tons': 6}","{'load_weight_tons': 4, 'additional_time_hours': 0.8, 'profit_inr': 1915}",REJECT,8.12,"{'actual_profit_inr': 0, 'delay_hours': 0, 'fuel_used_percent': 0}","{'time_left_hours': 1.3, 'capacity_left_tons': 2}",0,2026-02-01T02:45:41.992087
"{'fuel_percent': 71, 'time_left_hours': 5.7, 'capacity_left_tons': 3}","{'load_weight_tons': 3, 'additional_time_hours': 0.8, 'profit_inr': 1992}",REJECT,23.3,"{'actual_profit_inr': 0, 'delay_hours': 0, 'fuel_used_percent': 0}","{'time_left_hours': 4.9, 'capacity_left_tons': 0}",0,2026-02-01T02:45:41.992087
"{'fuel_percent': 57, 'time_left_hours': 2.4, 'capacity_left_tons': 9}","{'load_weight_tons': 4, 'additional_time_hours': 1.6, 'profit_inr': 2424}",REJECT,-10.87,"{'actual_profit_inr': 0, 'delay_hours': 0, 'fuel_used_percent': 0}","{'time_left_hours': 0.7999999999999998, 'capacity_left_tons': 5}",0,2026-02-01T02:45:41.992087
"{'fuel_percent': 35, 'time_left_hours': 4.9, 'capacity_left_tons': 2}","{'load_weight_tons': 2, 'additional_time_hours': 1.6, 'profit_inr': 679}",ACCEPT,-4.2,"{'actual_profit_inr': 676, 'delay_hours': 0.83, 'fuel_used_percent': 13}","{'time_left_hours': 3.3000000000000003, 'capacity_left_tons': 0}",0,2026-02-01T02:45:41.992087
"{'fuel_percent': 28, 'time_left_hours': 4.6, 'capacity_left_tons': 6}","{'load_weight_tons': 2, 'additional_time_hours': 0.8, 'profit_inr': 1406}",ACCEPT,13.82,"{'actual_profit_inr': 1211, 'delay_hours': 0.21, 'fuel_used_percent': 8}","{'time_left_hours': 3.8, 'capacity_left_tons': 4}",0,2026-02-01T02:45:41.992087
"{'fuel_percent': 22, 'time_left_hours': 5.0, 'capacity_left_tons': 5}","{'load_weight_tons': 1, 'additional_time_hours': 1.9, 'profit_inr': 2818}",REJECT,25.5,"{'actual_profit_inr': 0, 'delay_hours': 0, 'fuel_used_percent': 0}","{'time_left_hours': 3.1, 'capacity_left_tons': 4}",0,2026-02-01T02:45:41.992087
"{'fuel_percent': 78, 'time_left_hours': 4.2, 'capacity_left_tons': 3}","{'load_weight_tons': 4, 'additional_time_hours': 0.9, 'profit_inr': 2445}",REJECT,-9.85,"{'actual_profit_inr': 0, 'delay_hours': 0, 'fuel_used_percent': 0}","{'time_left_hours': 3.3000000000000003, 'capacity_left_tons': -1}",0,2026-02-01T02:45:41.992087
"{'fuel_percent': 41, 'time_left_hours': 3.7, 'capacity_left_tons': 10}","{'load_weight_tons': 2, 'additional_time_hours': 1.8, 'profit_inr': 2100}",REJECT,-16.0,"{'actual_profit_inr': 0, 'delay_hours': 0, 'fuel_used_percent': 0}","{'time_left_hours': 1.9000000000000001, 'capacity_left_tons': 8}",0,2026-02-01T02:45:41.992087
"{'fuel_percent': 55, 'time_left_hours': 2.4, 'capacity_left_tons': 2}","{'load_weight_tons': 1, 'additional_time_hours': 2.0, 'profit_inr': 2837}",ACCEPT,5.79,"{'actual_profit_inr': 2593, 'delay_hours': 0.38, 'fuel_used_percent': 7}","{'time_left_hours': 0.3999999999999999, 'capacity_left_tons': 1}",0,2026-02-01T02:45:41.992087
"{'fuel_percent': 26, 'time_left_hours': 5.1, 'capacity_left_tons': 3}","{'load_weight_tons': 1, 'additional_time_hours': 1.1, 'profit_inr': 2351}",ACCEPT,6.97,"{'actual_profit_inr': 2117, 'delay_hours': 1.06, 'fuel_used_percent': 10}","{'time_left_hours': 3.9999999999999996, 'capacity_left_tons': 2}",0,2026-02-01T02:45:41.992087
"{'fuel_percent': 30, 'time_left_hours': 3.5, 'capacity_left_tons': 2}","{'load_weight_tons': 4, 'additional_time_hours': 1.2, 'profit_inr': 2663}",REJECT,9.56,"{'actual_profit_inr': 0, 'delay_hours': 0, 'fuel_used_percent': 0}","{'time_left_hours': 2.3, 'capacity_left_tons': -2}",0,2026-02-01T02:45:41.992087
"{'fuel_percent': 65, 'time_left_hours': 3.3, 'capacity_left_tons': 2}","{'load_weight_tons': 4, 'additional_time_hours': 1.6, 'profit_inr': 630}",REJECT,-15.2,"{'actual_profit_inr': 0, 'delay_hours': 0, 'fuel_used_percent': 0}","{'time_left_hours': 1.6999999999999997, 'capacity_left_tons': -2}",0,2026-02-01T02:45:41.992087
"{'fuel_percent': 27, 'time_left_hours': 2.8, 'capacity_left_tons': 8}","{'load_weight_tons': 1, 'additional_time_hours': 0.6, 'profit_inr': 1083}",REJECT,20.35,"{'actual_profit_inr': 0, 'delay_hours': 0, 'fuel_used_percent': 0}","{'time_left_hours': 2.1999999999999997, 'capacity_left_tons': 7}",0,2026-02-01T02:45:41.992087
"{'fuel_percent': 27, 'time_left_hours': 4.1, 'capacity_left_tons': 2}","{'load_weight_tons': 4, 'additional_time_hours': 0.8, 'profit_inr': 936}",ACCEPT,13.36,"{'actual_profit_inr': 682, 'delay_hours': 1.47, 'fuel_used_percent': 15}","{'time_left_hours': 3.3, 'capacity_left_tons': -2}",1,2026-02-01T02:45:41.992087
"{'fuel_percent': 23, 'time_left_hours': 5.5, 'capacity_left_tons': 3}","{'load_weight_tons': 4, 'additional_time_hours': 1.2, 'profit_inr': 1113}",REJECT,25.5,"{'actual_profit_inr': 0, 'delay_hours': 0, 'fuel_used_percent': 0}","{'time_left_hours': 4.3, 'capacity_left_tons': -1}",0,2026-02-01T02:45:41.992087
"{'fuel_percent': 73, 'time_left_hours': 2.3, 'capacity_left_tons': 5}","{'load_weight_tons': 4, 'additional_time_hours': 1.3, 'profit_inr': 2706}",ACCEPT,-19.32,"{'actual_profit_inr': 2451, 'delay_hours': 1.06, 'fuel_used_percent': 12}","{'time_left_hours': 0.9999999999999998, 'capacity_left_tons': 1}",0,2026-02-01T02:45:41.992087
"{'fuel_percent': 34, 'time_left_hours': 3.3, 'capacity_left_tons': 8}","{'load_weight_tons': 2, 'additional_time_hours': 1.6, 'profit_inr': 2587}",REJECT,-7.96,"{'actual_profit_inr': 0, 'delay_hours': 0, 'fuel_used_percent': 0}","{'time_left_hours': 1.6999999999999997, 'capacity_left_tons': 6}",0,2026-02-01T02:45:41.992087
"{'fuel_percent': 60, 'time_left_hours': 4.1, 'capacity_left_tons': 4}","{'load_weight_tons': 2, 'additional_time_hours': 1.5, 'profit_inr': 2239}",ACCEPT,28.71,"{'actual_profit_inr': 1977, 'delay_hours': 0.23, 'fuel_used_percent': 7}","{'time_left_hours': 2.5999999999999996, 'capacity_left_tons': 2}",0,2026-02-01T02:45:41.992087
"{'fuel_percent': 71, 'time_left_hours': 3.5, 'capacity_left_tons': 3}","{'load_weight_tons': 3, 'additional_time_hours': 1.7, 'profit_inr': 2112}",REJECT,-0.28,"{'actual_profit_inr': 0, 'delay_hours': 0, 'fuel_used_percent': 0}","{'time_left_hours': 1.8, 'capacity_left_tons': 0}",0,2026-02-01T02:45:41.992087
"{'fuel_percent': 69, 'time_left_hours': 3.9, 'capacity_left_tons': 6}","{'load_weight_tons': 3, 'additional_time_hours': 2.0, 'profit_inr': 1957}",ACCEPT,-6.97,"{'actual_profit_inr': 1844, 'delay_hours': 0.71, 'fuel_used_percent': 10}","{'time_left_hours': 1.9, 'capacity_left_tons': 3}",0,2026-02-01T02:45:41.992087
"{'fuel_percent': 29, 'time_left_hours': 3.5, 'capacity_left_tons': 9}","{'load_weight_tons': 4, 'additional_time_hours': 2.0, 'profit_inr': 820}",REJECT,27.86,"{'actual_profit_inr': 0, 'delay_hours': 0, 'fuel_used_percent': 0}","{'time_left_hours': 1.5, 'capacity_left_tons': 5}",0,2026-02-01T02:45:41.993088
"{'fuel_percent': 50, 'time_left_hours': 2.7, 'capacity_left_tons': 7}","{'load_weight_tons': 1, 'additional_time_hours': 1.4, 'profit_inr': 906}",ACCEPT,-11.79,"{'actual_profit_inr': 777, 'delay_hours': 0.64, 'fuel_used_percent': 12}","{'time_left_hours': 1.3000000000000003, 'capacity_left_tons': 6}",0,2026-02-01T02:45:41.993088
"{'fuel_percent': 47, 'time_left_hours': 2.6, 'capacity_left_tons': 9}","{'load_weight_tons': 3, 'additional_time_hours': 1.4, 'profit_inr': 2278}",ACCEPT,6.55,"{'actual_profit_inr': 2029, 'delay_hours': 0.18, 'fuel_used_percent': 11}","{'time_left_hours': 1.2000000000000002, 'capacity_left_tons': 6}",0,2026-02-01T02:45:41.993088
"{'fuel_percent': 60, 'time_left_hours': 2.9, 'capacity_left_tons': 4}","{'load_weight_tons': 2, 'additional_time_hours': 1.5, 'profit_inr': 1809}",ACCEPT,22.87,"{'actual_profit_inr': 1729, 'delay_hours': 1.0, 'fuel_used_percent': 15}","{'time_left_hours': 1.4, 'capacity_left_tons': 2}",0,2026-02-01T02:45:41.993088
"{'fuel_percent': 59, 'time_left_hours': 2.3, 'capacity_left_tons': 7}","{'load_weight_tons': 4, 'additional_time_hours': 1.4, 'profit_inr': 1649}",ACCEPT,-17.04,"{'actual_profit_inr': 1625, 'delay_hours': 0.49, 'fuel_used_percent': 12}","{'time_left_hours': 0.8999999999999999, 'capacity_left_tons': 3}",0,2026-02-01T02:45:41.993088
"{'fuel_percent': 31, 'time_left_hours': 5.9, 'capacity_left_tons': 7}","{'load_weight_tons': 2, 'additional_time_hours': 1.5, 'profit_inr': 1362}",ACCEPT,10.19,"{'actual_profit_inr': 1359, 'delay_hours': 0.45, 'fuel_used_percent': 14}","{'time_left_hours': 4.4, 'capacity_left_tons': 5}",0,2026-02-01T02:45:41.993088
"{'fuel_percent': 30, 'time_left_hours': 3.1, 'capacity_left_tons': 7}","{'load_weight_tons': 3, 'additional_time_hours': 1.7, 'profit_inr': 1587}",ACCEPT,19.41,"{'actual_profit_inr': 1385, 'delay_hours': 0.97, 'fuel_used_percent': 8}","{'time_left_hours': 1.4000000000000001, 'capacity_left_tons': 4}",0,2026-02-01T02:45:41.993088
"{'fuel_percent': 20, 'time_left_hours': 3.0, 'capacity_left_tons': 6}","{'load_weight_tons': 4, 'additional_time_hours': 1.5, 'profit_inr': 1534}",REJECT,-3.74,"{'actual_profit_inr': 0, 'delay_hours': 0, 'fuel_used_percent': 0}","{'time_left_hours': 1.5, 'capacity_left_tons': 2}",0,2026-02-01T02:45:41.993088
"{'fuel_percent': 79, 'time_left_hours': 2.2, 'capacity_left_tons': 10}","{'load_weight_tons': 1, 'additional_time_hours': 1.1, 'profit_inr': 1113}",REJECT,-19.53,"{'actual_profit_inr': 0, 'delay_hours': 0, 'fuel_used_percent': 0}","{'time_left_hours': 1.1, 'capacity_left_tons': 9}",0,2026-02-01T02:45:41.993088
"{'fuel_percent': 60, 'time_left_hours': 4.5, 'capacity_left_tons': 3}","{'load_weight_tons': 3, 'additional_time_hours': 0.6, 'profit_inr': 1542}",REJECT,14.94,"{'actual_profit_inr': 0, 'delay_hours': 0, 'fuel_used_percent': 0}","{'time_left_hours': 3.9, 'capacity_left_tons': 0}",0,2026-02-01T02:45:41.993088
"{'fuel_percent': 76, 'time_left_hours': 4.1, 'capacity_left_tons': 6}","{'load_weight_tons': 3, 'additional_time_hours': 1.6, 'profit_inr': 2287}",REJECT,6.19,"{'actual_profit_inr': 0, 'delay_hours': 0, 'fuel_used_percent': 0}","{'time_left_hours': 2.4999999999999996, 'capacity_left_tons': 3}",0,2026-02-01T02:45:41.993088
"{'fuel_percent': 69, 'time_left_hours': 3.3, 'capacity_left_tons': 9}","{'load_weight_tons': 3, 'additional_time_hours': 1.8, 'profit_inr': 1277}",ACCEPT,23.61,"{'actual_profit_inr': 1146, 'delay_hours': 1.32, 'fuel_used_percent': 14}","{'time_left_hours': 1.4999999999999998, 'capacity_left_tons': 6}",0,2026-02-01T02:45:41.993088
"{'fuel_percent': 55, 'time_left_hours': 5.5, 'capacity_left_tons': 4}","{'load_weight_tons': 4, 'additional_time_hours': 1.9, 'profit_inr': 789}",ACCEPT,24.68,"{'actual_profit_inr': 690, 'delay_hours': 1.34, 'fuel_used_percent': 10}","{'time_left_hours': 3.6, 'capacity_left_tons': 0}",1,2026-02-01T02:45:41.993088
"{'fuel_percent': 29, 'time_left_hours': 4.3, 'capacity_left_tons': 6}","{'load_weight_tons': 1, 'additional_time_hours': 1.0, 'profit_inr': 1233}",REJECT,11.42,"{'actual_profit_inr': 0, 'delay_hours': 0, 'fuel_used_percent': 0}","{'time_left_hours': 3.3, 'capacity_left_tons': 5}",0,2026-02-01T02:45:41.993088
"{'fuel_percent': 22, 'time_left_hours': 4.8, 'capacity_left_tons': 5}","{'load_weight_tons': 2, 'additional_time_hours': 1.3, 'profit_inr': 1909}",REJECT,-12.56,"{'actual_profit_inr': 0, 'delay_hours': 0, 'fuel_used_percent': 0}","{'time_left_hours': 3.5, 'capacity_left_tons': 3}",0,2026-02-01T02:45:41.993088
"{'fuel_percent': 44, 'time_left_hours': 5.1, 'capacity_left_tons': 8}","{'load_weight_tons': 3, 'additional_time_hours': 1.8, 'profit_inr': 1394}",REJECT,-14.49,"{'actual_profit_inr': 0, 'delay_hours': 0, 'fuel_used_percent': 0}","{'time_left_hours': 3.3, 'capacity_left_tons': 5}",0,2026-02-01T02:45:41.993088
"{'fuel_percent': 73, 'time_left_hours': 2.8, 'capacity_left_tons': 3}","{'load_weight_tons': 1, 'additional_time_hours': 1.1, 'profit_inr': 1524}",REJECT,17.27,"{'actual_profit_inr': 0, 'delay_hours': 0, 'fuel_used_percent': 0}","{'time_left_hours': 1.6999999999999997, 'capacity_left_tons': 2}",0,2026-02-01T02:45:41.993088
"{'fuel_percent': 38, 'time_left_hours': 3.4, 'capacity_left_tons': 7}","{'load_weight_tons': 1, 'additional_time_hours': 1.9, 'profit_inr': 2054}",ACCEPT,9.7,"{'actual_profit_inr': 2044, 'delay_hours': 0.09, 'fuel_used_percent': 11}","{'time_left_hours': 1.5, 'capacity_left_tons': 6}",0,2026-02-01T02:45:41.993088
"{'fuel_percent': 45, 'time_left_hours': 4.9, 'capacity_left_tons': 9}","{'load_weight_tons': 3, 'additional_time_hours': 1.7, 'profit_inr': 771}",REJECT,11.75,"{'actual_profit_inr': 0, 'delay_hours': 0, 'fuel_used_percent': 0}","{'time_left_hours': 3.2, 'capacity_left_tons': 6}",0,2026-02-01T02:45:41.993088
"{'fuel_percent': 54, 'time_left_hours': 5.7, 'capacity_left_tons': 8}","{'load_weight_tons': 1, 'additional_time_hours': 0.7, 'profit_inr': 2512}",ACCEPT,5.74,"{'actual_profit_inr': 2348, 'delay_hours': 0.38, 'fuel_used_percent': 11}","{'time_left_hours': 5.0, 'capacity_left_tons': 7}",0,2026-02-01T02:45:41.993088
"{'fuel_percent': 59, 'time_left_hours': 2.2, 'capacity_left_tons': 10}","{'load_weight_tons': 1, 'additional_time_hours': 1.6, 'profit_inr': 2918}",REJECT,-2.02,"{'actual_profit_inr': 0, 'delay_hours': 0, 'fuel_used_percent': 0}","{'time_left_hours': 0.6000000000000001, 'capacity_left_tons': 9}",0,2026-02-01T02:45:41.993088
"{'fuel_percent': 58, 'time_left_hours': 4.9, 'capacity_left_tons': 7}","{'load_weight_tons': 2, 'additional_time_hours': 1.3, 'profit_inr': 2045}",ACCEPT,13.02,"{'actual_profit_inr': 1764, 'delay_hours': 1.08, 'fuel_used_percent': 5}","{'time_left_hours': 3.6000000000000005, 'capacity_left_tons': 5}",0,2026-02-01T02:45:41.993088
"{'fuel_percent': 46, 'time_left_hours': 4.9, 'capacity_left_tons': 8}","{'load_weight_tons': 2, 'additional_time_hours': 1.9, 'profit_inr': 2273}",ACCEPT,-19.24,"{'actual_profit_inr': 2175, 'delay_hours': 0.06, 'fuel_used_percent': 15}","{'time_left_hours': 3.0000000000000004, 'capacity_left_tons': 6}",0,2026-02-01T02:45:41.993088
"{'fuel_percent': 46, 'time_left_hours': 4.9, 'capacity_left_tons': 6}","{'load_weight_tons': 1, 'additional_time_hours': 1.7, 'profit_inr': 1166}",REJECT,26.28,"{'actual_profit_inr': 0, 'delay_hours': 0, 'fuel_used_percent': 0}","{'time_left_hours': 3.2, 'capacity_left_tons': 5}",0,2026-02-01T02:45:41.993088
"{'fuel_percent': 46, 'time_left_hours': 2.5, 'capacity_left_tons': 8}","{'load_weight_tons': 3, 'additional_time_hours': 0.8, 'profit_inr': 2277}",ACCEPT,13.05,"{'actual_profit_inr': 2222, 'delay_hours': 1.11, 'fuel_used_percent': 13}","{'time_left_hours': 1.7, 'capacity_left_tons': 5}",0,2026-02-01T02:45:41.993088
"{'fuel_percent': 60, 'time_left_hours': 2.0, 'capacity_left_tons': 2}","{'load_weight_tons': 1, 'additional_time_hours': 1.5, 'profit_inr': 2257}",ACCEPT,10.22,"{'actual_profit_inr': 2152, 'delay_hours': 0.55, 'fuel_used_percent': 6}","{'time_left_hours': 0.5, 'capacity_left_tons': 1}",0,2026-02-01T02:45:41.993088
"{'fuel_percent': 74, 'time_left_hours': 4.4, 'capacity_left_tons': 10}","{'load_weight_tons': 1, 'additional_time_hours': 1.1, 'profit_inr': 794}",REJECT,1.4,"{'actual_profit_inr': 0, 'delay_hours': 0, 'fuel_used_percent': 0}","{'time_left_hours': 3.3000000000000003, 'capacity_left_tons': 9}",0,2026-02-01T02:45:41.993088
"{'fuel_percent': 47, 'time_left_hours': 2.7, 'capacity_left_tons': 8}","{'load_weight_tons': 3, 'additional_time_hours': 1.5, 'profit_inr': 1801}",ACCEPT,1.06,"{'actual_profit_inr': 1768, 'delay_hours': 0.26, 'fuel_used_percent': 6}","{'time_left_hours': 1.2000000000000002, 'capacity_left_tons': 5}",0,2026-02-01T02:45:41.993088
"{'fuel_percent': 65, 'time_left_hours': 4.4, 'capacity_left_tons': 10}","{'load_weight_tons': 2, 'additional_time_hours': 1.0, 'profit_inr': 603}",ACCEPT,27.38,"{'actual_profit_inr': 487, 'delay_hours': 0.46, 'fuel_used_percent': 11}","{'time_left_hours': 3.4000000000000004, 'capacity_left_tons': 8}",0,2026-02-01T02:45:41.993088
"{'fuel_percent': 22, 'time_left_hours': 2.6, 'capacity_left_tons': 6}","{'load_weight_tons': 1, 'additional_time_hours': 1.2, 'profit_inr': 922}",REJECT,-4.26,"{'actual_profit_inr': 0, 'delay_hours': 0, 'fuel_used_percent': 0}","{'time_left_hours': 1.4000000000000001, 'capacity_left_tons': 5}",0,2026-02-01T02:45:41.993088
"{'fuel_percent': 59, 'time_left_hours': 3.7, 'capacity_left_tons': 2}","{'load_weight_tons': 4, 'additional_time_hours': 1.4, 'profit_inr': 1167}",REJECT,13.83,"{'actual_profit_inr': 0, 'delay_hours': 0, 'fuel_used_percent': 0}","{'time_left_hours': 2.3000000000000003, 'capacity_left_tons': -2}",0,2026-02-01T02:45:41.993088
"{'fuel_percent': 56, 'time_left_hours': 3.6, 'capacity_left_tons': 4}","{'load_weight_tons': 1, 'additional_time_hours': 1.2, 'profit_inr': 1115}",ACCEPT,23.03,"{'actual_profit_inr': 1006, 'delay_hours': 0.21, 'fuel_used_percent': 10}","{'time_left_hours': 2.4000000000000004, 'capacity_left_tons': 3}",0,2026-02-01T02:45:41.993088
"{'fuel_percent': 72, 'time_left_hours': 4.5, 'capacity_left_tons': 2}","{'load_weight_tons': 3, 'additional_time_hours': 1.0, 'profit_inr': 2069}",ACCEPT,-8.11,"{'actual_profit_inr': 1840, 'delay_hours': 1.23, 'fuel_used_percent': 12}","{'time_left_hours': 3.5, 'capacity_left_tons': -1}",0,2026-02-01T02:45:41.993088
"{'fuel_percent': 48, 'time_left_hours': 2.2, 'capacity_left_tons': 2}","{'load_weight_tons': 4, 'additional_time_hours': 0.7, 'profit_inr': 1119}",ACCEPT,-6.46,"{'actual_profit_inr': 831, 'delay_hours': 0.06, 'fuel_used_percent': 13}","{'time_left_hours': 1.5000000000000002, 'capacity_left_tons': -2}",0,2026-02-01T02:45:41.993088
"{'fuel_percent': 75, 'time_left_hours': 3.3, 'capacity_left_tons': 2}","{'load_weight_tons': 3, 'additional_time_hours': 0.6, 'profit_inr': 1845}",REJECT,-17.78,"{'actual_profit_inr': 0, 'delay_hours': 0, 'fuel_used_percent': 0}","{'time_left_hours': 2.6999999999999997, 'capacity_left_tons': -1}",0,2026-02-01T02:45:41.993088
"{'fuel_percent': 59, 'time_left_hours': 2.1, 'capacity_left_tons': 7}","{'load_weight_tons': 3, 'additional_time_hours': 1.7, 'profit_inr': 1779}",REJECT,22.42,"{'actual_profit_inr': 0, 'delay_hours': 0, 'fuel_used_percent': 0}","{'time_left_hours': 0.40000000000000013, 'capacity_left_tons': 4}",0,2026-02-01T02:45:41.993088
"{'fuel_percent': 72, 'time_left_hours': 2.8, 'capacity_left_tons': 7}","{'load_weight_tons': 4, 'additional_time_hours': 1.4, 'profit_inr': 1876}",REJECT,28.56,"{'actual_profit_inr': 0, 'delay_hours': 0, 'fuel_used_percent': 0}","{'time_left_hours': 1.4, 'capacity_left_tons': 3}",0,2026-02-01T02:45:41.993088
"{'fuel_percent': 63, 'time_left_hours': 3.7, 'capacity_left_tons': 3}","{'load_weight_tons': 2, 'additional_time_hours': 1.3, 'profit_inr': 2920}",ACCEPT,-18.83,"{'actual_profit_inr': 2742, 'delay_hours': 0.11, 'fuel_used_percent': 14}","{'time_left_hours': 2.4000000000000004, 'capacity_left_tons': 1}",0,2026-02-01T02:45:41.993088
"{'fuel_percent': 42, 'time_left_hours': 3.3, 'capacity_left_tons': 7}","{'load_weight_tons': 4, 'additional_time_hours': 1.7, 'profit_inr': 2939}",ACCEPT,-0.91,"{'actual_profit_inr': 2912, 'delay_hours': 1.43, 'fuel_used_percent': 7}","{'time_left_hours': 1.5999999999999999, 'capacity_left_tons': 3}",0,2026-02-01T02:45:41.993088
"{'fuel_percent': 29, 'time_left_hours': 2.8, 'capacity_left_tons': 3}","{'load_weight_tons': 1, 'additional_time_hours': 0.8, 'profit_inr': 1437}",ACCEPT,-19.49,"{'actual_profit_inr': 1205, 'delay_hours': 0.67, 'fuel_used_percent': 8}","{'time_left_hours': 1.9999999999999998, 'capacity_left_tons': 2}",0,2026-02-01T02:45:41.993088
"{'fuel_percent': 35, 'time_left_hours': 4.6, 'capacity_left_tons': 4}","{'load_weight_tons': 1, 'additional_time_hours': 1.8, 'profit_inr': 814}",REJECT,18.68,"{'actual_profit_inr': 0, 'delay_hours': 0, 'fuel_used_percent': 0}","{'time_left_hours': 2.8, 'capacity_left_tons': 3}",0,2026-02-01T02:45:41.993088
"{'fuel_percent': 54, 'time_left_hours': 3.1, 'capacity_left_tons': 8}","{'load_weight_tons': 4, 'additional_time_hours': 1.6, 'profit_inr': 1345}",ACCEPT,8.67,"{'actual_profit_inr': 1344, 'delay_hours': 0.11, 'fuel_used_percent': 6}","{'time_left_hours': 1.5, 'capacity_left_tons': 4}",0,2026-02-01T02:45:41.993088
"{'fuel_percent': 37, 'time_left_hours': 5.9, 'capacity_left_tons': 6}","{'load_weight_tons': 1, 'additional_time_hours': 0.6, 'profit_inr': 2261}",REJECT,18.24,"{'actual_profit_inr': 0, 'delay_hours': 0, 'fuel_used_percent': 0}","{'time_left_hours': 5.300000000000001, 'capacity_left_tons': 5}",0,2026-02-01T02:45:41.993088
"{'fuel_percent': 48, 'time_left_hours': 4.5, 'capacity_left_tons': 4}","{'load_weight_tons': 1, 'additional_time_hours': 1.9, 'profit_inr': 712}",ACCEPT,27.33,"{'actual_profit_inr': 592, 'delay_hours': 1.21, 'fuel_used_percent': 6}","{'time_left_hours': 2.6, 'capacity_left_tons': 3}",1,2026-02-01T02:45:41.993088
"{'fuel_percent': 56, 'time_left_hours': 5.2, 'capacity_left_tons': 9}","{'load_weight_tons': 4, 'additional_time_hours': 1.3, 'profit_inr': 751}",REJECT,-11.92,"{'actual_profit_inr': 0, 'delay_hours': 0, 'fuel_used_percent': 0}","{'time_left_hours': 3.9000000000000004, 'capacity_left_tons': 5}",0,2026-02-01T02:45:41.993088
"{'fuel_percent': 44, 'time_left_hours': 3.2, 'capacity_left_tons': 6}","{'load_weight_tons': 2, 'additional_time_hours': 1.5, 'profit_inr': 1583}",REJECT,14.93,"{'actual_profit_inr': 0, 'delay_hours': 0, 'fuel_used_percent': 0}","{'time_left_hours': 1.7000000000000002, 'capacity_left_tons': 4}",0,2026-02-01T02:45:41.993088
"{'fuel_percent': 45, 'time_left_hours': 3.1, 'capacity_left_tons': 2}","{'load_weight_tons': 1, 'additional_time_hours': 1.8, 'profit_inr': 1296}",REJECT,5.37,"{'actual_profit_inr': 0, 'delay_hours': 0, 'fuel_used_percent': 0}","{'time_left_hours': 1.3, 'capacity_left_tons': 1}",0,2026-02-01T02:45:41.993088
"{'fuel_percent': 40, 'time_left_hours': 3.9, 'capacity_left_tons': 10}","{'load_weight_tons': 1, 'additional_time_hours': 1.2, 'profit_inr': 671}",ACCEPT,29.68,"{'actual_profit_inr': 439, 'delay_hours': 1.24, 'fuel_used_percent': 14}","{'time_left_hours': 2.7, 'capacity_left_tons': 9}",1,2026-02-01T02:45:41.993088
"{'fuel_percent': 53, 'time_left_hours': 2.5, 'capacity_left_tons': 3}","{'load_weight_tons': 3, 'additional_time_hours': 0.7, 'profit_inr': 2935}",ACCEPT,-0.15,"{'actual_profit_inr': 2744, 'delay_hours': 1.12, 'fuel_used_percent': 12}","{'time_left_hours': 1.8, 'capacity_left_tons': 0}",0,2026-02-01T02:45:41.993088
"{'fuel_percent': 61, 'time_left_hours': 2.6, 'capacity_left_tons': 2}","{'load_weight_tons': 4, 'additional_time_hours': 1.6, 'profit_inr': 1864}",REJECT,20.92,"{'actual_profit_inr': 0, 'delay_hours': 0, 'fuel_used_percent': 0}","{'time_left_hours': 1.0, 'capacity_left_tons': -2}",0,2026-02-01T02:45:41.993088
"{'fuel_percent': 69, 'time_left_hours': 4.2, 'capacity_left_tons': 5}","{'load_weight_tons': 4, 'additional_time_hours': 1.3, 'profit_inr': 610}",REJECT,6.22,"{'actual_profit_inr': 0, 'delay_hours': 0, 'fuel_used_percent': 0}","{'time_left_hours': 2.9000000000000004, 'capacity_left_tons': 1}",0,2026-02-01T02:45:41.993088
"{'fuel_percent': 60, 'time_left_hours': 5.5, 'capacity_left_tons': 3}","{'load_weight_tons': 4, 'additional_time_hours': 1.8, 'profit_inr': 592}",ACCEPT,18.8,"{'actual_profit_inr': 301, 'delay_hours': 0.98, 'fuel_used_percent': 10}","{'time_left_hours': 3.7, 'capacity_left_tons': -1}",0,2026-02-01T02:45:41.993088
"{'fuel_percent': 28, 'time_left_hours': 3.8, 'capacity_left_tons': 9}","{'load_weight_tons': 4, 'additional_time_hours': 1.9, 'profit_inr': 817}",ACCEPT,13.33,"{'actual_profit_inr': 766, 'delay_hours': 0.61, 'fuel_used_percent': 9}","{'time_left_hours': 1.9, 'capacity_left_tons': 5}",0,2026-02-01T02:45:41.994087
"{'fuel_percent': 56, 'time_left_hours': 3.3, 'capacity_left_tons': 6}","{'load_weight_tons': 3, 'additional_time_hours': 1.8, 'profit_inr': 1022}",REJECT,20.11,"{'actual_profit_inr': 0, 'delay_hours': 0, 'fuel_used_percent': 0}","{'time_left_hours': 1.4999999999999998, 'capacity_left_tons': 3}",0,2026-02-01T02:45:41.994087
"{'fuel_percent': 62, 'time_left_hours': 5.3, 'capacity_left_tons': 4}","{'load_weight_tons': 1, 'additional_time_hours': 1.8, 'profit_inr': 2678}",ACCEPT,19.7,"{'actual_profit_inr': 2619, 'delay_hours': 0.45, 'fuel_used_percent': 6}","{'time_left_hours': 3.5, 'capacity_left_tons': 3}",0,2026-02-01T02:45:41.994087
"{'fuel_percent': 45, 'time_left_hours': 4.5, 'capacity_left_tons': 6}","{'load_weight_tons': 3, 'additional_time_hours': 1.9, 'profit_inr': 1973}",REJECT,-3.27,"{'actual_profit_inr': 0, 'delay_hours': 0, 'fuel_used_percent': 0}","{'time_left_hours': 2.6, 'capacity_left_tons': 3}",0,2026-02-01T02:45:41.994087
"{'fuel_percent': 55, 'time_left_hours': 5.8, 'capacity_left_tons': 5}","{'load_weight_tons': 2, 'additional_time_hours': 1.6, 'profit_inr': 1088}",REJECT,9.89,"{'actual_profit_inr': 0, 'delay_hours': 0, 'fuel_used_percent': 0}","{'time_left_hours': 4.199999999999999, 'capacity_left_tons': 3}",0,2026-02-01T02:45:41.994087
"{'fuel_percent': 20, 'time_left_hours': 5.8, 'capacity_left_tons': 9}","{'load_weight_tons': 1, 'additional_time_hours': 1.7, 'profit_inr': 1645}",REJECT,3.63,"{'actual_profit_inr': 0, 'delay_hours': 0, 'fuel_used_percent': 0}","{'time_left_hours': 4.1, 'capacity_left_tons': 8}",0,2026-02-01T02:45:41.994087
"{'fuel_percent': 43, 'time_left_hours': 3.2, 'capacity_left_tons': 2}","{'load_weight_tons': 1, 'additional_time_hours': 1.3, 'profit_inr': 2400}",REJECT,3.49,"{'actual_profit_inr': 0, 'delay_hours': 0, 'fuel_used_percent': 0}","{'time_left_hours': 1.9000000000000001, 'capacity_left_tons': 1}",0,2026-02-01T02:45:41.994087
"{'fuel_percent': 53, 'time_left_hours': 5.6, 'capacity_left_tons': 5}","{'load_weight_tons': 4, 'additional_time_hours': 0.8, 'profit_inr': 1666}",REJECT,-19.53,"{'actual_profit_inr': 0, 'delay_hours': 0, 'fuel_used_percent': 0}","{'time_left_hours': 4.8, 'capacity_left_tons': 1}",0,2026-02-01T02:45:41.994087
"{'fuel_percent': 68, 'time_left_hours': 2.6, 'capacity_left_tons': 7}","{'load_weight_tons': 3, 'additional_time_hours': 1.1, 'profit_inr': 1609}",ACCEPT,21.04,"{'actual_profit_inr': 1499, 'delay_hours': 1.09, 'fuel_used_percent': 6}","{'time_left_hours': 1.5, 'capacity_left_tons': 4}",0,2026-02-01T02:45:41.994087
"{'fuel_percent': 53, 'time_left_hours': 4.2, 'capacity_left_tons': 8}","{'load_weight_tons': 3, 'additional_time_hours': 0.6, 'profit_inr': 2379}",REJECT,15.31,"{'actual_profit_inr': 0, 'delay_hours': 0, 'fuel_used_percent': 0}","{'time_left_hours': 3.6, 'capacity_left_tons': 5}",0,2026-02-01T02:45:41.994087
"{'fuel_percent': 50, 'time_left_hours': 4.7, 'capacity_left_tons': 4}","{'load_weight_tons': 4, 'additional_time_hours': 0.7, 'profit_inr': 2291}",REJECT,-11.03,"{'actual_profit_inr': 0, 'delay_hours': 0, 'fuel_used_percent': 0}","{'time_left_hours': 4.0, 'capacity_left_tons': 0}",0,2026-02-01T02:45:41.994087
"{'fuel_percent': 24, 'time_left_hours': 4.2, 'capacity_left_tons': 3}","{'load_weight_tons': 1, 'additional_time_hours': 1.6, 'profit_inr': 2449}",ACCEPT,23.05,"{'actual_profit_inr': 2246, 'delay_hours': 0.1, 'fuel_used_percent': 13}","{'time_left_hours': 2.6, 'capacity_left_tons': 2}",0,2026-02-01T02:45:41.994087
"{'fuel_percent': 29, 'time_left_hours': 2.2, 'capacity_left_tons': 2}","{'load_weight_tons': 2, 'additional_time_hours': 1.9, 'profit_inr': 2229}",REJECT,22.11,"{'actual_profit_inr': 0, 'delay_hours': 0, 'fuel_used_percent': 0}","{'time_left_hours': 0.30000000000000027, 'capacity_left_tons': 0}",0,2026-02-01T02:45:41.994087
"{'fuel_percent': 46, 'time_left_hours': 4.8, 'capacity_left_tons': 7}","{'load_weight_tons': 2, 'additional_time_hours': 1.9, 'profit_inr': 2712}",ACCEPT,0.38,"{'actual_profit_inr': 2507, 'delay_hours': 0.9, 'fuel_used_percent': 12}","{'time_left_hours': 2.9, 'capacity_left_tons': 5}",0,2026-02-01T02:45:41.994087
"{'fuel_percent': 80, 'time_left_hours': 3.2, 'capacity_left_tons': 10}","{'load_weight_tons': 2, 'additional_time_hours': 1.2, 'profit_inr': 2886}",ACCEPT,25.53,"{'actual_profit_inr': 2691, 'delay_hours': 0.23, 'fuel_used_percent': 13}","{'time_left_hours': 2.0, 'capacity_left_tons': 8}",0,2026-02-01T02:45:41.994087
"{'fuel_percent': 27, 'time_left_hours': 5.2, 'capacity_left_tons': 10}","{'load_weight_tons': 1, 'additional_time_hours': 0.8, 'profit_inr': 879}",REJECT,19.17,"{'actual_profit_inr': 0, 'delay_hours': 0, 'fuel_used_percent': 0}","{'time_left_hours': 4.4, 'capacity_left_tons': 9}",0,2026-02-01T02:45:41.994087
"{'fuel_percent': 80, 'time_left_hours': 5.3, 'capacity_left_tons': 2}","{'load_weight_tons': 2, 'additional_time_hours': 1.5, 'profit_inr': 1253}",REJECT,-5.87,"{'actual_profit_inr': 0, 'delay_hours': 0, 'fuel_used_percent': 0}","{'time_left_hours': 3.8, 'capacity_left_tons': 0}",0,2026-02-01T02:45:41.994087
"{'fuel_percent': 71, 'time_left_hours': 3.3, 'capacity_left_tons': 8}","{'load_weight_tons': 2, 'additional_time_hours': 0.9, 'profit_inr': 784}",REJECT,7.74,"{'actual_profit_inr': 0, 'delay_hours': 0, 'fuel_used_percent': 0}","{'time_left_hours': 2.4, 'capacity_left_tons': 6}",0,2026-02-01T02:45:41.994087
"{'fuel_percent': 75, 'time_left_hours': 3.0, 'capacity_left_tons': 5}","{'load_weight_tons': 1, 'additional_time_hours': 1.9, 'profit_inr': 1879}",ACCEPT,10.07,"{'actual_profit_inr': 1706, 'delay_hours': 1.33, 'fuel_used_percent': 11}","{'time_left_hours': 1.1, 'capacity_left_tons': 4}",0,2026-02-01T02:45:41.994087
"{'fuel_percent': 50, 'time_left_hours': 4.7, 'capacity_left_tons': 9}","{'load_weight_tons': 3, 'additional_time_hours': 0.8, 'profit_inr': 2639}",REJECT,14.38,"{'actual_profit_inr': 0, 'delay_hours': 0, 'fuel_used_percent': 0}","{'time_left_hours': 3.9000000000000004, 'capacity_left_tons': 6}",0,2026-02-01T02:45:41.994087
"{'fuel_percent': 44, 'time_left_hours': 4.9, 'capacity_left_tons': 10}","{'load_weight_tons': 4, 'additional_time_hours': 1.4, 'profit_inr': 1976}",ACCEPT,6.78,"{'actual_profit_inr': 1790, 'delay_hours': 0.6, 'fuel_used_percent': 14}","{'time_left_hours': 3.5000000000000004, 'capacity_left_tons': 6}",0,2026-02-01T02:45:41.994087
"{'fuel_percent': 56, 'time_left_hours': 2.4, 'capacity_left_tons': 3}","{'load_weight_tons': 3, 'additional_time_hours': 1.8, 'profit_inr': 1886}",ACCEPT,7.94,"{'actual_profit_inr': 1830, 'delay_hours': 0.33, 'fuel_used_percent': 9}","{'time_left_hours': 0.5999999999999999, 'capacity_left_tons': 0}",0,2026-02-01T02:45:41.994087
"{'fuel_percent': 72, 'time_left_hours': 3.0, 'capacity_left_tons': 6}","{'load_weight_tons': 1, 'additional_time_hours': 1.5, 'profit_inr': 2796}",ACCEPT,3.3,"{'actual_profit_inr': 2697, 'delay_hours': 0.25, 'fuel_used_percent': 13}","{'time_left_hours': 1.5, 'capacity_left_tons': 5}",0,2026-02-01T02:45:41.994087
"{'fuel_percent': 48, 'time_left_hours': 5.6, 'capacity_left_tons': 4}","{'load_weight_tons': 2, 'additional_time_hours': 0.7, 'profit_inr': 533}",REJECT,3.0,"{'actual_profit_inr': 0, 'delay_hours': 0, 'fuel_used_percent': 0}","{'time_left_hours': 4.8999999999999995, 'capacity_left_tons': 2}",0,2026-02-01T02:45:41.994087
"{'fuel_percent': 49, 'time_left_hours': 2.4, 'capacity_left_tons': 5}","{'load_weight_tons': 2, 'additional_time_hours': 0.8, 'profit_inr': 2850}",REJECT,25.58,"{'actual_profit_inr': 0, 'delay_hours': 0, 'fuel_used_percent': 0}","{'time_left_hours': 1.5999999999999999, 'capacity_left_tons': 3}",0,2026-02-01T02:45:41.994087
"{'fuel_percent': 57, 'time_left_hours': 2.9, 'capacity_left_tons': 3}","{'load_weight_tons': 4, 'additional_time_hours': 1.9, 'profit_inr': 805}",REJECT,-0.84,"{'actual_profit_inr': 0, 'delay_hours': 0, 'fuel_used_percent': 0}","{'time_left_hours': 1.0, 'capacity_left_tons': -1}",0,2026-02-01T02:45:41.994087
"{'fuel_percent': 21, 'time_left_hours': 4.8, 'capacity_left_tons': 9}","{'load_weight_tons': 4, 'additional_time_hours': 1.0, 'profit_inr': 605}",REJECT,25.95,"{'actual_profit_inr': 0, 'delay_hours': 0, 'fuel_used_percent': 0}","{'time_left_hours': 3.8, 'capacity_left_tons': 5}",0,2026-02-01T02:45:41.994087
"{'fuel_percent': 56, 'time_left_hours': 3.3, 'capacity_left_tons': 4}","{'load_weight_tons': 4, 'additional_time_hours': 1.5, 'profit_inr': 2709}",REJECT,24.58,"{'actual_profit_inr': 0, 'delay_hours': 0, 'fuel_used_percent': 0}","{'time_left_hours': 1.7999999999999998, 'capacity_left_tons': 0}",0,2026-02-01T02:45:41.994087
"{'fuel_percent': 24, 'time_left_hours': 4.8, 'capacity_left_tons': 5}","{'load_weight_tons': 2, 'additional_time_hours': 1.1, 'profit_inr': 1687}",ACCEPT,-11.03,"{'actual_profit_inr': 1622, 'delay_hours': 1.16, 'fuel_used_percent': 6}","{'time_left_hours': 3.6999999999999997, 'capacity_left_tons': 3}",0,2026-02-01T02:45:41.994087
"{'fuel_percent': 21, 'time_left_hours': 2.3, 'capacity_left_tons': 8}","{'load_weight_tons': 4, 'additional_time_hours': 1.9, 'profit_inr': 2059}",ACCEPT,-13.91,"{'actual_profit_inr': 1925, 'delay_hours': 0.77, 'fuel_used_percent': 5}","{'time_left_hours': 0.3999999999999999, 'capacity_left_tons': 4}",0,2026-02-01T02:45:41.994087
"{'fuel_percent': 68, 'time_left_hours': 3.2, 'capacity_left_tons': 10}","{'load_weight_tons': 2, 'additional_time_hours': 1.1, 'profit_inr': 867}",REJECT,-9.9,"{'actual_profit_inr': 0, 'delay_hours': 0, 'fuel_used_percent': 0}","{'time_left_hours': 2.1, 'capacity_left_tons': 8}",0,2026-02-01T02:45:41.994087
"{'fuel_percent': 24, 'time_left_hours': 5.5, 'capacity_left_tons': 5}","{'load_weight_tons': 4, 'additional_time_hours': 0.9, 'profit_inr': 1585}",REJECT,-14.73,"{'actual_profit_inr': 0, 'delay_hours': 0, 'fuel_used_percent': 0}","{'time_left_hours': 4.6, 'capacity_left_tons': 1}",0,2026-02-01T02:45:41.994087
"{'fuel_percent': 29, 'time_left_hours': 5.1, 'capacity_left_tons': 8}","{'load_weight_tons': 4, 'additional_time_hours': 0.6, 'profit_inr': 2091}",ACCEPT,-5.93,"{'actual_profit_inr': 1886, 'delay_hours': 0.88, 'fuel_used_percent': 12}","{'time_left_hours': 4.5, 'capacity_left_tons': 4}",0,2026-02-01T02:45:41.994087
"{'fuel_percent': 43, 'time_left_hours': 2.7, 'capacity_left_tons': 4}","{'load_weight_tons': 1, 'additional_time_hours': 1.5, 'profit_inr': 588}",ACCEPT,-4.73,"{'actual_profit_inr': 539, 'delay_hours': 0.72, 'fuel_used_percent': 8}","{'time_left_hours': 1.2000000000000002, 'capacity_left_tons': 3}",0,2026-02-01T02:45:41.994087
"{'fuel_percent': 70, 'time_left_hours': 4.3, 'capacity_left_tons': 3}","{'load_weight_tons': 1, 'additional_time_hours': 1.6, 'profit_inr': 2237}",ACCEPT,5.53,"{'actual_profit_inr': 2055, 'delay_hours': 0.17, 'fuel_used_percent': 8}","{'time_left_hours': 2.6999999999999997, 'capacity_left_tons': 2}",0,2026-02-01T02:45:41.994087
"{'fuel_percent': 51, 'time_left_hours': 5.7, 'capacity_left_tons': 7}","{'load_weight_tons': 4, 'additional_time_hours': 1.9, 'profit_inr': 1417}",ACCEPT,24.06,"{'actual_profit_inr': 1214, 'delay_hours': 0.92, 'fuel_used_percent': 10}","{'time_left_hours': 3.8000000000000003, 'capacity_left_tons': 3}",0,2026-02-01T02:45:41.994087
"{'fuel_percent': 65, 'time_left_hours': 4.9, 'capacity_left_tons': 2}","{'load_weight_tons': 2, 'additional_time_hours': 1.3, 'profit_inr': 1865}",REJECT,1.91,"{'actual_profit_inr': 0, 'delay_hours': 0, 'fuel_used_percent': 0}","{'time_left_hours': 3.6000000000000005, 'capacity_left_tons': 0}",0,2026-02-01T02:45:41.994087
"{'fuel_percent': 39, 'time_left_hours': 5.6, 'capacity_left_tons': 3}","{'load_weight_tons': 2, 'additional_time_hours': 1.8, 'profit_inr': 1513}",REJECT,6.01,"{'actual_profit_inr': 0, 'delay_hours': 0, 'fuel_used_percent': 0}","{'time_left_hours': 3.8, 'capacity_left_tons': 1}",0,2026-02-01T02:45:41.994087
"{'fuel_percent': 67, 'time_left_hours': 6.0, 'capacity_left_tons': 5}","{'load_weight_tons': 2, 'additional_time_hours': 1.0, 'profit_inr': 2439}",ACCEPT,-5.51,"{'actual_profit_inr': 2383, 'delay_hours': 0.67, 'fuel_used_percent': 14}","{'time_left_hours': 5.0, 'capacity_left_tons': 3}",0,2026-02-01T02:45:41.994087
"{'fuel_percent': 37, 'time_left_hours': 4.3, 'capacity_left_tons': 2}","{'load_weight_tons': 3, 'additional_time_hours': 0.5, 'profit_inr': 834}",REJECT,-19.66,"{'actual_profit_inr': 0, 'delay_hours': 0, 'fuel_used_percent': 0}","{'time_left_hours': 3.8, 'capacity_left_tons': -1}",0,2026-02-01T02:45:41.994087
"{'fuel_percent': 59, 'time_left_hours': 2.3, 'capacity_left_tons': 4}","{'load_weight_tons': 4, 'additional_time_hours': 1.1, 'profit_inr': 2042}",ACCEPT,-0.02,"{'actual_profit_inr': 1827, 'delay_hours': 0.01, 'fuel_used_percent': 13}","{'time_left_hours': 1.1999999999999997, 'capacity_left_tons': 0}",0,2026-02-01T02:45:41.994087
"{'fuel_percent': 59, 'time_left_hours': 4.7, 'capacity_left_tons': 10}","{'load_weight_tons': 3, 'additional_time_hours': 1.6, 'profit_inr': 2507}",REJECT,5.29,"{'actual_profit_inr': 0, 'delay_hours': 0, 'fuel_used_percent': 0}","{'time_left_hours': 3.1, 'capacity_left_tons': 7}",0,2026-02-01T02:45:41.994087
"{'fuel_percent': 71, 'time_left_hours': 2.7, 'capacity_left_tons': 9}","{'load_weight_tons': 1, 'additional_time_hours': 0.9, 'profit_inr': 2702}",REJECT,12.36,"{'actual_profit_inr': 0, 'delay_hours': 0, 'fuel_used_percent': 0}","{'time_left_hours': 1.8000000000000003, 'capacity_left_tons': 8}",0,2026-02-01T02:45:41.994087
"{'fuel_percent': 80, 'time_left_hours': 2.8, 'capacity_left_tons': 5}","{'load_weight_tons': 1, 'additional_time_hours': 1.0, 'profit_inr': 1080}",REJECT,-18.77,"{'actual_profit_inr': 0, 'delay_hours': 0, 'fuel_used_percent': 0}","{'time_left_hours': 1.7999999999999998, 'capacity_left_tons': 4}",0,2026-02-01T02:45:41.994087
"{'fuel_percent': 56, 'time_left_hours': 2.9, 'capacity_left_tons': 4}","{'load_weight_tons': 1, 'additional_time_hours': 1.2, 'profit_inr': 1889}",ACCEPT,-12.36,"{'actual_profit_inr': 1626, 'delay_hours': 0.38, 'fuel_used_percent': 11}","{'time_left_hours': 1.7, 'capacity_left_tons': 3}",0,2026-02-01T02:45:41.994087
"{'fuel_percent': 32, 'time_left_hours': 2.0, 'capacity_left_tons': 3}","{'load_weight_tons': 4, 'additional_time_hours': 1.9, 'profit_inr': 2946}",REJECT,0.07,"{'actual_profit_inr': 0, 'delay_hours': 0, 'fuel_used_percent': 0}","{'time_left_hours': 0.10000000000000009, 'capacity_left_tons': -1}",0,2026-02-01T02:45:41.994087
"{'fuel_percent': 69, 'time_left_hours': 4.3, 'capacity_left_tons': 5}","{'load_weight_tons': 2, 'additional_time_hours': 1.8, 'profit_inr': 1699}",ACCEPT,10.49,"{'actual_profit_inr': 1684, 'delay_hours': 1.47, 'fuel_used_percent': 9}","{'time_left_hours': 2.5, 'capacity_left_tons': 3}",0,2026-02-01T02:45:41.994087
"{'fuel_percent': 77, 'time_left_hours': 4.1, 'capacity_left_tons': 4}","{'load_weight_tons': 4, 'additional_time_hours': 1.3, 'profit_inr': 2778}",ACCEPT,-0.29,"{'actual_profit_inr': 2542, 'delay_hours': 0.62, 'fuel_used_percent': 12}","{'time_left_hours': 2.8, 'capacity_left_tons': 0}",0,2026-02-01T02:45:41.994087
"{'fuel_percent': 75, 'time_left_hours': 3.6, 'capacity_left_tons': 8}","{'load_weight_tons': 1, 'additional_time_hours': 1.0, 'profit_inr': 2121}",ACCEPT,10.08,"{'actual_profit_inr': 1989, 'delay_hours': 1.08, 'fuel_used_percent': 15}","{'time_left_hours': 2.6, 'capacity_left_tons': 7}",0,2026-02-01T02:45:41.994087
"{'fuel_percent': 67, 'time_left_hours': 2.1, 'capacity_left_tons': 6}","{'load_weight_tons': 4, 'additional_time_hours': 0.6, 'profit_inr': 2452}",ACCEPT,-7.02,"{'actual_profit_inr': 2328, 'delay_hours': 0.86, 'fuel_used_percent': 5}","{'time_left_hours': 1.5, 'capacity_left_tons': 2}",0,2026-02-01T02:45:41.994087
"{'fuel_percent': 63, 'time_left_hours': 5.7, 'capacity_left_tons': 5}","{'load_weight_tons': 3, 'additional_time_hours': 1.6, 'profit_inr': 680}",ACCEPT,6.71,"{'actual_profit_inr': 450, 'delay_hours': 0.84, 'fuel_used_percent': 11}","{'time_left_hours': 4.1, 'capacity_left_tons': 2}",0,2026-02-01T02:45:41.994087
"{'fuel_percent': 30, 'time_left_hours': 4.7, 'capacity_left_tons': 10}","{'load_weight_tons': 4, 'additional_time_hours': 1.8, 'profit_inr': 2586}",REJECT,-8.71,"{'actual_profit_inr': 0, 'delay_hours': 0, 'fuel_used_percent': 0}","{'time_left_hours': 2.9000000000000004, 'capacity_left_tons': 6}",0,2026-02-01T02:45:41.994087
"{'fuel_percent': 70, 'time_left_hours': 2.8, 'capacity_left_tons': 10}","{'load_weight_tons': 2, 'additional_time_hours': 1.9, 'profit_inr': 1169}",ACCEPT,26.13,"{'actual_profit_inr': 1078, 'delay_hours': 0.93, 'fuel_used_percent': 9}","{'time_left_hours': 0.8999999999999999, 'capacity_left_tons': 8}",0,2026-02-01T02:45:41.994087
"{'fuel_percent': 43, 'time_left_hours': 3.5, 'capacity_left_tons': 3}","{'load_weight_tons': 3, 'additional_time_hours': 1.9, 'profit_inr': 562}",REJECT,19.5,"{'actual_profit_inr': 0, 'delay_hours': 0, 'fuel_used_percent': 0}","{'time_left_hours': 1.6, 'capacity_left_tons': 0}",0,2026-02-01T02:45:41.994087
"{'fuel_percent': 30, 'time_left_hours': 4.1, 'capacity_left_tons': 3}","{'load_weight_tons': 3, 'additional_time_hours': 1.8, 'profit_inr': 1198}",REJECT,15.19,"{'actual_profit_inr': 0, 'delay_hours': 0, 'fuel_used_percent': 0}","{'time_left_hours': 2.3, 'capacity_left_tons': 0}",0,2026-02-01T02:45:41.994087
"{'fuel_percent': 39, 'time_left_hours': 3.7, 'capacity_left_tons': 4}","{'load_weight_tons': 3, 'additional_time_hours': 0.6, 'profit_inr': 1588}",ACCEPT,-8.43,"{'actual_profit_inr': 1511, 'delay_hours': 0.84, 'fuel_used_percent': 6}","{'time_left_hours': 3.1, 'capacity_left_tons': 1}",0,2026-02-01T02:45:41.994087
"{'fuel_percent': 42, 'time_left_hours': 4.1, 'capacity_left_tons': 2}","{'load_weight_tons': 4, 'additional_time_hours': 1.2, 'profit_inr': 2952}",REJECT,10.56,"{'actual_profit_inr': 0, 'delay_hours': 0, 'fuel_used_percent': 0}","{'time_left_hours': 2.8999999999999995, 'capacity_left_tons': -2}",0,2026-02-01T02:45:41.994087
"{'fuel_percent': 54, 'time_left_hours': 3.8, 'capacity_left_tons': 10}","{'load_weight_tons': 3, 'additional_time_hours': 1.7, 'profit_inr': 2979}",REJECT,16.81,"{'actual_profit_inr': 0, 'delay_hours': 0, 'fuel_used_percent': 0}","{'time_left_hours': 2.0999999999999996, 'capacity_left_tons': 7}",0,2026-02-01T02:45:41.994087
"{'fuel_percent': 62, 'time_left_hours': 2.8, 'capacity_left_tons': 10}","{'load_weight_tons': 1, 'additional_time_hours': 1.5, 'profit_inr': 2693}",ACCEPT,17.04,"{'actual_profit_inr': 2506, 'delay_hours': 0.45, 'fuel_used_percent': 13}","{'time_left_hours': 1.2999999999999998, 'capacity_left_tons': 9}",0,2026-02-01T02:45:41.994087
"{'fuel_percent': 30, 'time_left_hours': 4.7, 'capacity_left_tons': 6}","{'load_weight_tons': 4, 'additional_time_hours': 1.1, 'profit_inr': 1378}",ACCEPT,-18.72,"{'actual_profit_inr': 1256, 'delay_hours': 1.26, 'fuel_used_percent': 7}","{'time_left_hours': 3.6, 'capacity_left_tons': 2}",0,2026-02-01T02:45:41.994087
"{'fuel_percent': 41, 'time_left_hours': 2.8, 'capacity_left_tons': 6}","{'load_weight_tons': 1, 'additional_time_hours': 1.8, 'profit_inr': 1391}",REJECT,11.34,"{'actual_profit_inr': 0, 'delay_hours': 0, 'fuel_used_percent': 0}","{'time_left_hours': 0.9999999999999998, 'capacity_left_tons': 5}",0,2026-02-01T02:45:41.994087
"{'fuel_percent': 50, 'time_left_hours': 3.1, 'capacity_left_tons': 2}","{'load_weight_tons': 3, 'additional_time_hours': 1.5, 'profit_inr': 2288}",ACCEPT,-7.2,"{'actual_profit_inr': 2156, 'delay_hours': 0.58, 'fuel_used_percent': 15}","{'time_left_hours': 1.6, 'capacity_left_tons': -1}",0,2026-02-01T02:45:41.994087
"{'fuel_percent': 21, 'time_left_hours': 6.0, 'capacity_left_tons': 10}","{'load_weight_tons': 1, 'additional_time_hours': 1.3, 'profit_inr': 728}",ACCEPT,11.46,"{'actual_profit_inr': 639, 'delay_hours': 0.91, 'fuel_used_percent': 6}","{'time_left_hours': 4.7, 'capacity_left_tons': 9}",0,2026-02-01T02:45:41.994087
"{'fuel_percent': 35, 'time_left_hours': 5.7, 'capacity_left_tons': 8}","{'load_weight_tons': 2, 'additional_time_hours': 1.1, 'profit_inr': 2445}",ACCEPT,-11.24,"{'actual_profit_inr': 2253, 'delay_hours': 1.21, 'fuel_used_percent': 5}","{'time_left_hours': 4.6, 'capacity_left_tons': 6}",0,2026-02-01T02:45:41.994087
"{'fuel_percent': 79, 'time_left_hours': 6.0, 'capacity_left_tons': 6}","{'load_weight_tons': 3, 'additional_time_hours': 1.3, 'profit_inr': 1709}",ACCEPT,15.09,"{'actual_profit_inr': 1696, 'delay_hours': 1.48, 'fuel_used_percent': 14}","{'time_left_hours': 4.7, 'capacity_left_tons': 3}",0,2026-02-01T02:45:41.994087
"{'fuel_percent': 48, 'time_left_hours': 4.3, 'capacity_left_tons': 3}","{'load_weight_tons': 1, 'additional_time_hours': 1.5, 'profit_inr': 2887}",REJECT,5.55,"{'actual_profit_inr': 0, 'delay_hours': 0, 'fuel_used_percent': 0}","{'time_left_hours': 2.8, 'capacity_left_tons': 2}",0,2026-02-01T02:45:41.994087
"{'fuel_percent': 49, 'time_left_hours': 3.4, 'capacity_left_tons': 10}","{'load_weight_tons': 3, 'additional_time_hours': 0.8, 'profit_inr': 2801}",REJECT,7.95,"{'actual_profit_inr': 0, 'delay_hours': 0, 'fuel_used_percent': 0}","{'time_left_hours': 2.5999999999999996, 'capacity_left_tons': 7}",0,2026-02-01T02:45:41.994087
"{'fuel_percent': 71, 'time_left_hours': 5.2, 'capacity_left_tons': 7}","{'load_weight_tons': 3, 'additional_time_hours': 1.4, 'profit_inr': 970}",REJECT,20.37,"{'actual_profit_inr': 0, 'delay_hours': 0, 'fuel_used_percent': 0}","{'time_left_hours': 3.8000000000000003, 'capacity_left_tons': 4}",0,2026-02-01T02:45:41.994087
"{'fuel_percent': 24, 'time_left_hours': 5.4, 'capacity_left_tons': 2}","{'load_weight_tons': 3, 'additional_time_hours': 0.5, 'profit_inr': 1087}",REJECT,-5.23,"{'actual_profit_inr': 0, 'delay_hours': 0, 'fuel_used_percent': 0}","{'time_left_hours': 4.9, 'capacity_left_tons': -1}",0,2026-02-01T02:45:41.995085
"{'fuel_percent': 56, 'time_left_hours': 3.1, 'capacity_left_tons': 10}","{'load_weight_tons': 2, 'additional_time_hours': 0.8, 'profit_inr': 1808}",ACCEPT,26.29,"{'actual_profit_inr': 1567, 'delay_hours': 1.25, 'fuel_used_percent': 10}","{'time_left_hours': 2.3, 'capacity_left_tons': 8}",0,2026-02-01T02:45:41.995085
"{'fuel_percent': 29, 'time_left_hours': 2.8, 'capacity_left_tons': 5}","{'load_weight_tons': 2, 'additional_time_hours': 1.0, 'profit_inr': 724}",REJECT,-6.45,"{'actual_profit_inr': 0, 'delay_hours': 0, 'fuel_used_percent': 0}","{'time_left_hours': 1.7999999999999998, 'capacity_left_tons': 3}",0,2026-02-01T02:45:41.995085
"{'fuel_percent': 47, 'time_left_hours': 5.1, 'capacity_left_tons': 6}","{'load_weight_tons': 1, 'additional_time_hours': 0.6, 'profit_inr': 617}",REJECT,26.62,"{'actual_profit_inr': 0, 'delay_hours': 0, 'fuel_used_percent': 0}","{'time_left_hours': 4.5, 'capacity_left_tons': 5}",0,2026-02-01T02:45:41.995085
"{'fuel_percent': 78, 'time_left_hours': 3.4, 'capacity_left_tons': 5}","{'load_weight_tons': 2, 'additional_time_hours': 1.7, 'profit_inr': 2585}",ACCEPT,28.13,"{'actual_profit_inr': 2288, 'delay_hours': 0.31, 'fuel_used_percent': 12}","{'time_left_hours': 1.7, 'capacity_left_tons': 3}",0,2026-02-01T02:45:41.995085
"{'fuel_percent': 43, 'time_left_hours': 4.5, 'capacity_left_tons': 7}","{'load_weight_tons': 3, 'additional_time_hours': 1.0, 'profit_inr': 1293}",ACCEPT,26.53,"{'actual_profit_inr': 1009, 'delay_hours': 0.48, 'fuel_used_percent': 13}","{'time_left_hours': 3.5, 'capacity_left_tons': 4}",0,2026-02-01T02:45:41.995085
"{'fuel_percent': 73, 'time_left_hours': 4.8, 'capacity_left_tons': 4}","{'load_weight_tons': 4, 'additional_time_hours': 1.6, 'profit_inr': 1771}",REJECT,0.67,"{'actual_profit_inr': 0, 'delay_hours': 0, 'fuel_used_percent': 0}","{'time_left_hours': 3.1999999999999997, 'capacity_left_tons': 0}",0,2026-02-01T02:45:41.995085
"{'fuel_percent': 49, 'time_left_hours': 4.4, 'capacity_left_tons': 3}","{'load_weight_tons': 2, 'additional_time_hours': 1.7, 'profit_inr': 2942}",REJECT,9.18,"{'actual_profit_inr': 0, 'delay_hours': 0, 'fuel_used_percent': 0}","{'time_left_hours': 2.7, 'capacity_left_tons': 1}",0,2026-02-01T02:45:41.995085
"{'fuel_percent': 26, 'time_left_hours': 4.8, 'capacity_left_tons': 3}","{'load_weight_tons': 3, 'additional_time_hours': 0.9, 'profit_inr': 2353}",REJECT,7.85,"{'actual_profit_inr': 0, 'delay_hours': 0, 'fuel_used_percent': 0}","{'time_left_hours': 3.9, 'capacity_left_tons': 0}",0,2026-02-01T02:45:41.995085
"{'fuel_percent': 41, 'time_left_hours': 4.3, 'capacity_left_tons': 2}","{'load_weight_tons': 4, 'additional_time_hours': 1.9, 'profit_inr': 545}",REJECT,-1.7,"{'actual_profit_inr': 0, 'delay_hours': 0, 'fuel_used_percent': 0}","{'time_left_hours': 2.4, 'capacity_left_tons': -2}",0,2026-02-01T02:45:41.995085
"{'fuel_percent': 33, 'time_left_hours': 3.4, 'capacity_left_tons': 9}","{'load_weight_tons': 2, 'additional_time_hours': 0.5, 'profit_inr': 2738}",ACCEPT,-15.92,"{'actual_profit_inr': 2696, 'delay_hours': 0.91, 'fuel_used_percent': 6}","{'time_left_hours': 2.9, 'capacity_left_tons': 7}",0,2026-02-01T02:45:41.995085
"{'fuel_percent': 46, 'time_left_hours': 2.1, 'capacity_left_tons': 7}","{'load_weight_tons': 4, 'additional_time_hours': 1.3, 'profit_inr': 2885}",REJECT,-14.72,"{'actual_profit_inr': 0, 'delay_hours': 0, 'fuel_used_percent': 0}","{'time_left_hours': 0.8, 'capacity_left_tons': 3}",0,2026-02-01T02:45:41.995085
"{'fuel_percent': 34, 'time_left_hours': 5.9, 'capacity_left_tons': 9}","{'load_weight_tons': 4, 'additional_time_hours': 0.5, 'profit_inr': 1628}",REJECT,16.44,"{'actual_profit_inr': 0, 'delay_hours': 0, 'fuel_used_percent': 0}","{'time_left_hours': 5.4, 'capacity_left_tons': 5}",0,2026-02-01T02:45:41.995085
"{'fuel_percent': 79, 'time_left_hours': 3.9, 'capacity_left_tons': 9}","{'load_weight_tons': 3, 'additional_time_hours': 1.3, 'profit_inr': 1218}",REJECT,6.91,"{'actual_profit_inr': 0, 'delay_hours': 0, 'fuel_used_percent': 0}","{'time_left_hours': 2.5999999999999996, 'capacity_left_tons': 6}",0,2026-02-01T02:45:41.995085
"{'fuel_percent': 41, 'time_left_hours': 6.0, 'capacity_left_tons': 6}","{'load_weight_tons': 3, 'additional_time_hours': 1.1, 'profit_inr': 549}",ACCEPT,21.48,"{'actual_profit_inr': 545, 'delay_hours': 0.54, 'fuel_used_percent': 9}","{'time_left_hours': 4.9, 'capacity_left_tons': 3}",0,2026-02-01T02:45:41.995085
"{'fuel_percent': 60, 'time_left_hours': 2.2, 'capacity_left_tons': 8}","{'load_weight_tons': 1, 'additional_time_hours': 0.6, 'profit_inr': 2701}",REJECT,16.36,"{'actual_profit_inr': 0, 'delay_hours': 0, 'fuel_used_percent': 0}","{'time_left_hours': 1.6, 'capacity_left_tons': 7}",0,2026-02-01T02:45:41.995085
"{'fuel_percent': 25, 'time_left_hours': 5.1, 'capacity_left_tons': 8}","{'load_weight_tons': 3, 'additional_time_hours': 0.7, 'profit_inr': 1653}",REJECT,1.26,"{'actual_profit_inr': 0, 'delay_hours': 0, 'fuel_used_percent': 0}","{'time_left_hours': 4.3999999999999995, 'capacity_left_tons': 5}",0,2026-02-01T02:45:41.995085
"{'fuel_percent': 59, 'time_left_hours': 5.4, 'capacity_left_tons': 10}","{'load_weight_tons': 3, 'additional_time_hours': 1.8, 'profit_inr': 2055}",REJECT,-8.71,"{'actual_profit_inr': 0, 'delay_hours': 0, 'fuel_used_percent': 0}","{'time_left_hours': 3.6000000000000005, 'capacity_left_tons': 7}",0,2026-02-01T02:45:41.995085
"{'fuel_percent': 78, 'time_left_hours': 5.1, 'capacity_left_tons': 5}","{'load_weight_tons': 4, 'additional_time_hours': 1.7, 'profit_inr': 809}",REJECT,16.41,"{'actual_profit_inr': 0, 'delay_hours': 0, 'fuel_used_percent': 0}","{'time_left_hours': 3.3999999999999995, 'capacity_left_tons': 1}",0,2026-02-01T02:45:41.995085
"{'fuel_percent': 37, 'time_left_hours': 5.9, 'capacity_left_tons': 4}","{'load_weight_tons': 2, 'additional_time_hours': 1.0, 'profit_inr': 1678}",ACCEPT,19.24,"{'actual_profit_inr': 1636, 'delay_hours': 0.92, 'fuel_used_percent': 6}","{'time_left_hours': 4.9, 'capacity_left_tons': 2}",0,2026-02-01T02:45:41.995085
"{'fuel_percent': 37, 'time_left_hours': 4.7, 'capacity_left_tons': 10}","{'load_weight_tons': 2, 'additional_time_hours': 0.6, 'profit_inr': 2535}",ACCEPT,2.44,"{'actual_profit_inr': 2433, 'delay_hours': 1.35, 'fuel_used_percent': 6}","{'time_left_hours': 4.1000000000000005, 'capacity_left_tons': 8}",0,2026-02-01T02:45:41.995085
"{'fuel_percent': 57, 'time_left_hours': 4.6, 'capacity_left_tons': 3}","{'load_weight_tons': 1, 'additional_time_hours': 0.8, 'profit_inr': 1465}",ACCEPT,23.54,"{'actual_profit_inr': 1212, 'delay_hours': 0.88, 'fuel_used_percent': 13}","{'time_left_hours': 3.8, 'capacity_left_tons': 2}",0,2026-02-01T02:45:41.995085
"{'fuel_percent': 79, 'time_left_hours': 4.5, 'capacity_left_tons': 5}","{'load_weight_tons': 2, 'additional_time_hours': 1.7, 'profit_inr': 2033}",ACCEPT,19.94,"{'actual_profit_inr': 1931, 'delay_hours': 0.88, 'fuel_used_percent': 5}","{'time_left_hours': 2.8, 'capacity_left_tons': 3}",0,2026-02-01T02:45:41.995085
"{'fuel_percent': 63, 'time_left_hours': 3.4, 'capacity_left_tons': 9}","{'load_weight_tons': 3, 'additional_time_hours': 1.2, 'profit_inr': 2376}",ACCEPT,-19.96,"{'actual_profit_inr': 2167, 'delay_hours': 0.64, 'fuel_used_percent': 12}","{'time_left_hours': 2.2, 'capacity_left_tons': 6}",0,2026-02-01T02:45:41.995085
"{'fuel_percent': 45, 'time_left_hours': 2.7, 'capacity_left_tons': 6}","{'load_weight_tons': 2, 'additional_time_hours': 0.8, 'profit_inr': 2413}",ACCEPT,27.39,"{'actual_profit_inr': 2242, 'delay_hours': 1.34, 'fuel_used_percent': 14}","{'time_left_hours': 1.9000000000000001, 'capacity_left_tons': 4}",0,2026-02-01T02:45:41.995085
"{'fuel_percent': 22, 'time_left_hours': 4.2, 'capacity_left_tons': 8}","{'load_weight_tons': 4, 'additional_time_hours': 0.8, 'profit_inr': 674}",REJECT,-17.7,"{'actual_profit_inr': 0, 'delay_hours': 0, 'fuel_used_percent': 0}","{'time_left_hours': 3.4000000000000004, 'capacity_left_tons': 4}",0,2026-02-01T02:45:41.995085
"{'fuel_percent': 49, 'time_left_hours': 4.6, 'capacity_left_tons': 2}","{'load_weight_tons': 1, 'additional_time_hours': 0.6, 'profit_inr': 1461}",ACCEPT,-12.78,"{'actual_profit_inr': 1422, 'delay_hours': 0.57, 'fuel_used_percent': 13}","{'time_left_hours': 3.9999999999999996, 'capacity_left_tons': 1}",0,2026-02-01T02:45:41.995085
"{'fuel_percent': 31, 'time_left_hours': 4.5, 'capacity_left_tons': 8}","{'load_weight_tons': 2, 'additional_time_hours': 1.3, 'profit_inr': 2870}",ACCEPT,18.11,"{'actual_profit_inr': 2829, 'delay_hours': 0.08, 'fuel_used_percent': 6}","{'time_left_hours': 3.2, 'capacity_left_tons': 6}",0,2026-02-01T02:45:41.995085
"{'fuel_percent': 38, 'time_left_hours': 3.4, 'capacity_left_tons': 8}","{'load_weight_tons': 4, 'additional_time_hours': 1.5, 'profit_inr': 2655}",ACCEPT,-19.97,"{'actual_profit_inr': 2621, 'delay_hours': 0.32, 'fuel_used_percent': 10}","{'time_left_hours': 1.9, 'capacity_left_tons': 4}",0,2026-02-01T02:45:41.995085
"{'fuel_percent': 48, 'time_left_hours': 3.6, 'capacity_left_tons': 8}","{'load_weight_tons': 2, 'additional_time_hours': 1.8, 'profit_inr': 2250}",ACCEPT,-0.97,"{'actual_profit_inr': 2018, 'delay_hours': 0.83, 'fuel_used_percent': 13}","{'time_left_hours': 1.8, 'capacity_left_tons': 6}",0,2026-02-01T02:45:41.995085
"{'fuel_percent': 47, 'time_left_hours': 2.5, 'capacity_left_tons': 6}","{'load_weight_tons': 1, 'additional_time_hours': 1.8, 'profit_inr': 1768}",REJECT,13.2,"{'actual_profit_inr': 0, 'delay_hours': 0, 'fuel_used_percent': 0}","{'time_left_hours': 0.7, 'capacity_left_tons': 5}",0,2026-02-01T02:45:41.995085
"{'fuel_percent': 47, 'time_left_hours': 5.9, 'capacity_left_tons': 3}","{'load_weight_tons': 3, 'additional_time_hours': 0.6, 'profit_inr': 573}",REJECT,-1.91,"{'actual_profit_inr': 0, 'delay_hours': 0, 'fuel_used_percent': 0}","{'time_left_hours': 5.300000000000001, 'capacity_left_tons': 0}",0,2026-02-01T02:45:41.995085
"{'fuel_percent': 61, 'time_left_hours': 5.7, 'capacity_left_tons': 10}","{'load_weight_tons': 3, 'additional_time_hours': 1.4, 'profit_inr': 2170}",REJECT,-7.63,"{'actual_profit_inr': 0, 'delay_hours': 0, 'fuel_used_percent': 0}","{'time_left_hours': 4.300000000000001, 'capacity_left_tons': 7}",0,2026-02-01T02:45:41.995085
"{'fuel_percent': 72, 'time_left_hours': 2.5, 'capacity_left_tons': 4}","{'load_weight_tons': 3, 'additional_time_hours': 1.5, 'profit_inr': 2439}",ACCEPT,26.09,"{'actual_profit_inr': 2338, 'delay_hours': 1.27, 'fuel_used_percent': 14}","{'time_left_hours': 1.0, 'capacity_left_tons': 1}",0,2026-02-01T02:45:41.995085
"{'fuel_percent': 37, 'time_left_hours': 3.2, 'capacity_left_tons': 7}","{'load_weight_tons': 1, 'additional_time_hours': 0.8, 'profit_inr': 2515}",REJECT,10.34,"{'actual_profit_inr': 0, 'delay_hours': 0, 'fuel_used_percent': 0}","{'time_left_hours': 2.4000000000000004, 'capacity_left_tons': 6}",0,2026-02-01T02:45:41.996088
"{'fuel_percent': 58, 'time_left_hours': 2.4, 'capacity_left_tons': 10}","{'load_weight_tons': 2, 'additional_time_hours': 1.2, 'profit_inr': 1253}",REJECT,6.6,"{'actual_profit_inr': 0, 'delay_hours': 0, 'fuel_used_percent': 0}","{'time_left_hours': 1.2, 'capacity_left_tons': 8}",0,2026-02-01T02:45:41.996088
"{'fuel_percent': 26, 'time_left_hours': 5.1, 'capacity_left_tons': 8}","{'load_weight_tons': 1, 'additional_time_hours': 0.6, 'profit_inr': 2919}",ACCEPT,3.82,"{'actual_profit_inr': 2790, 'delay_hours': 0.52, 'fuel_used_percent': 8}","{'time_left_hours': 4.5, 'capacity_left_tons': 7}",0,2026-02-01T02:45:41.996088
"{'fuel_percent': 57, 'time_left_hours': 2.6, 'capacity_left_tons': 3}","{'load_weight_tons': 1, 'additional_time_hours': 0.5, 'profit_inr': 1224}",ACCEPT,27.68,"{'actual_profit_inr': 1045, 'delay_hours': 0.76, 'fuel_used_percent': 11}","{'time_left_hours': 2.1, 'capacity_left_tons': 2}",0,2026-02-01T02:45:41.996088
"{'fuel_percent': 40, 'time_left_hours': 3.2, 'capacity_left_tons': 5}","{'load_weight_tons': 3, 'additional_time_hours': 1.0, 'profit_inr': 2464}",ACCEPT,15.5,"{'actual_profit_inr': 2291, 'delay_hours': 1.5, 'fuel_used_percent': 8}","{'time_left_hours': 2.2, 'capacity_left_tons': 2}",0,2026-02-01T02:45:41.996088
"{'fuel_percent': 79, 'time_left_hours': 3.1, 'capacity_left_tons': 10}","{'load_weight_tons': 3, 'additional_time_hours': 0.8, 'profit_inr': 2442}",ACCEPT,17.1,"{'actual_profit_inr': 2277, 'delay_hours': 1.29, 'fuel_used_percent': 10}","{'time_left_hours': 2.3, 'capacity_left_tons': 7}",0,2026-02-01T02:45:41.996088
"{'fuel_percent': 66, 'time_left_hours': 2.6, 'capacity_left_tons': 6}","{'load_weight_tons': 3, 'additional_time_hours': 0.6, 'profit_inr': 2687}",REJECT,27.25,"{'actual_profit_inr': 0, 'delay_hours': 0, 'fuel_used_percent': 0}","{'time_left_hours': 2.0, 'capacity_left_tons': 3}",0,2026-02-01T02:45:41.996088
"{'fuel_percent': 50, 'time_left_hours': 4.8, 'capacity_left_tons': 6}","{'load_weight_tons': 1, 'additional_time_hours': 1.6, 'profit_inr': 2452}",ACCEPT,-8.23,"{'actual_profit_inr': 2355, 'delay_hours': 0.62, 'fuel_used_percent': 13}","{'time_left_hours': 3.1999999999999997, 'capacity_left_tons': 5}",0,2026-02-01T02:45:41.996088
"{'fuel_percent': 80, 'time_left_hours': 5.0, 'capacity_left_tons': 5}","{'load_weight_tons': 2, 'additional_time_hours': 2.0, 'profit_inr': 2233}",ACCEPT,3.78,"{'actual_profit_inr': 2000, 'delay_hours': 0.57, 'fuel_used_percent': 9}","{'time_left_hours': 3.0, 'capacity_left_tons': 3}",0,2026-02-01T02:45:41.996088
"{'fuel_percent': 39, 'time_left_hours': 4.0, 'capacity_left_tons': 3}","{'load_weight_tons': 3, 'additional_time_hours': 1.6, 'profit_inr': 1087}",ACCEPT,24.33,"{'actual_profit_inr': 975, 'delay_hours': 0.84, 'fuel_used_percent': 13}","{'time_left_hours': 2.4, 'capacity_left_tons': 0}",0,2026-02-01T02:45:41.996088
"{'fuel_percent': 25, 'time_left_hours': 5.7, 'capacity_left_tons': 5}","{'load_weight_tons': 3, 'additional_time_hours': 1.9, 'profit_inr': 1758}",ACCEPT,1.75,"{'actual_profit_inr': 1582, 'delay_hours': 0.68, 'fuel_used_percent': 8}","{'time_left_hours': 3.8000000000000003, 'capacity_left_tons': 2}",0,2026-02-01T02:45:41.996088
"{'fuel_percent': 46, 'time_left_hours': 3.6, 'capacity_left_tons': 8}","{'load_weight_tons': 4, 'additional_time_hours': 1.8, 'profit_inr': 2104}",REJECT,22.65,"{'actual_profit_inr': 0, 'delay_hours': 0, 'fuel_used_percent': 0}","{'time_left_hours': 1.8, 'capacity_left_tons': 4}",0,2026-02-01T02:45:41.996088
"{'fuel_percent': 40, 'time_left_hours': 3.1, 'capacity_left_tons': 9}","{'load_weight_tons': 4, 'additional_time_hours': 0.5, 'profit_inr': 895}",ACCEPT,27.36,"{'actual_profit_inr': 735, 'delay_hours': 1.28, 'fuel_used_percent': 11}","{'time_left_hours': 2.6, 'capacity_left_tons': 5}",1,2026-02-01T02:45:41.996088
"{'fuel_percent': 43, 'time_left_hours': 3.0, 'capacity_left_tons': 5}","{'load_weight_tons': 1, 'additional_time_hours': 1.9, 'profit_inr': 1105}",ACCEPT,-11.79,"{'actual_profit_inr': 852, 'delay_hours': 0.25, 'fuel_used_percent': 10}","{'time_left_hours': 1.1, 'capacity_left_tons': 4}",0,2026-02-01T02:45:41.996088
"{'fuel_percent': 63, 'time_left_hours': 3.1, 'capacity_left_tons': 7}","{'load_weight_tons': 3, 'additional_time_hours': 1.2, 'profit_inr': 2596}",REJECT,-19.99,"{'actual_profit_inr': 0, 'delay_hours': 0, 'fuel_used_percent': 0}","{'time_left_hours': 1.9000000000000001, 'capacity_left_tons': 4}",0,2026-02-01T02:45:41.996088
"{'fuel_percent': 62, 'time_left_hours': 5.9, 'capacity_left_tons': 8}","{'load_weight_tons': 2, 'additional_time_hours': 0.7, 'profit_inr': 2929}",REJECT,23.19,"{'actual_profit_inr': 0, 'delay_hours': 0, 'fuel_used_percent': 0}","{'time_left_hours': 5.2, 'capacity_left_tons': 6}",0,2026-02-01T02:45:41.996088
"{'fuel_percent': 73, 'time_left_hours': 3.4, 'capacity_left_tons': 4}","{'load_weight_tons': 4, 'additional_time_hours': 1.6, 'profit_inr': 2172}",ACCEPT,14.29,"{'actual_profit_inr': 2079, 'delay_hours': 1.11, 'fuel_used_percent': 9}","{'time_left_hours': 1.7999999999999998, 'capacity_left_tons': 0}",0,2026-02-01T02:45:41.996088
"{'fuel_percent': 50, 'time_left_hours': 2.5, 'capacity_left_tons': 3}","{'load_weight_tons': 3, 'additional_time_hours': 1.9, 'profit_inr': 2270}",ACCEPT,22.77,"{'actual_profit_inr': 2263, 'delay_hours': 0.54, 'fuel_used_percent': 14}","{'time_left_hours': 0.6000000000000001, 'capacity_left_tons': 0}",0,2026-02-01T02:45:41.996088
"{'fuel_percent': 36, 'time_left_hours': 2.5, 'capacity_left_tons': 2}","{'load_weight_tons': 2, 'additional_time_hours': 0.6, 'profit_inr': 2882}",ACCEPT,-9.0,"{'actual_profit_inr': 2713, 'delay_hours': 0.51, 'fuel_used_percent': 11}","{'time_left_hours': 1.9, 'capacity_left_tons': 0}",0,2026-02-01T02:45:41.996088
"{'fuel_percent': 44, 'time_left_hours': 3.1, 'capacity_left_tons': 5}","{'load_weight_tons': 2, 'additional_time_hours': 1.8, 'profit_inr': 584}",REJECT,16.91,"{'actual_profit_inr': 0, 'delay_hours': 0, 'fuel_used_percent': 0}","{'time_left_hours': 1.3, 'capacity_left_tons': 3}",0,2026-02-01T02:45:41.996088
"{'fuel_percent': 53, 'time_left_hours': 4.1, 'capacity_left_tons': 3}","{'load_weight_tons': 1, 'additional_time_hours': 1.1, 'profit_inr': 2943}",REJECT,19.03,"{'actual_profit_inr': 0, 'delay_hours': 0, 'fuel_used_percent': 0}","{'time_left_hours': 2.9999999999999996, 'capacity_left_tons': 2}",0,2026-02-01T02:45:41.997090
"{'fuel_percent': 29, 'time_left_hours': 4.0, 'capacity_left_tons': 4}","{'load_weight_tons': 1, 'additional_time_hours': 1.6, 'profit_inr': 578}",REJECT,11.45,"{'actual_profit_inr': 0, 'delay_hours': 0, 'fuel_used_percent': 0}","{'time_left_hours': 2.4, 'capacity_left_tons': 3}",0,2026-02-01T02:45:41.997090
"{'fuel_percent': 53, 'time_left_hours': 4.5, 'capacity_left_tons': 10}","{'load_weight_tons': 3, 'additional_time_hours': 1.5, 'profit_inr': 2860}",REJECT,0.28,"{'actual_profit_inr': 0, 'delay_hours': 0, 'fuel_used_percent': 0}","{'time_left_hours': 3.0, 'capacity_left_tons': 7}",0,2026-02-01T02:45:41.997090
"{'fuel_percent': 69, 'time_left_hours': 3.9, 'capacity_left_tons': 2}","{'load_weight_tons': 2, 'additional_time_hours': 0.6, 'profit_inr': 2803}",REJECT,-7.98,"{'actual_profit_inr': 0, 'delay_hours': 0, 'fuel_used_percent': 0}","{'time_left_hours': 3.3, 'capacity_left_tons': 0}",0,2026-02-01T02:45:41.997090
"{'fuel_percent': 30, 'time_left_hours': 4.5, 'capacity_left_tons': 6}","{'load_weight_tons': 4, 'additional_time_hours': 0.8, 'profit_inr': 1140}",ACCEPT,17.06,"{'actual_profit_inr': 1097, 'delay_hours': 0.99, 'fuel_used_percent': 8}","{'time_left_hours': 3.7, 'capacity_left_tons': 2}",0,2026-02-01T02:45:41.997090
"{'fuel_percent': 22, 'time_left_hours': 3.7, 'capacity_left_tons': 2}","{'load_weight_tons': 3, 'additional_time_hours': 1.7, 'profit_inr': 2728}",ACCEPT,17.81,"{'actual_profit_inr': 2586, 'delay_hours': 0.33, 'fuel_used_percent': 6}","{'time_left_hours': 2.0, 'capacity_left_tons': -1}",0,2026-02-01T02:45:41.997090
"{'fuel_percent': 34, 'time_left_hours': 3.1, 'capacity_left_tons': 7}","{'load_weight_tons': 2, 'additional_time_hours': 1.2, 'profit_inr': 2167}",ACCEPT,8.0,"{'actual_profit_inr': 1925, 'delay_hours': 1.1, 'fuel_used_percent': 9}","{'time_left_hours': 1.9000000000000001, 'capacity_left_tons': 5}",0,2026-02-01T02:45:41.997090
"{'fuel_percent': 35, 'time_left_hours': 5.2, 'capacity_left_tons': 8}","{'load_weight_tons': 2, 'additional_time_hours': 1.7, 'profit_inr': 1449}",REJECT,21.76,"{'actual_profit_inr': 0, 'delay_hours': 0, 'fuel_used_percent': 0}","{'time_left_hours': 3.5, 'capacity_left_tons': 6}",0,2026-02-01T02:45:41.997090
"{'fuel_percent': 30, 'time_left_hours': 5.7, 'capacity_left_tons': 8}","{'load_weight_tons': 2, 'additional_time_hours': 1.6, 'profit_inr': 2161}",ACCEPT,16.1,"{'actual_profit_inr': 2111, 'delay_hours': 1.06, 'fuel_used_percent': 10}","{'time_left_hours': 4.1, 'capacity_left_tons': 6}",0,2026-02-01T02:45:41.997090
"{'fuel_percent': 46, 'time_left_hours': 3.4, 'capacity_left_tons': 4}","{'load_weight_tons': 3, 'additional_time_hours': 0.9, 'profit_inr': 2328}",REJECT,0.28,"{'actual_profit_inr': 0, 'delay_hours': 0, 'fuel_used_percent': 0}","{'time_left_hours': 2.5, 'capacity_left_tons': 1}",0,2026-02-01T02:45:41.997090
"{'fuel_percent': 66, 'time_left_hours': 3.6, 'capacity_left_tons': 10}","{'load_weight_tons': 3, 'additional_time_hours': 1.0, 'profit_inr': 2566}",ACCEPT,14.07,"{'actual_profit_inr': 2525, 'delay_hours': 1.45, 'fuel_used_percent': 15}","{'time_left_hours': 2.6, 'capacity_left_tons': 7}",0,2026-02-01T02:45:41.997090
"{'fuel_percent': 52, 'time_left_hours': 2.9, 'capacity_left_tons': 2}","{'load_weight_tons': 3, 'additional_time_hours': 1.0, 'profit_inr': 1346}",ACCEPT,-14.73,"{'actual_profit_inr': 1238, 'delay_hours': 1.26, 'fuel_used_percent': 12}","{'time_left_hours': 1.9, 'capacity_left_tons': -1}",0,2026-02-01T02:45:41.997090
"{'fuel_percent': 31, 'time_left_hours': 5.0, 'capacity_left_tons': 7}","{'load_weight_tons': 1, 'additional_time_hours': 1.1, 'profit_inr': 597}",REJECT,-18.62,"{'actual_profit_inr': 0, 'delay_hours': 0, 'fuel_used_percent': 0}","{'time_left_hours': 3.9, 'capacity_left_tons': 6}",0,2026-02-01T02:45:41.997090
"{'fuel_percent': 46, 'time_left_hours': 4.0, 'capacity_left_tons': 4}","{'load_weight_tons': 1, 'additional_time_hours': 0.7, 'profit_inr': 990}",REJECT,15.89,"{'actual_profit_inr': 0, 'delay_hours': 0, 'fuel_used_percent': 0}","{'time_left_hours': 3.3, 'capacity_left_tons': 3}",0,2026-02-01T02:45:41.997090
"{'fuel_percent': 52, 'time_left_hours': 5.1, 'capacity_left_tons': 9}","{'load_weight_tons': 4, 'additional_time_hours': 1.4, 'profit_inr': 1608}",REJECT,-12.95,"{'actual_profit_inr': 0, 'delay_hours': 0, 'fuel_used_percent': 0}","{'time_left_hours': 3.6999999999999997, 'capacity_left_tons': 5}",0,2026-02-01T02:45:41.997090
"{'fuel_percent': 60, 'time_left_hours': 3.9, 'capacity_left_tons': 5}","{'load_weight_tons': 2, 'additional_time_hours': 1.1, 'profit_inr': 1657}",REJECT,25.44,"{'actual_profit_inr': 0, 'delay_hours': 0, 'fuel_used_percent': 0}","{'time_left_hours': 2.8, 'capacity_left_tons': 3}",0,2026-02-01T02:45:41.997090
"{'fuel_percent': 79, 'time_left_hours': 5.7, 'capacity_left_tons': 2}","{'load_weight_tons': 2, 'additional_time_hours': 1.8, 'profit_inr': 547}",REJECT,29.02,"{'actual_profit_inr': 0, 'delay_hours': 0, 'fuel_used_percent': 0}","{'time_left_hours': 3.9000000000000004, 'capacity_left_tons': 0}",0,2026-02-01T02:45:41.997090
"{'fuel_percent': 58, 'time_left_hours': 4.4, 'capacity_left_tons': 8}","{'load_weight_tons': 1, 'additional_time_hours': 1.7, 'profit_inr': 2500}",REJECT,-3.69,"{'actual_profit_inr': 0, 'delay_hours': 0, 'fuel_used_percent': 0}","{'time_left_hours': 2.7, 'capacity_left_tons': 7}",0,2026-02-01T02:45:41.997090
"{'fuel_percent': 33, 'time_left_hours': 4.1, 'capacity_left_tons': 5}","{'load_weight_tons': 2, 'additional_time_hours': 1.8, 'profit_inr': 1841}",ACCEPT,9.76,"{'actual_profit_inr': 1621, 'delay_hours': 1.15, 'fuel_used_percent': 5}","{'time_left_hours': 2.3, 'capacity_left_tons': 3}",0,2026-02-01T02:45:41.997090
"{'fuel_percent': 71, 'time_left_hours': 4.3, 'capacity_left_tons': 8}","{'load_weight_tons': 1, 'additional_time_hours': 0.7, 'profit_inr': 2501}",REJECT,9.65,"{'actual_profit_inr': 0, 'delay_hours': 0, 'fuel_used_percent': 0}","{'time_left_hours': 3.5999999999999996, 'capacity_left_tons': 7}",0,2026-02-01T02:45:41.997090
"{'fuel_percent': 41, 'time_left_hours': 4.0, 'capacity_left_tons': 7}","{'load_weight_tons': 2, 'additional_time_hours': 1.0, 'profit_inr': 2566}",REJECT,-18.46,"{'actual_profit_inr': 0, 'delay_hours': 0, 'fuel_used_percent': 0}","{'time_left_hours': 3.0, 'capacity_left_tons': 5}",0,2026-02-01T02:45:41.997090
"{'fuel_percent': 35, 'time_left_hours': 3.7, 'capacity_left_tons': 9}","{'load_weight_tons': 3, 'additional_time_hours': 1.8, 'profit_inr': 2173}",ACCEPT,29.37,"{'actual_profit_inr': 2161, 'delay_hours': 0.69, 'fuel_used_percent': 8}","{'time_left_hours': 1.9000000000000001, 'capacity_left_tons': 6}",0,2026-02-01T02:45:41.997090
"{'fuel_percent': 20, 'time_left_hours': 2.5, 'capacity_left_tons': 5}","{'load_weight_tons': 4, 'additional_time_hours': 1.5, 'profit_inr': 1984}",ACCEPT,21.43,"{'actual_profit_inr': 1825, 'delay_hours': 0.24, 'fuel_used_percent': 6}","{'time_left_hours': 1.0, 'capacity_left_tons': 1}",0,2026-02-01T02:45:41.997090
"{'fuel_percent': 30, 'time_left_hours': 3.6, 'capacity_left_tons': 9}","{'load_weight_tons': 1, 'additional_time_hours': 0.6, 'profit_inr': 2027}",REJECT,27.39,"{'actual_profit_inr': 0, 'delay_hours': 0, 'fuel_used_percent': 0}","{'time_left_hours': 3.0, 'capacity_left_tons': 8}",0,2026-02-01T02:45:41.997090
"{'fuel_percent': 46, 'time_left_hours': 2.3, 'capacity_left_tons': 3}","{'load_weight_tons': 2, 'additional_time_hours': 1.1, 'profit_inr': 2118}",ACCEPT,-4.31,"{'actual_profit_inr': 1962, 'delay_hours': 1.05, 'fuel_used_percent': 12}","{'time_left_hours': 1.1999999999999997, 'capacity_left_tons': 1}",0,2026-02-01T02:45:41.997090
"{'fuel_percent': 59, 'time_left_hours': 3.3, 'capacity_left_tons': 9}","{'load_weight_tons': 4, 'additional_time_hours': 1.7, 'profit_inr': 2453}",REJECT,26.24,"{'actual_profit_inr': 0, 'delay_hours': 0, 'fuel_used_percent': 0}","{'time_left_hours': 1.5999999999999999, 'capacity_left_tons': 5}",0,2026-02-01T02:45:41.997090
"{'fuel_percent': 42, 'time_left_hours': 2.9, 'capacity_left_tons': 9}","{'load_weight_tons': 4, 'additional_time_hours': 0.7, 'profit_inr': 999}",REJECT,27.69,"{'actual_profit_inr': 0, 'delay_hours': 0, 'fuel_used_percent': 0}","{'time_left_hours': 2.2, 'capacity_left_tons': 5}",0,2026-02-01T02:45:41.997090
"{'fuel_percent': 32, 'time_left_hours': 2.3, 'capacity_left_tons': 7}","{'load_weight_tons': 2, 'additional_time_hours': 1.0, 'profit_inr': 2928}",ACCEPT,16.25,"{'actual_profit_inr': 2693, 'delay_hours': 0.97, 'fuel_used_percent': 7}","{'time_left_hours': 1.2999999999999998, 'capacity_left_tons': 5}",0,2026-02-01T02:45:41.997090
"{'fuel_percent': 22, 'time_left_hours': 3.2, 'capacity_left_tons': 10}","{'load_weight_tons': 2, 'additional_time_hours': 0.7, 'profit_inr': 2349}",ACCEPT,9.77,"{'actual_profit_inr': 2145, 'delay_hours': 0.85, 'fuel_used_percent': 9}","{'time_left_hours': 2.5, 'capacity_left_tons': 8}",0,2026-02-01T02:45:41.997090
"{'fuel_percent': 62, 'time_left_hours': 2.5, 'capacity_left_tons': 9}","{'load_weight_tons': 4, 'additional_time_hours': 1.7, 'profit_inr': 2122}",REJECT,-19.64,"{'actual_profit_inr': 0, 'delay_hours': 0, 'fuel_used_percent': 0}","{'time_left_hours': 0.8, 'capacity_left_tons': 5}",0,2026-02-01T02:45:41.997090
"{'fuel_percent': 74, 'time_left_hours': 5.6, 'capacity_left_tons': 7}","{'load_weight_tons': 1, 'additional_time_hours': 1.9, 'profit_inr': 1272}",REJECT,11.28,"{'actual_profit_inr': 0, 'delay_hours': 0, 'fuel_used_percent': 0}","{'time_left_hours': 3.6999999999999997, 'capacity_left_tons': 6}",0,2026-02-01T02:45:41.997090
"{'fuel_percent': 47, 'time_left_hours': 5.5, 'capacity_left_tons': 10}","{'load_weight_tons': 1, 'additional_time_hours': 1.8, 'profit_inr': 2235}",REJECT,-12.04,"{'actual_profit_inr': 0, 'delay_hours': 0, 'fuel_used_percent': 0}","{'time_left_hours': 3.7, 'capacity_left_tons': 9}",0,2026-02-01T02:45:41.997090
"{'fuel_percent': 49, 'time_left_hours': 3.9, 'capacity_left_tons': 3}","{'load_weight_tons': 4, 'additional_time_hours': 1.0, 'profit_inr': 1244}",ACCEPT,-19.6,"{'actual_profit_inr': 1084, 'delay_hours': 0.63, 'fuel_used_percent': 14}","{'time_left_hours': 2.9, 'capacity_left_tons': -1}",0,2026-02-01T02:45:41.998088
"{'fuel_percent': 53, 'time_left_hours': 2.8, 'capacity_left_tons': 2}","{'load_weight_tons': 4, 'additional_time_hours': 1.4, 'profit_inr': 834}",ACCEPT,13.23,"{'actual_profit_inr': 832, 'delay_hours': 0.38, 'fuel_used_percent': 10}","{'time_left_hours': 1.4, 'capacity_left_tons': -2}",0,2026-02-01T02:45:41.998088
"{'fuel_percent': 77, 'time_left_hours': 4.8, 'capacity_left_tons': 7}","{'load_weight_tons': 2, 'additional_time_hours': 1.7, 'profit_inr': 2445}",REJECT,-7.9,"{'actual_profit_inr': 0, 'delay_hours': 0, 'fuel_used_percent': 0}","{'time_left_hours': 3.0999999999999996, 'capacity_left_tons': 5}",0,2026-02-01T02:45:41.998088
"{'fuel_percent': 35, 'time_left_hours': 3.6, 'capacity_left_tons': 2}","{'load_weight_tons': 4, 'additional_time_hours': 0.6, 'profit_inr': 599}",ACCEPT,-0.99,"{'actual_profit_inr': 562, 'delay_hours': 0.09, 'fuel_used_percent': 14}","{'time_left_hours': 3.0, 'capacity_left_tons': -2}",0,2026-02-01T02:45:41.998088
"{'fuel_percent': 63, 'time_left_hours': 4.0, 'capacity_left_tons': 4}","{'load_weight_tons': 1, 'additional_time_hours': 0.6, 'profit_inr': 2919}",REJECT,25.67,"{'actual_profit_inr': 0, 'delay_hours': 0, 'fuel_used_percent': 0}","{'time_left_hours': 3.4, 'capacity_left_tons': 3}",0,2026-02-01T02:45:41.998088
"{'fuel_percent': 31, 'time_left_hours': 3.1, 'capacity_left_tons': 6}","{'load_weight_tons': 2, 'additional_time_hours': 1.9, 'profit_inr': 2070}",REJECT,12.9,"{'actual_profit_inr': 0, 'delay_hours': 0, 'fuel_used_percent': 0}","{'time_left_hours': 1.2000000000000002, 'capacity_left_tons': 4}",0,2026-02-01T02:45:41.998088
"{'fuel_percent': 79, 'time_left_hours': 4.8, 'capacity_left_tons': 3}","{'load_weight_tons': 4, 'additional_time_hours': 2.0, 'profit_inr': 1112}",ACCEPT,-18.64,"{'actual_profit_inr': 1067, 'delay_hours': 0.44, 'fuel_used_percent': 15}","{'time_left_hours': 2.8, 'capacity_left_tons': -1}",0,2026-02-01T02:45:41.998088
"{'fuel_percent': 26, 'time_left_hours': 2.4, 'capacity_left_tons': 9}","{'load_weight_tons': 4, 'additional_time_hours': 1.0, 'profit_inr': 1775}",REJECT,28.91,"{'actual_profit_inr': 0, 'delay_hours': 0, 'fuel_used_percent': 0}","{'time_left_hours': 1.4, 'capacity_left_tons': 5}",0,2026-02-01T02:45:41.998088
"{'fuel_percent': 42, 'time_left_hours': 5.3, 'capacity_left_tons': 10}","{'load_weight_tons': 2, 'additional_time_hours': 0.9, 'profit_inr': 2518}",ACCEPT,3.32,"{'actual_profit_inr': 2396, 'delay_hours': 0.82, 'fuel_used_percent': 15}","{'time_left_hours': 4.3999999999999995, 'capacity_left_tons': 8}",0,2026-02-01T02:45:41.998088
"{'fuel_percent': 35, 'time_left_hours': 4.0, 'capacity_left_tons': 9}","{'load_weight_tons': 2, 'additional_time_hours': 0.7, 'profit_inr': 503}",REJECT,-6.78,"{'actual_profit_inr': 0, 'delay_hours': 0, 'fuel_used_percent': 0}","{'time_left_hours': 3.3, 'capacity_left_tons': 7}",0,2026-02-01T02:45:41.998088
"{'fuel_percent': 21, 'time_left_hours': 5.7, 'capacity_left_tons': 10}","{'load_weight_tons': 4, 'additional_time_hours': 1.3, 'profit_inr': 776}",REJECT,11.72,"{'actual_profit_inr': 0, 'delay_hours': 0, 'fuel_used_percent': 0}","{'time_left_hours': 4.4, 'capacity_left_tons': 6}",0,2026-02-01T02:45:41.998088
"{'fuel_percent': 75, 'time_left_hours': 2.2, 'capacity_left_tons': 10}","{'load_weight_tons': 1, 'additional_time_hours': 1.1, 'profit_inr': 680}",REJECT,-3.04,"{'actual_profit_inr': 0, 'delay_hours': 0, 'fuel_used_percent': 0}","{'time_left_hours': 1.1, 'capacity_left_tons': 9}",0,2026-02-01T02:45:41.998088
"{'fuel_percent': 56, 'time_left_hours': 4.6, 'capacity_left_tons': 9}","{'load_weight_tons': 2, 'additional_time_hours': 1.3, 'profit_inr': 2998}",ACCEPT,-14.66,"{'actual_profit_inr': 2749, 'delay_hours': 1.04, 'fuel_used_percent': 5}","{'time_left_hours': 3.3, 'capacity_left_tons': 7}",0,2026-02-01T02:45:41.998088
"{'fuel_percent': 56, 'time_left_hours': 3.0, 'capacity_left_tons': 3}","{'load_weight_tons': 3, 'additional_time_hours': 1.5, 'profit_inr': 782}",ACCEPT,23.48,"{'actual_profit_inr': 744, 'delay_hours': 0.99, 'fuel_used_percent': 12}","{'time_left_hours': 1.5, 'capacity_left_tons': 0}",0,2026-02-01T02:45:41.998088
"{'fuel_percent': 48, 'time_left_hours': 2.8, 'capacity_left_tons': 10}","{'load_weight_tons': 2, 'additional_time_hours': 1.1, 'profit_inr': 1596}",REJECT,19.22,"{'actual_profit_inr': 0, 'delay_hours': 0, 'fuel_used_percent': 0}","{'time_left_hours': 1.6999999999999997, 'capacity_left_tons': 8}",0,2026-02-01T02:45:41.998088
"{'fuel_percent': 67, 'time_left_hours': 5.9, 'capacity_left_tons': 9}","{'load_weight_tons': 2, 'additional_time_hours': 0.5, 'profit_inr': 2585}",REJECT,-10.94,"{'actual_profit_inr': 0, 'delay_hours': 0, 'fuel_used_percent': 0}","{'time_left_hours': 5.4, 'capacity_left_tons': 7}",0,2026-02-01T02:45:41.998088
"{'fuel_percent': 46, 'time_left_hours': 2.7, 'capacity_left_tons': 10}","{'load_weight_tons': 4, 'additional_time_hours': 0.7, 'profit_inr': 2748}",REJECT,-17.62,"{'actual_profit_inr': 0, 'delay_hours': 0, 'fuel_used_percent': 0}","{'time_left_hours': 2.0, 'capacity_left_tons': 6}",0,2026-02-01T02:45:41.998088
"{'fuel_percent': 34, 'time_left_hours': 4.5, 'capacity_left_tons': 10}","{'load_weight_tons': 2, 'additional_time_hours': 1.4, 'profit_inr': 2558}",REJECT,-12.84,"{'actual_profit_inr': 0, 'delay_hours': 0, 'fuel_used_percent': 0}","{'time_left_hours': 3.1, 'capacity_left_tons': 8}",0,2026-02-01T02:45:41.998088
"{'fuel_percent': 38, 'time_left_hours': 3.0, 'capacity_left_tons': 7}","{'load_weight_tons': 1, 'additional_time_hours': 1.1, 'profit_inr': 2192}",REJECT,29.63,"{'actual_profit_inr': 0, 'delay_hours': 0, 'fuel_used_percent': 0}","{'time_left_hours': 1.9, 'capacity_left_tons': 6}",0,2026-02-01T02:45:41.998088
"{'fuel_percent': 53, 'time_left_hours': 2.8, 'capacity_left_tons': 10}","{'load_weight_tons': 3, 'additional_time_hours': 1.0, 'profit_inr': 2362}",REJECT,21.77,"{'actual_profit_inr': 0, 'delay_hours': 0, 'fuel_used_percent': 0}","{'time_left_hours': 1.7999999999999998, 'capacity_left_tons': 7}",0,2026-02-01T02:45:41.998088
"{'fuel_percent': 43, 'time_left_hours': 3.4, 'capacity_left_tons': 8}","{'load_weight_tons': 1, 'additional_time_hours': 1.7, 'profit_inr': 2573}",REJECT,11.46,"{'actual_profit_inr': 0, 'delay_hours': 0, 'fuel_used_percent': 0}","{'time_left_hours': 1.7, 'capacity_left_tons': 7}",0,2026-02-01T02:45:41.998088
"{'fuel_percent': 77, 'time_left_hours': 2.2, 'capacity_left_tons': 2}","{'load_weight_tons': 1, 'additional_time_hours': 1.6, 'profit_inr': 501}",ACCEPT,-7.85,"{'actual_profit_inr': 435, 'delay_hours': 1.07, 'fuel_used_percent': 15}","{'time_left_hours': 0.6000000000000001, 'capacity_left_tons': 1}",1,2026-02-01T02:45:41.998088
"{'fuel_percent': 49, 'time_left_hours': 5.1, 'capacity_left_tons': 6}","{'load_weight_tons': 2, 'additional_time_hours': 1.5, 'profit_inr': 601}",ACCEPT,7.17,"{'actual_profit_inr': 573, 'delay_hours': 0.99, 'fuel_used_percent': 14}","{'time_left_hours': 3.5999999999999996, 'capacity_left_tons': 4}",0,2026-02-01T02:45:41.998088
"{'fuel_percent': 20, 'time_left_hours': 2.0, 'capacity_left_tons': 7}","{'load_weight_tons': 1, 'additional_time_hours': 0.8, 'profit_inr': 2687}",ACCEPT,17.2,"{'actual_profit_inr': 2659, 'delay_hours': 0.02, 'fuel_used_percent': 13}","{'time_left_hours': 1.2, 'capacity_left_tons': 6}",0,2026-02-01T02:45:41.998088
"{'fuel_percent': 78, 'time_left_hours': 5.3, 'capacity_left_tons': 5}","{'load_weight_tons': 3, 'additional_time_hours': 1.6, 'profit_inr': 971}",ACCEPT,-1.47,"{'actual_profit_inr': 817, 'delay_hours': 0.03, 'fuel_used_percent': 9}","{'time_left_hours': 3.6999999999999997, 'capacity_left_tons': 2}",0,2026-02-01T02:45:41.998088
"{'fuel_percent': 65, 'time_left_hours': 2.8, 'capacity_left_tons': 4}","{'load_weight_tons': 3, 'additional_time_hours': 1.8, 'profit_inr': 2738}",ACCEPT,-12.11,"{'actual_profit_inr': 2597, 'delay_hours': 0.79, 'fuel_used_percent': 11}","{'time_left_hours': 0.9999999999999998, 'capacity_left_tons': 1}",0,2026-02-01T02:45:41.998088
"{'fuel_percent': 75, 'time_left_hours': 4.4, 'capacity_left_tons': 3}","{'load_weight_tons': 3, 'additional_time_hours': 0.5, 'profit_inr': 2040}",REJECT,-11.21,"{'actual_profit_inr': 0, 'delay_hours': 0, 'fuel_used_percent': 0}","{'time_left_hours': 3.9000000000000004, 'capacity_left_tons': 0}",0,2026-02-01T02:45:41.998088
"{'fuel_percent': 78, 'time_left_hours': 2.6, 'capacity_left_tons': 7}","{'load_weight_tons': 4, 'additional_time_hours': 1.9, 'profit_inr': 1929}",REJECT,-18.73,"{'actual_profit_inr': 0, 'delay_hours': 0, 'fuel_used_percent': 0}","{'time_left_hours': 0.7000000000000002, 'capacity_left_tons': 3}",0,2026-02-01T02:45:41.998088
"{'fuel_percent': 37, 'time_left_hours': 3.1, 'capacity_left_tons': 4}","{'load_weight_tons': 4, 'additional_time_hours': 1.7, 'profit_inr': 739}",REJECT,23.86,"{'actual_profit_inr': 0, 'delay_hours': 0, 'fuel_used_percent': 0}","{'time_left_hours': 1.4000000000000001, 'capacity_left_tons': 0}",0,2026-02-01T02:45:41.998088
"{'fuel_percent': 37, 'time_left_hours': 3.3, 'capacity_left_tons': 5}","{'load_weight_tons': 1, 'additional_time_hours': 0.6, 'profit_inr': 560}",REJECT,-6.77,"{'actual_profit_inr': 0, 'delay_hours': 0, 'fuel_used_percent': 0}","{'time_left_hours': 2.6999999999999997, 'capacity_left_tons': 4}",0,2026-02-01T02:45:41.998088
"{'fuel_percent': 71, 'time_left_hours': 2.9, 'capacity_left_tons': 9}","{'load_weight_tons': 3, 'additional_time_hours': 0.6, 'profit_inr': 2702}",REJECT,1.41,"{'actual_profit_inr': 0, 'delay_hours': 0, 'fuel_used_percent': 0}","{'time_left_hours': 2.3, 'capacity_left_tons': 6}",0,2026-02-01T02:45:41.998088
"{'fuel_percent': 46, 'time_left_hours': 4.8, 'capacity_left_tons': 3}","{'load_weight_tons': 3, 'additional_time_hours': 0.8, 'profit_inr': 1235}",ACCEPT,-11.96,"{'actual_profit_inr': 1224, 'delay_hours': 0.17, 'fuel_used_percent': 15}","{'time_left_hours': 4.0, 'capacity_left_tons': 0}",0,2026-02-01T02:45:41.998088
"{'fuel_percent': 59, 'time_left_hours': 2.3, 'capacity_left_tons': 5}","{'load_weight_tons': 4, 'additional_time_hours': 1.6, 'profit_inr': 2226}",REJECT,0.02,"{'actual_profit_inr': 0, 'delay_hours': 0, 'fuel_used_percent': 0}","{'time_left_hours': 0.6999999999999997, 'capacity_left_tons': 1}",0,2026-02-01T02:45:41.998088
"{'fuel_percent': 43, 'time_left_hours': 4.2, 'capacity_left_tons': 3}","{'load_weight_tons': 1, 'additional_time_hours': 1.6, 'profit_inr': 1346}",ACCEPT,27.42,"{'actual_profit_inr': 1337, 'delay_hours': 0.56, 'fuel_used_percent': 14}","{'time_left_hours': 2.6, 'capacity_left_tons': 2}",0,2026-02-01T02:45:41.999092
"{'fuel_percent': 80, 'time_left_hours': 2.7, 'capacity_left_tons': 8}","{'load_weight_tons': 1, 'additional_time_hours': 1.1, 'profit_inr': 2625}",REJECT,25.62,"{'actual_profit_inr': 0, 'delay_hours': 0, 'fuel_used_percent': 0}","{'time_left_hours': 1.6, 'capacity_left_tons': 7}",0,2026-02-01T02:45:41.999092
"{'fuel_percent': 46, 'time_left_hours': 5.6, 'capacity_left_tons': 6}","{'load_weight_tons': 4, 'additional_time_hours': 0.7, 'profit_inr': 1586}",REJECT,-14.67,"{'actual_profit_inr': 0, 'delay_hours': 0, 'fuel_used_percent': 0}","{'time_left_hours': 4.8999999999999995, 'capacity_left_tons': 2}",0,2026-02-01T02:45:41.999092
"{'fuel_percent': 74, 'time_left_hours': 2.3, 'capacity_left_tons': 8}","{'load_weight_tons': 3, 'additional_time_hours': 0.6, 'profit_inr': 2794}",ACCEPT,-2.71,"{'actual_profit_inr': 2621, 'delay_hours': 0.29, 'fuel_used_percent': 8}","{'time_left_hours': 1.6999999999999997, 'capacity_left_tons': 5}",0,2026-02-01T02:45:41.999092
"{'fuel_percent': 38, 'time_left_hours': 3.1, 'capacity_left_tons': 9}","{'load_weight_tons': 4, 'additional_time_hours': 0.6, 'profit_inr': 1079}",ACCEPT,-15.37,"{'actual_profit_inr': 1005, 'delay_hours': 0.54, 'fuel_used_percent': 10}","{'time_left_hours': 2.5, 'capacity_left_tons': 5}",0,2026-02-01T02:45:41.999092
"{'fuel_percent': 52, 'time_left_hours': 4.0, 'capacity_left_tons': 3}","{'load_weight_tons': 2, 'additional_time_hours': 1.3, 'profit_inr': 1151}",ACCEPT,11.67,"{'actual_profit_inr': 1126, 'delay_hours': 0.86, 'fuel_used_percent': 12}","{'time_left_hours': 2.7, 'capacity_left_tons': 1}",0,2026-02-01T02:45:41.999092
"{'fuel_percent': 53, 'time_left_hours': 5.5, 'capacity_left_tons': 7}","{'load_weight_tons': 2, 'additional_time_hours': 1.0, 'profit_inr': 2358}",REJECT,13.12,"{'actual_profit_inr': 0, 'delay_hours': 0, 'fuel_used_percent': 0}","{'time_left_hours': 4.5, 'capacity_left_tons': 5}",0,2026-02-01T02:45:41.999092
"{'fuel_percent': 66, 'time_left_hours': 2.2, 'capacity_left_tons': 2}","{'load_weight_tons': 2, 'additional_time_hours': 1.1, 'profit_inr': 2748}",ACCEPT,-8.34,"{'actual_profit_inr': 2606, 'delay_hours': 0.98, 'fuel_used_percent': 9}","{'time_left_hours': 1.1, 'capacity_left_tons': 0}",0,2026-02-01T02:45:41.999092
"{'fuel_percent': 70, 'time_left_hours': 4.9, 'capacity_left_tons': 9}","{'load_weight_tons': 4, 'additional_time_hours': 2.0, 'profit_inr': 2212}",ACCEPT,15.49,"{'actual_profit_inr': 2063, 'delay_hours': 0.66, 'fuel_used_percent': 10}","{'time_left_hours': 2.9000000000000004, 'capacity_left_tons': 5}",0,2026-02-01T02:45:41.999092
"{'fuel_percent': 47, 'time_left_hours': 4.4, 'capacity_left_tons': 10}","{'load_weight_tons': 4, 'additional_time_hours': 0.9, 'profit_inr': 782}",REJECT,-12.75,"{'actual_profit_inr': 0, 'delay_hours': 0, 'fuel_used_percent': 0}","{'time_left_hours': 3.5000000000000004, 'capacity_left_tons': 6}",0,2026-02-01T02:45:41.999092
"{'fuel_percent': 35, 'time_left_hours': 3.7, 'capacity_left_tons': 5}","{'load_weight_tons': 1, 'additional_time_hours': 1.0, 'profit_inr': 642}",REJECT,-18.66,"{'actual_profit_inr': 0, 'delay_hours': 0, 'fuel_used_percent': 0}","{'time_left_hours': 2.7, 'capacity_left_tons': 4}",0,2026-02-01T02:45:41.999092
"{'fuel_percent': 48, 'time_left_hours': 3.9, 'capacity_left_tons': 2}","{'load_weight_tons': 3, 'additional_time_hours': 1.8, 'profit_inr': 1970}",ACCEPT,-14.6,"{'actual_profit_inr': 1692, 'delay_hours': 0.48, 'fuel_used_percent': 12}","{'time_left_hours': 2.0999999999999996, 'capacity_left_tons': -1}",0,2026-02-01T02:45:41.999092
"{'fuel_percent': 64, 'time_left_hours': 5.6, 'capacity_left_tons': 9}","{'load_weight_tons': 2, 'additional_time_hours': 1.0, 'profit_inr': 2600}",ACCEPT,5.22,"{'actual_profit_inr': 2357, 'delay_hours': 0.81, 'fuel_used_percent': 5}","{'time_left_hours': 4.6, 'capacity_left_tons': 7}",0,2026-02-01T02:45:41.999092
"{'fuel_percent': 79, 'time_left_hours': 2.9, 'capacity_left_tons': 9}","{'load_weight_tons': 1, 'additional_time_hours': 1.5, 'profit_inr': 1687}",REJECT,-1.83,"{'actual_profit_inr': 0, 'delay_hours': 0, 'fuel_used_percent': 0}","{'time_left_hours': 1.4, 'capacity_left_tons': 8}",0,2026-02-01T02:45:41.999092
"{'fuel_percent': 63, 'time_left_hours': 2.6, 'capacity_left_tons': 10}","{'load_weight_tons': 2, 'additional_time_hours': 0.6, 'profit_inr': 1252}",REJECT,11.47,"{'actual_profit_inr': 0, 'delay_hours': 0, 'fuel_used_percent': 0}","{'time_left_hours': 2.0, 'capacity_left_tons': 8}",0,2026-02-01T02:45:41.999092
"{'fuel_percent': 31, 'time_left_hours': 2.0, 'capacity_left_tons': 3}","{'load_weight_tons': 2, 'additional_time_hours': 1.5, 'profit_inr': 704}",ACCEPT,-12.43,"{'actual_profit_inr': 624, 'delay_hours': 0.95, 'fuel_used_percent': 6}","{'time_left_hours': 0.5, 'capacity_left_tons': 1}",0,2026-02-01T02:45:41.999092
"{'fuel_percent': 47, 'time_left_hours': 5.5, 'capacity_left_tons': 7}","{'load_weight_tons': 1, 'additional_time_hours': 1.3, 'profit_inr': 1432}",ACCEPT,-7.13,"{'actual_profit_inr': 1234, 'delay_hours': 0.26, 'fuel_used_percent': 7}","{'time_left_hours': 4.2, 'capacity_left_tons': 6}",0,2026-02-01T02:45:41.999092
"{'fuel_percent': 60, 'time_left_hours': 5.8, 'capacity_left_tons': 7}","{'load_weight_tons': 4, 'additional_time_hours': 1.5, 'profit_inr': 1455}",REJECT,16.68,"{'actual_profit_inr': 0, 'delay_hours': 0, 'fuel_used_percent': 0}","{'time_left_hours': 4.3, 'capacity_left_tons': 3}",0,2026-02-01T02:45:41.999092
"{'fuel_percent': 54, 'time_left_hours': 2.6, 'capacity_left_tons': 8}","{'load_weight_tons': 3, 'additional_time_hours': 2.0, 'profit_inr': 2759}",ACCEPT,24.42,"{'actual_profit_inr': 2586, 'delay_hours': 0.43, 'fuel_used_percent': 8}","{'time_left_hours': 0.6000000000000001, 'capacity_left_tons': 5}",0,2026-02-01T02:45:41.999092
"{'fuel_percent': 58, 'time_left_hours': 2.5, 'capacity_left_tons': 5}","{'load_weight_tons': 3, 'additional_time_hours': 1.8, 'profit_inr': 1658}",ACCEPT,-0.67,"{'actual_profit_inr': 1631, 'delay_hours': 0.46, 'fuel_used_percent': 5}","{'time_left_hours': 0.7, 'capacity_left_tons': 2}",0,2026-02-01T02:45:41.999092
"{'fuel_percent': 32, 'time_left_hours': 4.2, 'capacity_left_tons': 6}","{'load_weight_tons': 1, 'additional_time_hours': 1.7, 'profit_inr': 1285}",REJECT,17.6,"{'actual_profit_inr': 0, 'delay_hours': 0, 'fuel_used_percent': 0}","{'time_left_hours': 2.5, 'capacity_left_tons': 5}",0,2026-02-01T02:45:41.999092
"{'fuel_percent': 80, 'time_left_hours': 4.3, 'capacity_left_tons': 9}","{'load_weight_tons': 1, 'additional_time_hours': 1.7, 'profit_inr': 1349}",ACCEPT,-2.28,"{'actual_profit_inr': 1285, 'delay_hours': 0.71, 'fuel_used_percent': 6}","{'time_left_hours': 2.5999999999999996, 'capacity_left_tons': 8}",0,2026-02-01T02:45:41.999092
"{'fuel_percent': 40, 'time_left_hours': 4.1, 'capacity_left_tons': 9}","{'load_weight_tons': 2, 'additional_time_hours': 0.8, 'profit_inr': 2941}",ACCEPT,24.58,"{'actual_profit_inr': 2784, 'delay_hours': 0.95, 'fuel_used_percent': 8}","{'time_left_hours': 3.3, 'capacity_left_tons': 7}",0,2026-02-01T02:45:41.999092
"{'fuel_percent': 21, 'time_left_hours': 4.4, 'capacity_left_tons': 5}","{'load_weight_tons': 4, 'additional_time_hours': 1.8, 'profit_inr': 911}",REJECT,12.62,"{'actual_profit_inr': 0, 'delay_hours': 0, 'fuel_used_percent': 0}","{'time_left_hours': 2.6000000000000005, 'capacity_left_tons': 1}",0,2026-02-01T02:45:41.999092
"{'fuel_percent': 35, 'time_left_hours': 3.2, 'capacity_left_tons': 9}","{'load_weight_tons': 4, 'additional_time_hours': 1.6, 'profit_inr': 2059}",REJECT,-10.48,"{'actual_profit_inr': 0, 'delay_hours': 0, 'fuel_used_percent': 0}","{'time_left_hours': 1.6, 'capacity_left_tons': 5}",0,2026-02-01T02:45:41.999092
"{'fuel_percent': 57, 'time_left_hours': 5.8, 'capacity_left_tons': 7}","{'load_weight_tons': 1, 'additional_time_hours': 1.1, 'profit_inr': 1170}",REJECT,20.15,"{'actual_profit_inr': 0, 'delay_hours': 0, 'fuel_used_percent': 0}","{'time_left_hours': 4.699999999999999, 'capacity_left_tons': 6}",0,2026-02-01T02:45:41.999092
"{'fuel_percent': 55, 'time_left_hours': 4.8, 'capacity_left_tons': 9}","{'load_weight_tons': 2, 'additional_time_hours': 1.0, 'profit_inr': 2112}",REJECT,27.2,"{'actual_profit_inr': 0, 'delay_hours': 0, 'fuel_used_percent': 0}","{'time_left_hours': 3.8, 'capacity_left_tons': 7}",0,2026-02-01T02:45:41.999092
"{'fuel_percent': 24, 'time_left_hours': 5.9, 'capacity_left_tons': 2}","{'load_weight_tons': 2, 'additional_time_hours': 1.2, 'profit_inr': 2520}",REJECT,27.57,"{'actual_profit_inr': 0, 'delay_hours': 0, 'fuel_used_percent': 0}","{'time_left_hours': 4.7, 'capacity_left_tons': 0}",0,2026-02-01T02:45:41.999092
"{'fuel_percent': 43, 'time_left_hours': 3.3, 'capacity_left_tons': 2}","{'load_weight_tons': 4, 'additional_time_hours': 0.8, 'profit_inr': 1674}",ACCEPT,20.29,"{'actual_profit_inr': 1516, 'delay_hours': 0.15, 'fuel_used_percent': 12}","{'time_left_hours': 2.5, 'capacity_left_tons': -2}",0,2026-02-01T02:45:41.999092
"{'fuel_percent': 34, 'time_left_hours': 5.3, 'capacity_left_tons': 8}","{'load_weight_tons': 1, 'additional_time_hours': 1.1, 'profit_inr': 2530}",ACCEPT,0.23,"{'actual_profit_inr': 2449, 'delay_hours': 0.61, 'fuel_used_percent': 9}","{'time_left_hours': 4.199999999999999, 'capacity_left_tons': 7}",0,2026-02-01T02:45:41.999092
"{'fuel_percent': 34, 'time_left_hours': 4.0, 'capacity_left_tons': 2}","{'load_weight_tons': 4, 'additional_time_hours': 2.0, 'profit_inr': 1514}",REJECT,25.36,"{'actual_profit_inr': 0, 'delay_hours': 0, 'fuel_used_percent': 0}","{'time_left_hours': 2.0, 'capacity_left_tons': -2}",0,2026-02-01T02:45:41.999092
"{'fuel_percent': 55, 'time_left_hours': 2.9, 'capacity_left_tons': 6}","{'load_weight_tons': 4, 'additional_time_hours': 1.0, 'profit_inr': 1770}",REJECT,15.2,"{'actual_profit_inr': 0, 'delay_hours': 0, 'fuel_used_percent': 0}","{'time_left_hours': 1.9, 'capacity_left_tons': 2}",0,2026-02-01T02:45:41.999092
"{'fuel_percent': 36, 'time_left_hours': 4.2, 'capacity_left_tons': 3}","{'load_weight_tons': 1, 'additional_time_hours': 1.3, 'profit_inr': 2015}",ACCEPT,29.11,"{'actual_profit_inr': 1886, 'delay_hours': 0.76, 'fuel_used_percent': 6}","{'time_left_hours': 2.9000000000000004, 'capacity_left_tons': 2}",0,2026-02-01T02:45:41.999092
"{'fuel_percent': 68, 'time_left_hours': 3.9, 'capacity_left_tons': 10}","{'load_weight_tons': 1, 'additional_time_hours': 1.1, 'profit_inr': 1168}",REJECT,4.15,"{'actual_profit_inr': 0, 'delay_hours': 0, 'fuel_used_percent': 0}","{'time_left_hours': 2.8, 'capacity_left_tons': 9}",0,2026-02-01T02:45:41.999092
"{'fuel_percent': 71, 'time_left_hours': 2.5, 'capacity_left_tons': 9}","{'load_weight_tons': 4, 'additional_time_hours': 0.9, 'profit_inr': 2299}",REJECT,-19.96,"{'actual_profit_inr': 0, 'delay_hours': 0, 'fuel_used_percent': 0}","{'time_left_hours': 1.6, 'capacity_left_tons': 5}",0,2026-02-01T02:45:41.999092
"{'fuel_percent': 76, 'time_left_hours': 3.0, 'capacity_left_tons': 5}","{'load_weight_tons': 1, 'additional_time_hours': 1.0, 'profit_inr': 1281}",REJECT,-1.27,"{'actual_profit_inr': 0, 'delay_hours': 0, 'fuel_used_percent': 0}","{'time_left_hours': 2.0, 'capacity_left_tons': 4}",0,2026-02-01T02:45:41.999092
"{'fuel_percent': 67, 'time_left_hours': 5.2, 'capacity_left_tons': 5}","{'load_weight_tons': 3, 'additional_time_hours': 1.1, 'profit_inr': 861}",REJECT,-15.92,"{'actual_profit_inr': 0, 'delay_hours': 0, 'fuel_used_percent': 0}","{'time_left_hours': 4.1, 'capacity_left_tons': 2}",0,2026-02-01T02:45:41.999092
"{'fuel_percent': 75, 'time_left_hours': 4.8, 'capacity_left_tons': 6}","{'load_weight_tons': 2, 'additional_time_hours': 1.8, 'profit_inr': 1600}",ACCEPT,27.05,"{'actual_profit_inr': 1548, 'delay_hours': 0.56, 'fuel_used_percent': 6}","{'time_left_hours': 3.0, 'capacity_left_tons': 4}",0,2026-02-01T02:45:41.999092
"{'fuel_percent': 36, 'time_left_hours': 3.8, 'capacity_left_tons': 2}","{'load_weight_tons': 1, 'additional_time_hours': 0.6, 'profit_inr': 2041}",ACCEPT,29.09,"{'actual_profit_inr': 1849, 'delay_hours': 0.77, 'fuel_used_percent': 10}","{'time_left_hours': 3.1999999999999997, 'capacity_left_tons': 1}",0,2026-02-01T02:45:41.999092
"{'fuel_percent': 61, 'time_left_hours': 3.7, 'capacity_left_tons': 8}","{'load_weight_tons': 1, 'additional_time_hours': 0.9, 'profit_inr': 592}",ACCEPT,2.3,"{'actual_profit_inr': 492, 'delay_hours': 0.62, 'fuel_used_percent': 14}","{'time_left_hours': 2.8000000000000003, 'capacity_left_tons': 7}",0,2026-02-01T02:45:41.999092
"{'fuel_percent': 56, 'time_left_hours': 5.7, 'capacity_left_tons': 5}","{'load_weight_tons': 4, 'additional_time_hours': 1.4, 'profit_inr': 2398}",ACCEPT,7.93,"{'actual_profit_inr': 2176, 'delay_hours': 1.07, 'fuel_used_percent': 5}","{'time_left_hours': 4.300000000000001, 'capacity_left_tons': 1}",0,2026-02-01T02:45:41.999092
"{'fuel_percent': 68, 'time_left_hours': 5.3, 'capacity_left_tons': 8}","{'load_weight_tons': 4, 'additional_time_hours': 1.2, 'profit_inr': 978}",REJECT,-6.08,"{'actual_profit_inr': 0, 'delay_hours': 0, 'fuel_used_percent': 0}","{'time_left_hours': 4.1, 'capacity_left_tons': 4}",0,2026-02-01T02:45:41.999092
"{'fuel_percent': 28, 'time_left_hours': 2.9, 'capacity_left_tons': 4}","{'load_weight_tons': 1, 'additional_time_hours': 1.8, 'profit_inr': 1998}",REJECT,2.52,"{'actual_profit_inr': 0, 'delay_hours': 0, 'fuel_used_percent': 0}","{'time_left_hours': 1.0999999999999999, 'capacity_left_tons': 3}",0,2026-02-01T02:45:41.999092
"{'fuel_percent': 33, 'time_left_hours': 2.8, 'capacity_left_tons': 3}","{'load_weight_tons': 3, 'additional_time_hours': 1.8, 'profit_inr': 2229}",REJECT,23.48,"{'actual_profit_inr': 0, 'delay_hours': 0, 'fuel_used_percent': 0}","{'time_left_hours': 0.9999999999999998, 'capacity_left_tons': 0}",0,2026-02-01T02:45:41.999092
"{'fuel_percent': 71, 'time_left_hours': 4.5, 'capacity_left_tons': 8}","{'load_weight_tons': 1, 'additional_time_hours': 1.3, 'profit_inr': 2544}",ACCEPT,-14.26,"{'actual_profit_inr': 2278, 'delay_hours': 0.57, 'fuel_used_percent': 6}","{'time_left_hours': 3.2, 'capacity_left_tons': 7}",0,2026-02-01T02:45:41.999092
"{'fuel_percent': 65, 'time_left_hours': 5.5, 'capacity_left_tons': 7}","{'load_weight_tons': 2, 'additional_time_hours': 1.6, 'profit_inr': 2060}",REJECT,13.23,"{'actual_profit_inr': 0, 'delay_hours': 0, 'fuel_used_percent': 0}","{'time_left_hours': 3.9, 'capacity_left_tons': 5}",0,2026-02-01T02:45:41.999092
"{'fuel_percent': 71, 'time_left_hours': 5.1, 'capacity_left_tons': 10}","{'load_weight_tons': 2, 'additional_time_hours': 1.1, 'profit_inr': 2194}",ACCEPT,26.22,"{'actual_profit_inr': 2089, 'delay_hours': 0.3, 'fuel_used_percent': 15}","{'time_left_hours': 3.9999999999999996, 'capacity_left_tons': 8}",0,2026-02-01T02:45:41.999092
"{'fuel_percent': 55, 'time_left_hours': 2.6, 'capacity_left_tons': 7}","{'load_weight_tons': 1, 'additional_time_hours': 0.7, 'profit_inr': 2486}",REJECT,1.1,"{'actual_profit_inr': 0, 'delay_hours': 0, 'fuel_used_percent': 0}","{'time_left_hours': 1.9000000000000001, 'capacity_left_tons': 6}",0,2026-02-01T02:45:41.999092
"{'fuel_percent': 23, 'time_left_hours': 5.0, 'capacity_left_tons': 7}","{'load_weight_tons': 3, 'additional_time_hours': 0.7, 'profit_inr': 2767}",ACCEPT,26.29,"{'actual_profit_inr': 2474, 'delay_hours': 0.92, 'fuel_used_percent': 11}","{'time_left_hours': 4.3, 'capacity_left_tons': 4}",0,2026-02-01T02:45:41.999092
"{'fuel_percent': 74, 'time_left_hours': 5.8, 'capacity_left_tons': 9}","{'load_weight_tons': 3, 'additional_time_hours': 0.6, 'profit_inr': 1544}",ACCEPT,24.98,"{'actual_profit_inr': 1322, 'delay_hours': 0.61, 'fuel_used_percent': 13}","{'time_left_hours': 5.2, 'capacity_left_tons': 6}",0,2026-02-01T02:45:41.999092
"{'fuel_percent': 20, 'time_left_hours': 3.5, 'capacity_left_tons': 10}","{'load_weight_tons': 1, 'additional_time_hours': 1.7, 'profit_inr': 2439}",REJECT,-15.68,"{'actual_profit_inr': 0, 'delay_hours': 0, 'fuel_used_percent': 0}","{'time_left_hours': 1.8, 'capacity_left_tons': 9}",0,2026-02-01T02:45:41.999092
"{'fuel_percent': 62, 'time_left_hours': 2.2, 'capacity_left_tons': 10}","{'load_weight_tons': 4, 'additional_time_hours': 1.6, 'profit_inr': 2649}",ACCEPT,-10.21,"{'actual_profit_inr': 2437, 'delay_hours': 1.13, 'fuel_used_percent': 12}","{'time_left_hours': 0.6000000000000001, 'capacity_left_tons': 6}",0,2026-02-01T02:45:41.999092
"{'fuel_percent': 75, 'time_left_hours': 5.3, 'capacity_left_tons': 7}","{'load_weight_tons': 3, 'additional_time_hours': 0.9, 'profit_inr': 2898}",ACCEPT,28.2,"{'actual_profit_inr': 2832, 'delay_hours': 0.57, 'fuel_used_percent': 15}","{'time_left_hours': 4.3999999999999995, 'capacity_left_tons': 4}",0,2026-02-01T02:45:41.999092
"{'fuel_percent': 32, 'time_left_hours': 5.9, 'capacity_left_tons': 6}","{'load_weight_tons': 1, 'additional_time_hours': 1.4, 'profit_inr': 1390}",REJECT,-15.95,"{'actual_profit_inr': 0, 'delay_hours': 0, 'fuel_used_percent': 0}","{'time_left_hours': 4.5, 'capacity_left_tons': 5}",0,2026-02-01T02:45:41.999092
"{'fuel_percent': 38, 'time_left_hours': 2.0, 'capacity_left_tons': 3}","{'load_weight_tons': 3, 'additional_time_hours': 1.8, 'profit_inr': 1361}",REJECT,3.15,"{'actual_profit_inr': 0, 'delay_hours': 0, 'fuel_used_percent': 0}","{'time_left_hours': 0.19999999999999996, 'capacity_left_tons': 0}",0,2026-02-01T02:45:41.999092
"{'fuel_percent': 23, 'time_left_hours': 3.8, 'capacity_left_tons': 5}","{'load_weight_tons': 1, 'additional_time_hours': 0.8, 'profit_inr': 739}",ACCEPT,14.72,"{'actual_profit_inr': 465, 'delay_hours': 1.07, 'fuel_used_percent': 11}","{'time_left_hours': 3.0, 'capacity_left_tons': 4}",1,2026-02-01T02:45:41.999092
"{'fuel_percent': 54, 'time_left_hours': 4.5, 'capacity_left_tons': 9}","{'load_weight_tons': 4, 'additional_time_hours': 0.7, 'profit_inr': 936}",ACCEPT,11.07,"{'actual_profit_inr': 824, 'delay_hours': 0.68, 'fuel_used_percent': 14}","{'time_left_hours': 3.8, 'capacity_left_tons': 5}",0,2026-02-01T02:45:41.999092
"{'fuel_percent': 56, 'time_left_hours': 5.9, 'capacity_left_tons': 8}","{'load_weight_tons': 2, 'additional_time_hours': 1.2, 'profit_inr': 2974}",ACCEPT,-13.49,"{'actual_profit_inr': 2865, 'delay_hours': 0.86, 'fuel_used_percent': 9}","{'time_left_hours': 4.7, 'capacity_left_tons': 6}",0,2026-02-01T02:45:41.999092
"{'fuel_percent': 23, 'time_left_hours': 5.9, 'capacity_left_tons': 3}","{'load_weight_tons': 1, 'additional_time_hours': 1.9, 'profit_inr': 2709}",ACCEPT,8.28,"{'actual_profit_inr': 2475, 'delay_hours': 0.67, 'fuel_used_percent': 14}","{'time_left_hours': 4.0, 'capacity_left_tons': 2}",0,2026-02-01T02:45:41.999092
"{'fuel_percent': 61, 'time_left_hours': 4.5, 'capacity_left_tons': 10}","{'load_weight_tons': 4, 'additional_time_hours': 1.7, 'profit_inr': 1524}",ACCEPT,-7.24,"{'actual_profit_inr': 1423, 'delay_hours': 1.01, 'fuel_used_percent': 10}","{'time_left_hours': 2.8, 'capacity_left_tons': 6}",0,2026-02-01T02:45:41.999092
"{'fuel_percent': 54, 'time_left_hours': 4.3, 'capacity_left_tons': 8}","{'load_weight_tons': 4, 'additional_time_hours': 0.9, 'profit_inr': 2662}",REJECT,12.73,"{'actual_profit_inr': 0, 'delay_hours': 0, 'fuel_used_percent': 0}","{'time_left_hours': 3.4, 'capacity_left_tons': 4}",0,2026-02-01T02:45:41.999092
"{'fuel_percent': 54, 'time_left_hours': 4.4, 'capacity_left_tons': 10}","{'load_weight_tons': 2, 'additional_time_hours': 1.1, 'profit_inr': 2045}",ACCEPT,-0.32,"{'actual_profit_inr': 1988, 'delay_hours': 0.05, 'fuel_used_percent': 15}","{'time_left_hours': 3.3000000000000003, 'capacity_left_tons': 8}",0,2026-02-01T02:45:41.999092
"{'fuel_percent': 34, 'time_left_hours': 5.1, 'capacity_left_tons': 8}","{'load_weight_tons': 2, 'additional_time_hours': 0.8, 'profit_inr': 903}",ACCEPT,4.45,"{'actual_profit_inr': 784, 'delay_hours': 0.3, 'fuel_used_percent': 9}","{'time_left_hours': 4.3, 'capacity_left_tons': 6}",0,2026-02-01T02:45:41.999092
"{'fuel_percent': 77, 'time_left_hours': 4.7, 'capacity_left_tons': 5}","{'load_weight_tons': 4, 'additional_time_hours': 1.5, 'profit_inr': 656}",REJECT,0.23,"{'actual_profit_inr': 0, 'delay_hours': 0, 'fuel_used_percent': 0}","{'time_left_hours': 3.2, 'capacity_left_tons': 1}",0,2026-02-01T02:45:41.999092
"{'fuel_percent': 58, 'time_left_hours': 4.8, 'capacity_left_tons': 9}","{'load_weight_tons': 1, 'additional_time_hours': 1.0, 'profit_inr': 1130}",REJECT,-19.07,"{'actual_profit_inr': 0, 'delay_hours': 0, 'fuel_used_percent': 0}","{'time_left_hours': 3.8, 'capacity_left_tons': 8}",0,2026-02-01T02:45:41.999092
"{'fuel_percent': 27, 'time_left_hours': 4.5, 'capacity_left_tons': 10}","{'load_weight_tons': 1, 'additional_time_hours': 1.9, 'profit_inr': 2269}",REJECT,27.95,"{'actual_profit_inr': 0, 'delay_hours': 0, 'fuel_used_percent': 0}","{'time_left_hours': 2.6, 'capacity_left_tons': 9}",0,2026-02-01T02:45:41.999092
"{'fuel_percent': 67, 'time_left_hours': 5.6, 'capacity_left_tons': 8}","{'load_weight_tons': 4, 'additional_time_hours': 0.9, 'profit_inr': 2969}",REJECT,13.7,"{'actual_profit_inr': 0, 'delay_hours': 0, 'fuel_used_percent': 0}","{'time_left_hours': 4.699999999999999, 'capacity_left_tons': 4}",0,2026-02-01T02:45:41.999092
"{'fuel_percent': 57, 'time_left_hours': 4.5, 'capacity_left_tons': 5}","{'load_weight_tons': 3, 'additional_time_hours': 1.3, 'profit_inr': 714}",REJECT,-0.71,"{'actual_profit_inr': 0, 'delay_hours': 0, 'fuel_used_percent': 0}","{'time_left_hours': 3.2, 'capacity_left_tons': 2}",0,2026-02-01T02:45:42.000091
"{'fuel_percent': 47, 'time_left_hours': 2.6, 'capacity_left_tons': 4}","{'load_weight_tons': 3, 'additional_time_hours': 0.7, 'profit_inr': 1761}",REJECT,-17.02,"{'actual_profit_inr': 0, 'delay_hours': 0, 'fuel_used_percent': 0}","{'time_left_hours': 1.9000000000000001, 'capacity_left_tons': 1}",0,2026-02-01T02:45:42.000091
"{'fuel_percent': 60, 'time_left_hours': 3.1, 'capacity_left_tons': 8}","{'load_weight_tons': 4, 'additional_time_hours': 1.0, 'profit_inr': 2880}",ACCEPT,-17.4,"{'actual_profit_inr': 2607, 'delay_hours': 1.48, 'fuel_used_percent': 13}","{'time_left_hours': 2.1, 'capacity_left_tons': 4}",0,2026-02-01T02:45:42.000091
"{'fuel_percent': 80, 'time_left_hours': 2.9, 'capacity_left_tons': 3}","{'load_weight_tons': 2, 'additional_time_hours': 1.1, 'profit_inr': 2518}",REJECT,-16.13,"{'actual_profit_inr': 0, 'delay_hours': 0, 'fuel_used_percent': 0}","{'time_left_hours': 1.7999999999999998, 'capacity_left_tons': 1}",0,2026-02-01T02:45:42.000091
"{'fuel_percent': 65, 'time_left_hours': 5.5, 'capacity_left_tons': 2}","{'load_weight_tons': 4, 'additional_time_hours': 1.7, 'profit_inr': 2561}",ACCEPT,-5.15,"{'actual_profit_inr': 2489, 'delay_hours': 1.02, 'fuel_used_percent': 14}","{'time_left_hours': 3.8, 'capacity_left_tons': -2}",0,2026-02-01T02:45:42.000091
"{'fuel_percent': 80, 'time_left_hours': 5.7, 'capacity_left_tons': 5}","{'load_weight_tons': 2, 'additional_time_hours': 0.8, 'profit_inr': 1877}",ACCEPT,4.51,"{'actual_profit_inr': 1616, 'delay_hours': 1.23, 'fuel_used_percent': 6}","{'time_left_hours': 4.9, 'capacity_left_tons': 3}",0,2026-02-01T02:45:42.000091
"{'fuel_percent': 75, 'time_left_hours': 4.4, 'capacity_left_tons': 8}","{'load_weight_tons': 2, 'additional_time_hours': 1.6, 'profit_inr': 873}",ACCEPT,-12.23,"{'actual_profit_inr': 818, 'delay_hours': 0.38, 'fuel_used_percent': 10}","{'time_left_hours': 2.8000000000000003, 'capacity_left_tons': 6}",0,2026-02-01T02:45:42.000091
"{'fuel_percent': 37, 'time_left_hours': 4.9, 'capacity_left_tons': 9}","{'load_weight_tons': 3, 'additional_time_hours': 1.7, 'profit_inr': 2935}",REJECT,8.48,"{'actual_profit_inr': 0, 'delay_hours': 0, 'fuel_used_percent': 0}","{'time_left_hours': 3.2, 'capacity_left_tons': 6}",0,2026-02-01T02:45:42.000091
"{'fuel_percent': 79, 'time_left_hours': 2.6, 'capacity_left_tons': 6}","{'load_weight_tons': 3, 'additional_time_hours': 2.0, 'profit_inr': 2070}",REJECT,15.48,"{'actual_profit_inr': 0, 'delay_hours': 0, 'fuel_used_percent': 0}","{'time_left_hours': 0.6000000000000001, 'capacity_left_tons': 3}",0,2026-02-01T02:45:42.000091
"{'fuel_percent': 28, 'time_left_hours': 3.8, 'capacity_left_tons': 2}","{'load_weight_tons': 4, 'additional_time_hours': 1.5, 'profit_inr': 1988}",ACCEPT,-4.03,"{'actual_profit_inr': 1809, 'delay_hours': 0.05, 'fuel_used_percent': 5}","{'time_left_hours': 2.3, 'capacity_left_tons': -2}",0,2026-02-01T02:45:42.000091
"{'fuel_percent': 53, 'time_left_hours': 4.3, 'capacity_left_tons': 5}","{'load_weight_tons': 3, 'additional_time_hours': 0.9, 'profit_inr': 1400}",REJECT,-9.72,"{'actual_profit_inr': 0, 'delay_hours': 0, 'fuel_used_percent': 0}","{'time_left_hours': 3.4, 'capacity_left_tons': 2}",0,2026-02-01T02:45:42.000091
"{'fuel_percent': 56, 'time_left_hours': 4.9, 'capacity_left_tons': 8}","{'load_weight_tons': 1, 'additional_time_hours': 0.6, 'profit_inr': 2181}",ACCEPT,-9.7,"{'actual_profit_inr': 1905, 'delay_hours': 0.27, 'fuel_used_percent': 11}","{'time_left_hours': 4.300000000000001, 'capacity_left_tons': 7}",0,2026-02-01T02:45:42.000091
"{'fuel_percent': 77, 'time_left_hours': 3.1, 'capacity_left_tons': 3}","{'load_weight_tons': 4, 'additional_time_hours': 0.9, 'profit_inr': 931}",ACCEPT,-14.27,"{'actual_profit_inr': 831, 'delay_hours': 0.69, 'fuel_used_percent': 11}","{'time_left_hours': 2.2, 'capacity_left_tons': -1}",0,2026-02-01T02:45:42.000091
"{'fuel_percent': 62, 'time_left_hours': 4.7, 'capacity_left_tons': 9}","{'load_weight_tons': 3, 'additional_time_hours': 1.6, 'profit_inr': 1607}",ACCEPT,27.6,"{'actual_profit_inr': 1540, 'delay_hours': 0.31, 'fuel_used_percent': 12}","{'time_left_hours': 3.1, 'capacity_left_tons': 6}",0,2026-02-01T02:45:42.000091
"{'fuel_percent': 35, 'time_left_hours': 5.2, 'capacity_left_tons': 5}","{'load_weight_tons': 1, 'additional_time_hours': 1.8, 'profit_inr': 1542}",ACCEPT,10.65,"{'actual_profit_inr': 1523, 'delay_hours': 1.17, 'fuel_used_percent': 9}","{'time_left_hours': 3.4000000000000004, 'capacity_left_tons': 4}",0,2026-02-01T02:45:42.000091
"{'fuel_percent': 39, 'time_left_hours': 4.7, 'capacity_left_tons': 9}","{'load_weight_tons': 3, 'additional_time_hours': 0.9, 'profit_inr': 2593}",ACCEPT,-11.47,"{'actual_profit_inr': 2527, 'delay_hours': 0.36, 'fuel_used_percent': 5}","{'time_left_hours': 3.8000000000000003, 'capacity_left_tons': 6}",0,2026-02-01T02:45:42.000091
"{'fuel_percent': 80, 'time_left_hours': 2.4, 'capacity_left_tons': 8}","{'load_weight_tons': 2, 'additional_time_hours': 1.2, 'profit_inr': 1516}",ACCEPT,-5.39,"{'actual_profit_inr': 1233, 'delay_hours': 0.48, 'fuel_used_percent': 14}","{'time_left_hours': 1.2, 'capacity_left_tons': 6}",0,2026-02-01T02:45:42.000091
"{'fuel_percent': 72, 'time_left_hours': 2.7, 'capacity_left_tons': 10}","{'load_weight_tons': 1, 'additional_time_hours': 1.5, 'profit_inr': 1717}",REJECT,24.67,"{'actual_profit_inr': 0, 'delay_hours': 0, 'fuel_used_percent': 0}","{'time_left_hours': 1.2000000000000002, 'capacity_left_tons': 9}",0,2026-02-01T02:45:42.000091
"{'fuel_percent': 38, 'time_left_hours': 5.8, 'capacity_left_tons': 3}","{'load_weight_tons': 2, 'additional_time_hours': 0.6, 'profit_inr': 1201}",ACCEPT,18.22,"{'actual_profit_inr': 1162, 'delay_hours': 0.54, 'fuel_used_percent': 15}","{'time_left_hours': 5.2, 'capacity_left_tons': 1}",0,2026-02-01T02:45:42.000091
"{'fuel_percent': 32, 'time_left_hours': 5.6, 'capacity_left_tons': 4}","{'load_weight_tons': 4, 'additional_time_hours': 1.1, 'profit_inr': 1526}",ACCEPT,11.89,"{'actual_profit_inr': 1500, 'delay_hours': 0.89, 'fuel_used_percent': 7}","{'time_left_hours': 4.5, 'capacity_left_tons': 0}",0,2026-02-01T02:45:42.000091
"{'fuel_percent': 25, 'time_left_hours': 5.5, 'capacity_left_tons': 5}","{'load_weight_tons': 3, 'additional_time_hours': 1.4, 'profit_inr': 505}",REJECT,28.29,"{'actual_profit_inr': 0, 'delay_hours': 0, 'fuel_used_percent': 0}","{'time_left_hours': 4.1, 'capacity_left_tons': 2}",0,2026-02-01T02:45:42.000091
"{'fuel_percent': 62, 'time_left_hours': 3.7, 'capacity_left_tons': 5}","{'load_weight_tons': 3, 'additional_time_hours': 1.3, 'profit_inr': 697}",REJECT,16.12,"{'actual_profit_inr': 0, 'delay_hours': 0, 'fuel_used_percent': 0}","{'time_left_hours': 2.4000000000000004, 'capacity_left_tons': 2}",0,2026-02-01T02:45:42.000091
"{'fuel_percent': 43, 'time_left_hours': 5.3, 'capacity_left_tons': 2}","{'load_weight_tons': 3, 'additional_time_hours': 0.6, 'profit_inr': 694}",REJECT,-18.43,"{'actual_profit_inr': 0, 'delay_hours': 0, 'fuel_used_percent': 0}","{'time_left_hours': 4.7, 'capacity_left_tons': -1}",0,2026-02-01T02:45:42.000091
"{'fuel_percent': 50, 'time_left_hours': 4.2, 'capacity_left_tons': 9}","{'load_weight_tons': 4, 'additional_time_hours': 1.0, 'profit_inr': 830}",REJECT,19.88,"{'actual_profit_inr': 0, 'delay_hours': 0, 'fuel_used_percent': 0}","{'time_left_hours': 3.2, 'capacity_left_tons': 5}",0,2026-02-01T02:45:42.000091
"{'fuel_percent': 38, 'time_left_hours': 2.6, 'capacity_left_tons': 6}","{'load_weight_tons': 4, 'additional_time_hours': 1.6, 'profit_inr': 954}",REJECT,0.8,"{'actual_profit_inr': 0, 'delay_hours': 0, 'fuel_used_percent': 0}","{'time_left_hours': 1.0, 'capacity_left_tons': 2}",0,2026-02-01T02:45:42.000091
"{'fuel_percent': 75, 'time_left_hours': 4.4, 'capacity_left_tons': 3}","{'load_weight_tons': 2, 'additional_time_hours': 0.7, 'profit_inr': 1178}",REJECT,-6.82,"{'actual_profit_inr': 0, 'delay_hours': 0, 'fuel_used_percent': 0}","{'time_left_hours': 3.7, 'capacity_left_tons': 1}",0,2026-02-01T02:45:42.000091
"{'fuel_percent': 60, 'time_left_hours': 5.5, 'capacity_left_tons': 3}","{'load_weight_tons': 1, 'additional_time_hours': 0.8, 'profit_inr': 2974}",ACCEPT,27.56,"{'actual_profit_inr': 2702, 'delay_hours': 1.25, 'fuel_used_percent': 8}","{'time_left_hours': 4.7, 'capacity_left_tons': 2}",0,2026-02-01T02:45:42.000091
"{'fuel_percent': 30, 'time_left_hours': 5.1, 'capacity_left_tons': 6}","{'load_weight_tons': 3, 'additional_time_hours': 1.1, 'profit_inr': 1754}",ACCEPT,9.39,"{'actual_profit_inr': 1635, 'delay_hours': 0.37, 'fuel_used_percent': 6}","{'time_left_hours': 3.9999999999999996, 'capacity_left_tons': 3}",0,2026-02-01T02:45:42.000091
"{'fuel_percent': 79, 'time_left_hours': 2.8, 'capacity_left_tons': 7}","{'load_weight_tons': 3, 'additional_time_hours': 1.9, 'profit_inr': 1476}",REJECT,11.58,"{'actual_profit_inr': 0, 'delay_hours': 0, 'fuel_used_percent': 0}","{'time_left_hours': 0.8999999999999999, 'capacity_left_tons': 4}",0,2026-02-01T02:45:42.000091
"{'fuel_percent': 23, 'time_left_hours': 5.2, 'capacity_left_tons': 10}","{'load_weight_tons': 3, 'additional_time_hours': 1.7, 'profit_inr': 2914}",REJECT,-18.12,"{'actual_profit_inr': 0, 'delay_hours': 0, 'fuel_used_percent': 0}","{'time_left_hours': 3.5, 'capacity_left_tons': 7}",0,2026-02-01T02:45:42.000091
"{'fuel_percent': 77, 'time_left_hours': 4.9, 'capacity_left_tons': 2}","{'load_weight_tons': 2, 'additional_time_hours': 1.1, 'profit_inr': 1726}",ACCEPT,-7.04,"{'actual_profit_inr': 1641, 'delay_hours': 0.73, 'fuel_used_percent': 10}","{'time_left_hours': 3.8000000000000003, 'capacity_left_tons': 0}",0,2026-02-01T02:45:42.000091
"{'fuel_percent': 44, 'time_left_hours': 4.5, 'capacity_left_tons': 3}","{'load_weight_tons': 3, 'additional_time_hours': 0.8, 'profit_inr': 842}",REJECT,16.75,"{'actual_profit_inr': 0, 'delay_hours': 0, 'fuel_used_percent': 0}","{'time_left_hours': 3.7, 'capacity_left_tons': 0}",0,2026-02-01T02:45:42.000091
"{'fuel_percent': 41, 'time_left_hours': 5.1, 'capacity_left_tons': 6}","{'load_weight_tons': 4, 'additional_time_hours': 0.8, 'profit_inr': 2070}",ACCEPT,-6.87,"{'actual_profit_inr': 1925, 'delay_hours': 0.61, 'fuel_used_percent': 14}","{'time_left_hours': 4.3, 'capacity_left_tons': 2}",0,2026-02-01T02:45:42.000091
"{'fuel_percent': 49, 'time_left_hours': 5.8, 'capacity_left_tons': 8}","{'load_weight_tons': 2, 'additional_time_hours': 1.1, 'profit_inr': 1539}",ACCEPT,-16.57,"{'actual_profit_inr': 1351, 'delay_hours': 0.32, 'fuel_used_percent': 10}","{'time_left_hours': 4.699999999999999, 'capacity_left_tons': 6}",0,2026-02-01T02:45:42.000091
"{'fuel_percent': 46, 'time_left_hours': 5.7, 'capacity_left_tons': 9}","{'load_weight_tons': 1, 'additional_time_hours': 0.8, 'profit_inr': 825}",REJECT,10.12,"{'actual_profit_inr': 0, 'delay_hours': 0, 'fuel_used_percent': 0}","{'time_left_hours': 4.9, 'capacity_left_tons': 8}",0,2026-02-01T02:45:42.000091
"{'fuel_percent': 35, 'time_left_hours': 5.6, 'capacity_left_tons': 10}","{'load_weight_tons': 4, 'additional_time_hours': 1.4, 'profit_inr': 865}",ACCEPT,-4.67,"{'actual_profit_inr': 672, 'delay_hours': 0.88, 'fuel_used_percent': 5}","{'time_left_hours': 4.199999999999999, 'capacity_left_tons': 6}",0,2026-02-01T02:45:42.000091
"{'fuel_percent': 32, 'time_left_hours': 5.2, 'capacity_left_tons': 5}","{'load_weight_tons': 2, 'additional_time_hours': 1.5, 'profit_inr': 2634}",REJECT,23.67,"{'actual_profit_inr': 0, 'delay_hours': 0, 'fuel_used_percent': 0}","{'time_left_hours': 3.7, 'capacity_left_tons': 3}",0,2026-02-01T02:45:42.000091
"{'fuel_percent': 73, 'time_left_hours': 4.5, 'capacity_left_tons': 8}","{'load_weight_tons': 4, 'additional_time_hours': 1.1, 'profit_inr': 1422}",REJECT,-3.8,"{'actual_profit_inr': 0, 'delay_hours': 0, 'fuel_used_percent': 0}","{'time_left_hours': 3.4, 'capacity_left_tons': 4}",0,2026-02-01T02:45:42.000091
"{'fuel_percent': 43, 'time_left_hours': 3.7, 'capacity_left_tons': 6}","{'load_weight_tons': 2, 'additional_time_hours': 1.1, 'profit_inr': 1277}",ACCEPT,-3.84,"{'actual_profit_inr': 1238, 'delay_hours': 0.45, 'fuel_used_percent': 12}","{'time_left_hours': 2.6, 'capacity_left_tons': 4}",0,2026-02-01T02:45:42.000091
"{'fuel_percent': 45, 'time_left_hours': 4.5, 'capacity_left_tons': 7}","{'load_weight_tons': 4, 'additional_time_hours': 1.8, 'profit_inr': 772}",ACCEPT,23.94,"{'actual_profit_inr': 537, 'delay_hours': 0.26, 'fuel_used_percent': 14}","{'time_left_hours': 2.7, 'capacity_left_tons': 3}",0,2026-02-01T02:45:42.000091
"{'fuel_percent': 38, 'time_left_hours': 4.5, 'capacity_left_tons': 9}","{'load_weight_tons': 4, 'additional_time_hours': 0.5, 'profit_inr': 1281}",REJECT,-11.13,"{'actual_profit_inr': 0, 'delay_hours': 0, 'fuel_used_percent': 0}","{'time_left_hours': 4.0, 'capacity_left_tons': 5}",0,2026-02-01T02:45:42.000091
"{'fuel_percent': 41, 'time_left_hours': 3.2, 'capacity_left_tons': 10}","{'load_weight_tons': 4, 'additional_time_hours': 0.9, 'profit_inr': 592}",REJECT,2.76,"{'actual_profit_inr': 0, 'delay_hours': 0, 'fuel_used_percent': 0}","{'time_left_hours': 2.3000000000000003, 'capacity_left_tons': 6}",0,2026-02-01T02:45:42.000091
"{'fuel_percent': 30, 'time_left_hours': 2.8, 'capacity_left_tons': 3}","{'load_weight_tons': 4, 'additional_time_hours': 1.8, 'profit_inr': 2938}",ACCEPT,-4.97,"{'actual_profit_inr': 2673, 'delay_hours': 0.31, 'fuel_used_percent': 12}","{'time_left_hours': 0.9999999999999998, 'capacity_left_tons': -1}",0,2026-02-01T02:45:42.000091
"{'fuel_percent': 24, 'time_left_hours': 5.2, 'capacity_left_tons': 7}","{'load_weight_tons': 4, 'additional_time_hours': 0.9, 'profit_inr': 1401}",REJECT,12.49,"{'actual_profit_inr': 0, 'delay_hours': 0, 'fuel_used_percent': 0}","{'time_left_hours': 4.3, 'capacity_left_tons': 3}",0,2026-02-01T02:45:42.000091
"{'fuel_percent': 77, 'time_left_hours': 5.2, 'capacity_left_tons': 2}","{'load_weight_tons': 2, 'additional_time_hours': 1.4, 'profit_inr': 715}",ACCEPT,-12.62,"{'actual_profit_inr': 600, 'delay_hours': 0.77, 'fuel_used_percent': 15}","{'time_left_hours': 3.8000000000000003, 'capacity_left_tons': 0}",0,2026-02-01T02:45:42.000091
"{'fuel_percent': 22, 'time_left_hours': 4.9, 'capacity_left_tons': 10}","{'load_weight_tons': 1, 'additional_time_hours': 1.2, 'profit_inr': 2513}",ACCEPT,24.66,"{'actual_profit_inr': 2368, 'delay_hours': 0.69, 'fuel_used_percent': 14}","{'time_left_hours': 3.7, 'capacity_left_tons': 9}",0,2026-02-01T02:45:42.000091
"{'fuel_percent': 34, 'time_left_hours': 4.1, 'capacity_left_tons': 8}","{'load_weight_tons': 4, 'additional_time_hours': 1.7, 'profit_inr': 672}",ACCEPT,27.52,"{'actual_profit_inr': 662, 'delay_hours': 0.73, 'fuel_used_percent': 8}","{'time_left_hours': 2.3999999999999995, 'capacity_left_tons': 4}",0,2026-02-01T02:45:42.000091
"{'fuel_percent': 44, 'time_left_hours': 5.0, 'capacity_left_tons': 8}","{'load_weight_tons': 2, 'additional_time_hours': 0.6, 'profit_inr': 1294}",REJECT,-16.65,"{'actual_profit_inr': 0, 'delay_hours': 0, 'fuel_used_percent': 0}","{'time_left_hours': 4.4, 'capacity_left_tons': 6}",0,2026-02-01T02:45:42.000091
"{'fuel_percent': 48, 'time_left_hours': 4.5, 'capacity_left_tons': 3}","{'load_weight_tons': 3, 'additional_time_hours': 1.3, 'profit_inr': 2350}",ACCEPT,-10.78,"{'actual_profit_inr': 2170, 'delay_hours': 0.26, 'fuel_used_percent': 7}","{'time_left_hours': 3.2, 'capacity_left_tons': 0}",0,2026-02-01T02:45:42.000091
"{'fuel_percent': 33, 'time_left_hours': 4.2, 'capacity_left_tons': 5}","{'load_weight_tons': 4, 'additional_time_hours': 1.6, 'profit_inr': 2744}",ACCEPT,9.39,"{'actual_profit_inr': 2627, 'delay_hours': 0.91, 'fuel_used_percent': 9}","{'time_left_hours': 2.6, 'capacity_left_tons': 1}",0,2026-02-01T02:45:42.000091
"{'fuel_percent': 79, 'time_left_hours': 2.1, 'capacity_left_tons': 3}","{'load_weight_tons': 2, 'additional_time_hours': 1.8, 'profit_inr': 2650}",REJECT,-2.34,"{'actual_profit_inr': 0, 'delay_hours': 0, 'fuel_used_percent': 0}","{'time_left_hours': 0.30000000000000004, 'capacity_left_tons': 1}",0,2026-02-01T02:45:42.000091
"{'fuel_percent': 73, 'time_left_hours': 3.4, 'capacity_left_tons': 5}","{'load_weight_tons': 1, 'additional_time_hours': 1.4, 'profit_inr': 1718}",REJECT,-0.01,"{'actual_profit_inr': 0, 'delay_hours': 0, 'fuel_used_percent': 0}","{'time_left_hours': 2.0, 'capacity_left_tons': 4}",0,2026-02-01T02:45:42.000091
"{'fuel_percent': 53, 'time_left_hours': 2.9, 'capacity_left_tons': 10}","{'load_weight_tons': 1, 'additional_time_hours': 1.5, 'profit_inr': 840}",REJECT,26.82,"{'actual_profit_inr': 0, 'delay_hours': 0, 'fuel_used_percent': 0}","{'time_left_hours': 1.4, 'capacity_left_tons': 9}",0,2026-02-01T02:45:42.000091
"{'fuel_percent': 23, 'time_left_hours': 4.9, 'capacity_left_tons': 4}","{'load_weight_tons': 3, 'additional_time_hours': 1.3, 'profit_inr': 1561}",ACCEPT,1.81,"{'actual_profit_inr': 1356, 'delay_hours': 0.11, 'fuel_used_percent': 15}","{'time_left_hours': 3.6000000000000005, 'capacity_left_tons': 1}",0,2026-02-01T02:45:42.000091
"{'fuel_percent': 53, 'time_left_hours': 3.6, 'capacity_left_tons': 2}","{'load_weight_tons': 1, 'additional_time_hours': 1.6, 'profit_inr': 1148}",REJECT,-17.8,"{'actual_profit_inr': 0, 'delay_hours': 0, 'fuel_used_percent': 0}","{'time_left_hours': 2.0, 'capacity_left_tons': 1}",0,2026-02-01T02:45:42.000091
"{'fuel_percent': 31, 'time_left_hours': 6.0, 'capacity_left_tons': 7}","{'load_weight_tons': 3, 'additional_time_hours': 0.9, 'profit_inr': 1232}",ACCEPT,19.14,"{'actual_profit_inr': 1221, 'delay_hours': 1.4, 'fuel_used_percent': 5}","{'time_left_hours': 5.1, 'capacity_left_tons': 4}",0,2026-02-01T02:45:42.000091
"{'fuel_percent': 70, 'time_left_hours': 4.0, 'capacity_left_tons': 10}","{'load_weight_tons': 3, 'additional_time_hours': 0.6, 'profit_inr': 1524}",REJECT,29.64,"{'actual_profit_inr': 0, 'delay_hours': 0, 'fuel_used_percent': 0}","{'time_left_hours': 3.4, 'capacity_left_tons': 7}",0,2026-02-01T02:45:42.000091
"{'fuel_percent': 44, 'time_left_hours': 2.4, 'capacity_left_tons': 10}","{'load_weight_tons': 2, 'additional_time_hours': 0.6, 'profit_inr': 729}",ACCEPT,-13.17,"{'actual_profit_inr': 466, 'delay_hours': 0.02, 'fuel_used_percent': 10}","{'time_left_hours': 1.7999999999999998, 'capacity_left_tons': 8}",0,2026-02-01T02:45:42.000091
"{'fuel_percent': 40, 'time_left_hours': 5.4, 'capacity_left_tons': 5}","{'load_weight_tons': 2, 'additional_time_hours': 1.6, 'profit_inr': 2950}",REJECT,18.95,"{'actual_profit_inr': 0, 'delay_hours': 0, 'fuel_used_percent': 0}","{'time_left_hours': 3.8000000000000003, 'capacity_left_tons': 3}",0,2026-02-01T02:45:42.000091
"{'fuel_percent': 45, 'time_left_hours': 3.2, 'capacity_left_tons': 8}","{'load_weight_tons': 2, 'additional_time_hours': 1.4, 'profit_inr': 1157}",ACCEPT,-5.13,"{'actual_profit_inr': 986, 'delay_hours': 1.23, 'fuel_used_percent': 7}","{'time_left_hours': 1.8000000000000003, 'capacity_left_tons': 6}",0,2026-02-01T02:45:42.000091
"{'fuel_percent': 27, 'time_left_hours': 5.4, 'capacity_left_tons': 5}","{'load_weight_tons': 4, 'additional_time_hours': 1.5, 'profit_inr': 2456}",REJECT,-16.89,"{'actual_profit_inr': 0, 'delay_hours': 0, 'fuel_used_percent': 0}","{'time_left_hours': 3.9000000000000004, 'capacity_left_tons': 1}",0,2026-02-01T02:45:42.000091
"{'fuel_percent': 26, 'time_left_hours': 2.3, 'capacity_left_tons': 3}","{'load_weight_tons': 3, 'additional_time_hours': 1.9, 'profit_inr': 2043}",REJECT,-15.09,"{'actual_profit_inr': 0, 'delay_hours': 0, 'fuel_used_percent': 0}","{'time_left_hours': 0.3999999999999999, 'capacity_left_tons': 0}",0,2026-02-01T02:45:42.000091
"{'fuel_percent': 30, 'time_left_hours': 2.0, 'capacity_left_tons': 8}","{'load_weight_tons': 3, 'additional_time_hours': 1.0, 'profit_inr': 1164}",ACCEPT,-13.59,"{'actual_profit_inr': 1043, 'delay_hours': 1.2, 'fuel_used_percent': 10}","{'time_left_hours': 1.0, 'capacity_left_tons': 5}",0,2026-02-01T02:45:42.000091
"{'fuel_percent': 21, 'time_left_hours': 4.6, 'capacity_left_tons': 3}","{'load_weight_tons': 1, 'additional_time_hours': 1.1, 'profit_inr': 1985}",ACCEPT,16.4,"{'actual_profit_inr': 1864, 'delay_hours': 0.43, 'fuel_used_percent': 5}","{'time_left_hours': 3.4999999999999996, 'capacity_left_tons': 2}",0,2026-02-01T02:45:42.000091
"{'fuel_percent': 76, 'time_left_hours': 5.5, 'capacity_left_tons': 2}","{'load_weight_tons': 4, 'additional_time_hours': 1.3, 'profit_inr': 1323}",REJECT,-8.24,"{'actual_profit_inr': 0, 'delay_hours': 0, 'fuel_used_percent': 0}","{'time_left_hours': 4.2, 'capacity_left_tons': -2}",0,2026-02-01T02:45:42.000091
"{'fuel_percent': 57, 'time_left_hours': 5.7, 'capacity_left_tons': 10}","{'load_weight_tons': 2, 'additional_time_hours': 1.9, 'profit_inr': 1507}",REJECT,20.53,"{'actual_profit_inr': 0, 'delay_hours': 0, 'fuel_used_percent': 0}","{'time_left_hours': 3.8000000000000003, 'capacity_left_tons': 8}",0,2026-02-01T02:45:42.000091
"{'fuel_percent': 70, 'time_left_hours': 4.9, 'capacity_left_tons': 10}","{'load_weight_tons': 2, 'additional_time_hours': 0.8, 'profit_inr': 1601}",REJECT,22.95,"{'actual_profit_inr': 0, 'delay_hours': 0, 'fuel_used_percent': 0}","{'time_left_hours': 4.1000000000000005, 'capacity_left_tons': 8}",0,2026-02-01T02:45:42.000091
"{'fuel_percent': 69, 'time_left_hours': 3.4, 'capacity_left_tons': 6}","{'load_weight_tons': 1, 'additional_time_hours': 1.7, 'profit_inr': 646}",REJECT,-16.8,"{'actual_profit_inr': 0, 'delay_hours': 0, 'fuel_used_percent': 0}","{'time_left_hours': 1.7, 'capacity_left_tons': 5}",0,2026-02-01T02:45:42.000091
"{'fuel_percent': 37, 'time_left_hours': 4.0, 'capacity_left_tons': 6}","{'load_weight_tons': 2, 'additional_time_hours': 1.0, 'profit_inr': 1062}",REJECT,9.74,"{'actual_profit_inr': 0, 'delay_hours': 0, 'fuel_used_percent': 0}","{'time_left_hours': 3.0, 'capacity_left_tons': 4}",0,2026-02-01T02:45:42.000091
"{'fuel_percent': 75, 'time_left_hours': 4.2, 'capacity_left_tons': 5}","{'load_weight_tons': 1, 'additional_time_hours': 1.5, 'profit_inr': 2765}",ACCEPT,3.44,"{'actual_profit_inr': 2715, 'delay_hours': 1.37, 'fuel_used_percent': 10}","{'time_left_hours': 2.7, 'capacity_left_tons': 4}",0,2026-02-01T02:45:42.001087
"{'fuel_percent': 73, 'time_left_hours': 5.6, 'capacity_left_tons': 10}","{'load_weight_tons': 1, 'additional_time_hours': 0.9, 'profit_inr': 2280}",REJECT,21.01,"{'actual_profit_inr': 0, 'delay_hours': 0, 'fuel_used_percent': 0}","{'time_left_hours': 4.699999999999999, 'capacity_left_tons': 9}",0,2026-02-01T02:45:42.001087
"{'fuel_percent': 55, 'time_left_hours': 4.7, 'capacity_left_tons': 6}","{'load_weight_tons': 3, 'additional_time_hours': 0.6, 'profit_inr': 1308}",ACCEPT,18.41,"{'actual_profit_inr': 1029, 'delay_hours': 1.09, 'fuel_used_percent': 6}","{'time_left_hours': 4.1000000000000005, 'capacity_left_tons': 3}",0,2026-02-01T02:45:42.001087
"{'fuel_percent': 27, 'time_left_hours': 5.0, 'capacity_left_tons': 6}","{'load_weight_tons': 3, 'additional_time_hours': 1.0, 'profit_inr': 2125}",REJECT,7.43,"{'actual_profit_inr': 0, 'delay_hours': 0, 'fuel_used_percent': 0}","{'time_left_hours': 4.0, 'capacity_left_tons': 3}",0,2026-02-01T02:45:42.001087
"{'fuel_percent': 20, 'time_left_hours': 3.5, 'capacity_left_tons': 10}","{'load_weight_tons': 2, 'additional_time_hours': 2.0, 'profit_inr': 1488}",REJECT,-5.81,"{'actual_profit_inr': 0, 'delay_hours': 0, 'fuel_used_percent': 0}","{'time_left_hours': 1.5, 'capacity_left_tons': 8}",0,2026-02-01T02:45:42.001087
"{'fuel_percent': 67, 'time_left_hours': 4.6, 'capacity_left_tons': 9}","{'load_weight_tons': 1, 'additional_time_hours': 0.6, 'profit_inr': 725}",ACCEPT,-16.67,"{'actual_profit_inr': 665, 'delay_hours': 1.23, 'fuel_used_percent': 11}","{'time_left_hours': 3.9999999999999996, 'capacity_left_tons': 8}",1,2026-02-01T02:45:42.001087
"{'fuel_percent': 44, 'time_left_hours': 5.2, 'capacity_left_tons': 2}","{'load_weight_tons': 1, 'additional_time_hours': 1.6, 'profit_inr': 1013}",ACCEPT,24.07,"{'actual_profit_inr': 770, 'delay_hours': 0.46, 'fuel_used_percent': 9}","{'time_left_hours': 3.6, 'capacity_left_tons': 1}",0,2026-02-01T02:45:42.001087
"{'fuel_percent': 51, 'time_left_hours': 3.1, 'capacity_left_tons': 5}","{'load_weight_tons': 3, 'additional_time_hours': 1.8, 'profit_inr': 948}",ACCEPT,14.78,"{'actual_profit_inr': 944, 'delay_hours': 1.47, 'fuel_used_percent': 8}","{'time_left_hours': 1.3, 'capacity_left_tons': 2}",0,2026-02-01T02:45:42.001087
"{'fuel_percent': 51, 'time_left_hours': 2.4, 'capacity_left_tons': 9}","{'load_weight_tons': 4, 'additional_time_hours': 1.6, 'profit_inr': 1057}",ACCEPT,-7.7,"{'actual_profit_inr': 898, 'delay_hours': 1.22, 'fuel_used_percent': 12}","{'time_left_hours': 0.7999999999999998, 'capacity_left_tons': 5}",0,2026-02-01T02:45:42.001087
"{'fuel_percent': 35, 'time_left_hours': 4.1, 'capacity_left_tons': 9}","{'load_weight_tons': 2, 'additional_time_hours': 0.9, 'profit_inr': 1042}",ACCEPT,9.74,"{'actual_profit_inr': 770, 'delay_hours': 0.69, 'fuel_used_percent': 12}","{'time_left_hours': 3.1999999999999997, 'capacity_left_tons': 7}",0,2026-02-01T02:45:42.001087
"{'fuel_percent': 49, 'time_left_hours': 5.7, 'capacity_left_tons': 4}","{'load_weight_tons': 2, 'additional_time_hours': 0.7, 'profit_inr': 2158}",ACCEPT,12.56,"{'actual_profit_inr': 1931, 'delay_hours': 0.54, 'fuel_used_percent': 15}","{'time_left_hours': 5.0, 'capacity_left_tons': 2}",0,2026-02-01T02:45:42.001087
"{'fuel_percent': 54, 'time_left_hours': 3.8, 'capacity_left_tons': 8}","{'load_weight_tons': 2, 'additional_time_hours': 0.8, 'profit_inr': 2537}",ACCEPT,-6.13,"{'actual_profit_inr': 2471, 'delay_hours': 0.6, 'fuel_used_percent': 15}","{'time_left_hours': 3.0, 'capacity_left_tons': 6}",0,2026-02-01T02:45:42.001087
"{'fuel_percent': 26, 'time_left_hours': 5.9, 'capacity_left_tons': 7}","{'load_weight_tons': 4, 'additional_time_hours': 1.0, 'profit_inr': 1833}",REJECT,21.44,"{'actual_profit_inr': 0, 'delay_hours': 0, 'fuel_used_percent': 0}","{'time_left_hours': 4.9, 'capacity_left_tons': 3}",0,2026-02-01T02:45:42.001087
"{'fuel_percent': 57, 'time_left_hours': 4.7, 'capacity_left_tons': 7}","{'load_weight_tons': 1, 'additional_time_hours': 0.8, 'profit_inr': 1788}",REJECT,13.49,"{'actual_profit_inr': 0, 'delay_hours': 0, 'fuel_used_percent': 0}","{'time_left_hours': 3.9000000000000004, 'capacity_left_tons': 6}",0,2026-02-01T02:45:42.001087
"{'fuel_percent': 75, 'time_left_hours': 2.2, 'capacity_left_tons': 9}","{'load_weight_tons': 1, 'additional_time_hours': 1.2, 'profit_inr': 2997}",ACCEPT,-14.38,"{'actual_profit_inr': 2937, 'delay_hours': 0.44, 'fuel_used_percent': 5}","{'time_left_hours': 1.0000000000000002, 'capacity_left_tons': 8}",0,2026-02-01T02:45:42.001087
"{'fuel_percent': 77, 'time_left_hours': 5.5, 'capacity_left_tons': 8}","{'load_weight_tons': 4, 'additional_time_hours': 0.9, 'profit_inr': 1599}",REJECT,6.71,"{'actual_profit_inr': 0, 'delay_hours': 0, 'fuel_used_percent': 0}","{'time_left_hours': 4.6, 'capacity_left_tons': 4}",0,2026-02-01T02:45:42.001087
"{'fuel_percent': 49, 'time_left_hours': 5.0, 'capacity_left_tons': 8}","{'load_weight_tons': 2, 'additional_time_hours': 1.3, 'profit_inr': 1138}",ACCEPT,26.23,"{'actual_profit_inr': 932, 'delay_hours': 1.05, 'fuel_used_percent': 15}","{'time_left_hours': 3.7, 'capacity_left_tons': 6}",0,2026-02-01T02:45:42.001087
"{'fuel_percent': 48, 'time_left_hours': 3.7, 'capacity_left_tons': 7}","{'load_weight_tons': 3, 'additional_time_hours': 1.6, 'profit_inr': 692}",REJECT,2.16,"{'actual_profit_inr': 0, 'delay_hours': 0, 'fuel_used_percent': 0}","{'time_left_hours': 2.1, 'capacity_left_tons': 4}",0,2026-02-01T02:45:42.001087
"{'fuel_percent': 40, 'time_left_hours': 5.5, 'capacity_left_tons': 5}","{'load_weight_tons': 1, 'additional_time_hours': 1.9, 'profit_inr': 2533}",ACCEPT,25.97,"{'actual_profit_inr': 2455, 'delay_hours': 0.93, 'fuel_used_percent': 11}","{'time_left_hours': 3.6, 'capacity_left_tons': 4}",0,2026-02-01T02:45:42.001087
"{'fuel_percent': 60, 'time_left_hours': 3.4, 'capacity_left_tons': 9}","{'load_weight_tons': 4, 'additional_time_hours': 1.8, 'profit_inr': 1986}",ACCEPT,0.45,"{'actual_profit_inr': 1927, 'delay_hours': 0.1, 'fuel_used_percent': 11}","{'time_left_hours': 1.5999999999999999, 'capacity_left_tons': 5}",0,2026-02-01T02:45:42.001087
"{'fuel_percent': 34, 'time_left_hours': 2.4, 'capacity_left_tons': 9}","{'load_weight_tons': 2, 'additional_time_hours': 1.6, 'profit_inr': 2836}",ACCEPT,1.67,"{'actual_profit_inr': 2610, 'delay_hours': 0.61, 'fuel_used_percent': 5}","{'time_left_hours': 0.7999999999999998, 'capacity_left_tons': 7}",0,2026-02-01T02:45:42.001087
"{'fuel_percent': 56, 'time_left_hours': 5.0, 'capacity_left_tons': 8}","{'load_weight_tons': 2, 'additional_time_hours': 1.9, 'profit_inr': 2515}",ACCEPT,-0.33,"{'actual_profit_inr': 2474, 'delay_hours': 0.8, 'fuel_used_percent': 6}","{'time_left_hours': 3.1, 'capacity_left_tons': 6}",0,2026-02-01T02:45:42.001087
"{'fuel_percent': 52, 'time_left_hours': 4.0, 'capacity_left_tons': 9}","{'load_weight_tons': 1, 'additional_time_hours': 1.6, 'profit_inr': 2859}",REJECT,-7.26,"{'actual_profit_inr': 0, 'delay_hours': 0, 'fuel_used_percent': 0}","{'time_left_hours': 2.4, 'capacity_left_tons': 8}",0,2026-02-01T02:45:42.001087
"{'fuel_percent': 35, 'time_left_hours': 4.1, 'capacity_left_tons': 3}","{'load_weight_tons': 2, 'additional_time_hours': 1.4, 'profit_inr': 2998}",REJECT,-5.79,"{'actual_profit_inr': 0, 'delay_hours': 0, 'fuel_used_percent': 0}","{'time_left_hours': 2.6999999999999997, 'capacity_left_tons': 1}",0,2026-02-01T02:45:42.001087
"{'fuel_percent': 40, 'time_left_hours': 3.7, 'capacity_left_tons': 3}","{'load_weight_tons': 3, 'additional_time_hours': 0.6, 'profit_inr': 1654}",ACCEPT,-4.55,"{'actual_profit_inr': 1542, 'delay_hours': 0.95, 'fuel_used_percent': 10}","{'time_left_hours': 3.1, 'capacity_left_tons': 0}",0,2026-02-01T02:45:42.001087
"{'fuel_percent': 45, 'time_left_hours': 2.6, 'capacity_left_tons': 3}","{'load_weight_tons': 4, 'additional_time_hours': 1.3, 'profit_inr': 614}",REJECT,-14.54,"{'actual_profit_inr': 0, 'delay_hours': 0, 'fuel_used_percent': 0}","{'time_left_hours': 1.3, 'capacity_left_tons': -1}",0,2026-02-01T02:45:42.001087
"{'fuel_percent': 68, 'time_left_hours': 4.6, 'capacity_left_tons': 3}","{'load_weight_tons': 1, 'additional_time_hours': 2.0, 'profit_inr': 1288}",ACCEPT,-16.83,"{'actual_profit_inr': 1146, 'delay_hours': 0.24, 'fuel_used_percent': 14}","{'time_left_hours': 2.5999999999999996, 'capacity_left_tons': 2}",0,2026-02-01T02:45:42.001087
"{'fuel_percent': 75, 'time_left_hours': 4.7, 'capacity_left_tons': 3}","{'load_weight_tons': 1, 'additional_time_hours': 1.1, 'profit_inr': 1377}",REJECT,16.78,"{'actual_profit_inr': 0, 'delay_hours': 0, 'fuel_used_percent': 0}","{'time_left_hours': 3.6, 'capacity_left_tons': 2}",0,2026-02-01T02:45:42.001087
"{'fuel_percent': 34, 'time_left_hours': 3.5, 'capacity_left_tons': 4}","{'load_weight_tons': 3, 'additional_time_hours': 0.9, 'profit_inr': 2938}",REJECT,19.19,"{'actual_profit_inr': 0, 'delay_hours': 0, 'fuel_used_percent': 0}","{'time_left_hours': 2.6, 'capacity_left_tons': 1}",0,2026-02-01T02:45:42.001087
"{'fuel_percent': 61, 'time_left_hours': 5.8, 'capacity_left_tons': 5}","{'load_weight_tons': 4, 'additional_time_hours': 1.1, 'profit_inr': 946}",ACCEPT,-11.83,"{'actual_profit_inr': 657, 'delay_hours': 0.61, 'fuel_used_percent': 9}","{'time_left_hours': 4.699999999999999, 'capacity_left_tons': 1}",0,2026-02-01T02:45:42.001087
"{'fuel_percent': 20, 'time_left_hours': 3.1, 'capacity_left_tons': 7}","{'load_weight_tons': 2, 'additional_time_hours': 1.8, 'profit_inr': 615}",ACCEPT,29.45,"{'actual_profit_inr': 582, 'delay_hours': 1.16, 'fuel_used_percent': 15}","{'time_left_hours': 1.3, 'capacity_left_tons': 5}",1,2026-02-01T02:45:42.001087
"{'fuel_percent': 40, 'time_left_hours': 4.7, 'capacity_left_tons': 3}","{'load_weight_tons': 3, 'additional_time_hours': 1.1, 'profit_inr': 1569}",ACCEPT,2.66,"{'actual_profit_inr': 1451, 'delay_hours': 0.99, 'fuel_used_percent': 14}","{'time_left_hours': 3.6, 'capacity_left_tons': 0}",0,2026-02-01T02:45:42.001087
"{'fuel_percent': 56, 'time_left_hours': 2.6, 'capacity_left_tons': 4}","{'load_weight_tons': 2, 'additional_time_hours': 1.0, 'profit_inr': 2657}",REJECT,19.17,"{'actual_profit_inr': 0, 'delay_hours': 0, 'fuel_used_percent': 0}","{'time_left_hours': 1.6, 'capacity_left_tons': 2}",0,2026-02-01T02:45:42.001087
"{'fuel_percent': 23, 'time_left_hours': 5.8, 'capacity_left_tons': 9}","{'load_weight_tons': 2, 'additional_time_hours': 1.0, 'profit_inr': 2098}",REJECT,16.7,"{'actual_profit_inr': 0, 'delay_hours': 0, 'fuel_used_percent': 0}","{'time_left_hours': 4.8, 'capacity_left_tons': 7}",0,2026-02-01T02:45:42.001087
"{'fuel_percent': 39, 'time_left_hours': 3.0, 'capacity_left_tons': 3}","{'load_weight_tons': 3, 'additional_time_hours': 1.2, 'profit_inr': 2136}",ACCEPT,-9.56,"{'actual_profit_inr': 1991, 'delay_hours': 0.29, 'fuel_used_percent': 10}","{'time_left_hours': 1.8, 'capacity_left_tons': 0}",0,2026-02-01T02:45:42.001087
"{'fuel_percent': 78, 'time_left_hours': 2.7, 'capacity_left_tons': 9}","{'load_weight_tons': 3, 'additional_time_hours': 0.7, 'profit_inr': 1440}",REJECT,17.92,"{'actual_profit_inr': 0, 'delay_hours': 0, 'fuel_used_percent': 0}","{'time_left_hours': 2.0, 'capacity_left_tons': 6}",0,2026-02-01T02:45:42.001087
"{'fuel_percent': 61, 'time_left_hours': 5.5, 'capacity_left_tons': 9}","{'load_weight_tons': 1, 'additional_time_hours': 2.0, 'profit_inr': 2321}",ACCEPT,0.75,"{'actual_profit_inr': 2183, 'delay_hours': 0.07, 'fuel_used_percent': 5}","{'time_left_hours': 3.5, 'capacity_left_tons': 8}",0,2026-02-01T02:45:42.001087
"{'fuel_percent': 70, 'time_left_hours': 5.1, 'capacity_left_tons': 5}","{'load_weight_tons': 4, 'additional_time_hours': 1.1, 'profit_inr': 2293}",REJECT,24.24,"{'actual_profit_inr': 0, 'delay_hours': 0, 'fuel_used_percent': 0}","{'time_left_hours': 3.9999999999999996, 'capacity_left_tons': 1}",0,2026-02-01T02:45:42.001087
"{'fuel_percent': 42, 'time_left_hours': 5.1, 'capacity_left_tons': 5}","{'load_weight_tons': 2, 'additional_time_hours': 0.8, 'profit_inr': 2955}",ACCEPT,-5.69,"{'actual_profit_inr': 2804, 'delay_hours': 0.63, 'fuel_used_percent': 7}","{'time_left_hours': 4.3, 'capacity_left_tons': 3}",0,2026-02-01T02:45:42.001087
"{'fuel_percent': 20, 'time_left_hours': 5.9, 'capacity_left_tons': 4}","{'load_weight_tons': 3, 'additional_time_hours': 0.8, 'profit_inr': 1276}",ACCEPT,-18.92,"{'actual_profit_inr': 1207, 'delay_hours': 0.47, 'fuel_used_percent': 15}","{'time_left_hours': 5.1000000000000005, 'capacity_left_tons': 1}",0,2026-02-01T02:45:42.001087
"{'fuel_percent': 54, 'time_left_hours': 5.0, 'capacity_left_tons': 9}","{'load_weight_tons': 2, 'additional_time_hours': 1.9, 'profit_inr': 1659}",REJECT,18.21,"{'actual_profit_inr': 0, 'delay_hours': 0, 'fuel_used_percent': 0}","{'time_left_hours': 3.1, 'capacity_left_tons': 7}",0,2026-02-01T02:45:42.001087
"{'fuel_percent': 63, 'time_left_hours': 2.9, 'capacity_left_tons': 2}","{'load_weight_tons': 4, 'additional_time_hours': 1.0, 'profit_inr': 2440}",ACCEPT,3.65,"{'actual_profit_inr': 2342, 'delay_hours': 1.38, 'fuel_used_percent': 10}","{'time_left_hours': 1.9, 'capacity_left_tons': -2}",0,2026-02-01T02:45:42.001087
"{'fuel_percent': 29, 'time_left_hours': 3.5, 'capacity_left_tons': 8}","{'load_weight_tons': 2, 'additional_time_hours': 1.4, 'profit_inr': 2525}",REJECT,26.28,"{'actual_profit_inr': 0, 'delay_hours': 0, 'fuel_used_percent': 0}","{'time_left_hours': 2.1, 'capacity_left_tons': 6}",0,2026-02-01T02:45:42.001087
"{'fuel_percent': 30, 'time_left_hours': 3.3, 'capacity_left_tons': 10}","{'load_weight_tons': 2, 'additional_time_hours': 1.5, 'profit_inr': 1863}",REJECT,-0.96,"{'actual_profit_inr': 0, 'delay_hours': 0, 'fuel_used_percent': 0}","{'time_left_hours': 1.7999999999999998, 'capacity_left_tons': 8}",0,2026-02-01T02:45:42.001087
"{'fuel_percent': 50, 'time_left_hours': 5.4, 'capacity_left_tons': 7}","{'load_weight_tons': 2, 'additional_time_hours': 1.4, 'profit_inr': 1625}",ACCEPT,18.98,"{'actual_profit_inr': 1470, 'delay_hours': 0.41, 'fuel_used_percent': 8}","{'time_left_hours': 4.0, 'capacity_left_tons': 5}",0,2026-02-01T02:45:42.001087
"{'fuel_percent': 25, 'time_left_hours': 3.7, 'capacity_left_tons': 9}","{'load_weight_tons': 3, 'additional_time_hours': 0.7, 'profit_inr': 1950}",REJECT,28.47,"{'actual_profit_inr': 0, 'delay_hours': 0, 'fuel_used_percent': 0}","{'time_left_hours': 3.0, 'capacity_left_tons': 6}",0,2026-02-01T02:45:42.001087
"{'fuel_percent': 80, 'time_left_hours': 5.5, 'capacity_left_tons': 6}","{'load_weight_tons': 4, 'additional_time_hours': 0.5, 'profit_inr': 2893}",REJECT,-2.6,"{'actual_profit_inr': 0, 'delay_hours': 0, 'fuel_used_percent': 0}","{'time_left_hours': 5.0, 'capacity_left_tons': 2}",0,2026-02-01T02:45:42.001087
"{'fuel_percent': 23, 'time_left_hours': 3.9, 'capacity_left_tons': 8}","{'load_weight_tons': 2, 'additional_time_hours': 1.5, 'profit_inr': 812}",ACCEPT,2.23,"{'actual_profit_inr': 546, 'delay_hours': 0.16, 'fuel_used_percent': 6}","{'time_left_hours': 2.4, 'capacity_left_tons': 6}",0,2026-02-01T02:45:42.001087
"{'fuel_percent': 41, 'time_left_hours': 4.4, 'capacity_left_tons': 9}","{'load_weight_tons': 3, 'additional_time_hours': 1.1, 'profit_inr': 2292}",ACCEPT,-19.56,"{'actual_profit_inr': 2198, 'delay_hours': 1.1, 'fuel_used_percent': 6}","{'time_left_hours': 3.3000000000000003, 'capacity_left_tons': 6}",0,2026-02-01T02:45:42.001087
"{'fuel_percent': 21, 'time_left_hours': 3.6, 'capacity_left_tons': 10}","{'load_weight_tons': 3, 'additional_time_hours': 0.6, 'profit_inr': 2134}",ACCEPT,-14.98,"{'actual_profit_inr': 1966, 'delay_hours': 1.06, 'fuel_used_percent': 7}","{'time_left_hours': 3.0, 'capacity_left_tons': 7}",0,2026-02-01T02:45:42.001087
"{'fuel_percent': 46, 'time_left_hours': 2.5, 'capacity_left_tons': 9}","{'load_weight_tons': 1, 'additional_time_hours': 1.2, 'profit_inr': 1407}",REJECT,15.27,"{'actual_profit_inr': 0, 'delay_hours': 0, 'fuel_used_percent': 0}","{'time_left_hours': 1.3, 'capacity_left_tons': 8}",0,2026-02-01T02:45:42.001087
"{'fuel_percent': 37, 'time_left_hours': 5.6, 'capacity_left_tons': 7}","{'load_weight_tons': 1, 'additional_time_hours': 2.0, 'profit_inr': 1016}",REJECT,21.04,"{'actual_profit_inr': 0, 'delay_hours': 0, 'fuel_used_percent': 0}","{'time_left_hours': 3.5999999999999996, 'capacity_left_tons': 6}",0,2026-02-01T02:45:42.001087
"{'fuel_percent': 21, 'time_left_hours': 5.1, 'capacity_left_tons': 9}","{'load_weight_tons': 1, 'additional_time_hours': 1.7, 'profit_inr': 1131}",REJECT,-16.8,"{'actual_profit_inr': 0, 'delay_hours': 0, 'fuel_used_percent': 0}","{'time_left_hours': 3.3999999999999995, 'capacity_left_tons': 8}",0,2026-02-01T02:45:42.001087
"{'fuel_percent': 23, 'time_left_hours': 4.1, 'capacity_left_tons': 6}","{'load_weight_tons': 4, 'additional_time_hours': 1.1, 'profit_inr': 2200}",REJECT,-16.89,"{'actual_profit_inr': 0, 'delay_hours': 0, 'fuel_used_percent': 0}","{'time_left_hours': 2.9999999999999996, 'capacity_left_tons': 2}",0,2026-02-01T02:45:42.001087
"{'fuel_percent': 71, 'time_left_hours': 5.3, 'capacity_left_tons': 5}","{'load_weight_tons': 2, 'additional_time_hours': 0.6, 'profit_inr': 1922}",REJECT,-12.75,"{'actual_profit_inr': 0, 'delay_hours': 0, 'fuel_used_percent': 0}","{'time_left_hours': 4.7, 'capacity_left_tons': 3}",0,2026-02-01T02:45:42.001087
"{'fuel_percent': 63, 'time_left_hours': 3.2, 'capacity_left_tons': 6}","{'load_weight_tons': 3, 'additional_time_hours': 1.9, 'profit_inr': 1838}",ACCEPT,16.73,"{'actual_profit_inr': 1822, 'delay_hours': 0.72, 'fuel_used_percent': 6}","{'time_left_hours': 1.3000000000000003, 'capacity_left_tons': 3}",0,2026-02-01T02:45:42.001087
"{'fuel_percent': 73, 'time_left_hours': 4.1, 'capacity_left_tons': 7}","{'load_weight_tons': 2, 'additional_time_hours': 1.8, 'profit_inr': 568}",REJECT,14.63,"{'actual_profit_inr': 0, 'delay_hours': 0, 'fuel_used_percent': 0}","{'time_left_hours': 2.3, 'capacity_left_tons': 5}",0,2026-02-01T02:45:42.001087
"{'fuel_percent': 44, 'time_left_hours': 5.8, 'capacity_left_tons': 9}","{'load_weight_tons': 2, 'additional_time_hours': 1.8, 'profit_inr': 581}",REJECT,24.44,"{'actual_profit_inr': 0, 'delay_hours': 0, 'fuel_used_percent': 0}","{'time_left_hours': 4.0, 'capacity_left_tons': 7}",0,2026-02-01T02:45:42.001087
"{'fuel_percent': 60, 'time_left_hours': 4.7, 'capacity_left_tons': 10}","{'load_weight_tons': 2, 'additional_time_hours': 1.4, 'profit_inr': 2370}",REJECT,28.48,"{'actual_profit_inr': 0, 'delay_hours': 0, 'fuel_used_percent': 0}","{'time_left_hours': 3.3000000000000003, 'capacity_left_tons': 8}",0,2026-02-01T02:45:42.001087
"{'fuel_percent': 69, 'time_left_hours': 4.1, 'capacity_left_tons': 5}","{'load_weight_tons': 3, 'additional_time_hours': 1.9, 'profit_inr': 1018}",REJECT,24.78,"{'actual_profit_inr': 0, 'delay_hours': 0, 'fuel_used_percent': 0}","{'time_left_hours': 2.1999999999999997, 'capacity_left_tons': 2}",0,2026-02-01T02:45:42.001087
"{'fuel_percent': 50, 'time_left_hours': 5.7, 'capacity_left_tons': 5}","{'load_weight_tons': 2, 'additional_time_hours': 1.7, 'profit_inr': 1167}",REJECT,26.13,"{'actual_profit_inr': 0, 'delay_hours': 0, 'fuel_used_percent': 0}","{'time_left_hours': 4.0, 'capacity_left_tons': 3}",0,2026-02-01T02:45:42.002092
"{'fuel_percent': 23, 'time_left_hours': 3.9, 'capacity_left_tons': 2}","{'load_weight_tons': 3, 'additional_time_hours': 1.0, 'profit_inr': 2327}",ACCEPT,-8.05,"{'actual_profit_inr': 2056, 'delay_hours': 1.04, 'fuel_used_percent': 10}","{'time_left_hours': 2.9, 'capacity_left_tons': -1}",0,2026-02-01T02:45:42.002092
"{'fuel_percent': 23, 'time_left_hours': 5.8, 'capacity_left_tons': 9}","{'load_weight_tons': 4, 'additional_time_hours': 2.0, 'profit_inr': 854}",REJECT,21.03,"{'actual_profit_inr': 0, 'delay_hours': 0, 'fuel_used_percent': 0}","{'time_left_hours': 3.8, 'capacity_left_tons': 5}",0,2026-02-01T02:45:42.002092
"{'fuel_percent': 44, 'time_left_hours': 4.6, 'capacity_left_tons': 8}","{'load_weight_tons': 4, 'additional_time_hours': 0.7, 'profit_inr': 1128}",REJECT,22.98,"{'actual_profit_inr': 0, 'delay_hours': 0, 'fuel_used_percent': 0}","{'time_left_hours': 3.8999999999999995, 'capacity_left_tons': 4}",0,2026-02-01T02:45:42.002092
"{'fuel_percent': 66, 'time_left_hours': 4.4, 'capacity_left_tons': 5}","{'load_weight_tons': 1, 'additional_time_hours': 1.6, 'profit_inr': 2744}",ACCEPT,-16.44,"{'actual_profit_inr': 2529, 'delay_hours': 1.2, 'fuel_used_percent': 10}","{'time_left_hours': 2.8000000000000003, 'capacity_left_tons': 4}",0,2026-02-01T02:45:42.002092
"{'fuel_percent': 29, 'time_left_hours': 2.4, 'capacity_left_tons': 5}","{'load_weight_tons': 4, 'additional_time_hours': 2.0, 'profit_inr': 1423}",REJECT,-8.17,"{'actual_profit_inr': 0, 'delay_hours': 0, 'fuel_used_percent': 0}","{'time_left_hours': 0.3999999999999999, 'capacity_left_tons': 1}",0,2026-02-01T02:45:42.002092
"{'fuel_percent': 22, 'time_left_hours': 2.3, 'capacity_left_tons': 4}","{'load_weight_tons': 1, 'additional_time_hours': 1.2, 'profit_inr': 914}",ACCEPT,-4.44,"{'actual_profit_inr': 746, 'delay_hours': 0.29, 'fuel_used_percent': 11}","{'time_left_hours': 1.0999999999999999, 'capacity_left_tons': 3}",0,2026-02-01T02:45:42.002092
"{'fuel_percent': 28, 'time_left_hours': 5.9, 'capacity_left_tons': 10}","{'load_weight_tons': 1, 'additional_time_hours': 1.7, 'profit_inr': 2120}",REJECT,28.86,"{'actual_profit_inr': 0, 'delay_hours': 0, 'fuel_used_percent': 0}","{'time_left_hours': 4.2, 'capacity_left_tons': 9}",0,2026-02-01T02:45:42.002092
"{'fuel_percent': 39, 'time_left_hours': 3.3, 'capacity_left_tons': 3}","{'load_weight_tons': 4, 'additional_time_hours': 1.1, 'profit_inr': 2095}",ACCEPT,-19.27,"{'actual_profit_inr': 1953, 'delay_hours': 1.22, 'fuel_used_percent': 13}","{'time_left_hours': 2.1999999999999997, 'capacity_left_tons': -1}",0,2026-02-01T02:45:42.002092
"{'fuel_percent': 32, 'time_left_hours': 2.7, 'capacity_left_tons': 7}","{'load_weight_tons': 1, 'additional_time_hours': 1.0, 'profit_inr': 674}",ACCEPT,-6.76,"{'actual_profit_inr': 515, 'delay_hours': 1.24, 'fuel_used_percent': 13}","{'time_left_hours': 1.7000000000000002, 'capacity_left_tons': 6}",1,2026-02-01T02:45:42.002092
"{'fuel_percent': 37, 'time_left_hours': 2.4, 'capacity_left_tons': 7}","{'load_weight_tons': 1, 'additional_time_hours': 0.5, 'profit_inr': 2167}",ACCEPT,-7.97,"{'actual_profit_inr': 1946, 'delay_hours': 1.02, 'fuel_used_percent': 10}","{'time_left_hours': 1.9, 'capacity_left_tons': 6}",0,2026-02-01T02:45:42.002092
"{'fuel_percent': 66, 'time_left_hours': 3.1, 'capacity_left_tons': 4}","{'load_weight_tons': 2, 'additional_time_hours': 1.5, 'profit_inr': 2283}",ACCEPT,-14.53,"{'actual_profit_inr': 2280, 'delay_hours': 0.01, 'fuel_used_percent': 13}","{'time_left_hours': 1.6, 'capacity_left_tons': 2}",0,2026-02-01T02:45:42.002092
"{'fuel_percent': 47, 'time_left_hours': 5.9, 'capacity_left_tons': 10}","{'load_weight_tons': 1, 'additional_time_hours': 0.9, 'profit_inr': 1159}",REJECT,-17.09,"{'actual_profit_inr': 0, 'delay_hours': 0, 'fuel_used_percent': 0}","{'time_left_hours': 5.0, 'capacity_left_tons': 9}",0,2026-02-01T02:45:42.002092
"{'fuel_percent': 32, 'time_left_hours': 2.7, 'capacity_left_tons': 4}","{'load_weight_tons': 4, 'additional_time_hours': 0.6, 'profit_inr': 611}",ACCEPT,28.81,"{'actual_profit_inr': 563, 'delay_hours': 0.21, 'fuel_used_percent': 6}","{'time_left_hours': 2.1, 'capacity_left_tons': 0}",0,2026-02-01T02:45:42.002092
"{'fuel_percent': 24, 'time_left_hours': 2.2, 'capacity_left_tons': 5}","{'load_weight_tons': 2, 'additional_time_hours': 0.9, 'profit_inr': 2112}",ACCEPT,-16.68,"{'actual_profit_inr': 1905, 'delay_hours': 1.42, 'fuel_used_percent': 7}","{'time_left_hours': 1.3000000000000003, 'capacity_left_tons': 3}",0,2026-02-01T02:45:42.002092
"{'fuel_percent': 56, 'time_left_hours': 4.5, 'capacity_left_tons': 5}","{'load_weight_tons': 3, 'additional_time_hours': 0.7, 'profit_inr': 609}",REJECT,1.9,"{'actual_profit_inr': 0, 'delay_hours': 0, 'fuel_used_percent': 0}","{'time_left_hours': 3.8, 'capacity_left_tons': 2}",0,2026-02-01T02:45:42.002092
"{'fuel_percent': 68, 'time_left_hours': 3.4, 'capacity_left_tons': 3}","{'load_weight_tons': 1, 'additional_time_hours': 1.8, 'profit_inr': 1133}",ACCEPT,-18.51,"{'actual_profit_inr': 975, 'delay_hours': 1.26, 'fuel_used_percent': 10}","{'time_left_hours': 1.5999999999999999, 'capacity_left_tons': 2}",0,2026-02-01T02:45:42.002092
"{'fuel_percent': 44, 'time_left_hours': 4.8, 'capacity_left_tons': 5}","{'load_weight_tons': 4, 'additional_time_hours': 0.7, 'profit_inr': 1229}",ACCEPT,14.29,"{'actual_profit_inr': 1190, 'delay_hours': 0.85, 'fuel_used_percent': 5}","{'time_left_hours': 4.1, 'capacity_left_tons': 1}",0,2026-02-01T02:45:42.002092
"{'fuel_percent': 53, 'time_left_hours': 5.3, 'capacity_left_tons': 6}","{'load_weight_tons': 3, 'additional_time_hours': 0.8, 'profit_inr': 2470}",REJECT,7.5,"{'actual_profit_inr': 0, 'delay_hours': 0, 'fuel_used_percent': 0}","{'time_left_hours': 4.5, 'capacity_left_tons': 3}",0,2026-02-01T02:45:42.002092
"{'fuel_percent': 34, 'time_left_hours': 6.0, 'capacity_left_tons': 3}","{'load_weight_tons': 1, 'additional_time_hours': 0.6, 'profit_inr': 833}",ACCEPT,16.07,"{'actual_profit_inr': 704, 'delay_hours': 0.72, 'fuel_used_percent': 8}","{'time_left_hours': 5.4, 'capacity_left_tons': 2}",0,2026-02-01T02:45:42.002092
"{'fuel_percent': 53, 'time_left_hours': 3.2, 'capacity_left_tons': 2}","{'load_weight_tons': 4, 'additional_time_hours': 1.2, 'profit_inr': 2086}",REJECT,9.19,"{'actual_profit_inr': 0, 'delay_hours': 0, 'fuel_used_percent': 0}","{'time_left_hours': 2.0, 'capacity_left_tons': -2}",0,2026-02-01T02:45:42.002092
"{'fuel_percent': 43, 'time_left_hours': 2.5, 'capacity_left_tons': 4}","{'load_weight_tons': 2, 'additional_time_hours': 1.6, 'profit_inr': 1461}",ACCEPT,-8.2,"{'actual_profit_inr': 1363, 'delay_hours': 0.62, 'fuel_used_percent': 11}","{'time_left_hours': 0.8999999999999999, 'capacity_left_tons': 2}",0,2026-02-01T02:45:42.002092
"{'fuel_percent': 69, 'time_left_hours': 3.3, 'capacity_left_tons': 2}","{'load_weight_tons': 4, 'additional_time_hours': 1.3, 'profit_inr': 2297}",REJECT,29.82,"{'actual_profit_inr': 0, 'delay_hours': 0, 'fuel_used_percent': 0}","{'time_left_hours': 1.9999999999999998, 'capacity_left_tons': -2}",0,2026-02-01T02:45:42.002092
"{'fuel_percent': 46, 'time_left_hours': 3.6, 'capacity_left_tons': 6}","{'load_weight_tons': 3, 'additional_time_hours': 2.0, 'profit_inr': 780}",REJECT,-18.35,"{'actual_profit_inr': 0, 'delay_hours': 0, 'fuel_used_percent': 0}","{'time_left_hours': 1.6, 'capacity_left_tons': 3}",0,2026-02-01T02:45:42.002092
"{'fuel_percent': 80, 'time_left_hours': 2.7, 'capacity_left_tons': 8}","{'load_weight_tons': 3, 'additional_time_hours': 0.6, 'profit_inr': 1071}",REJECT,8.67,"{'actual_profit_inr': 0, 'delay_hours': 0, 'fuel_used_percent': 0}","{'time_left_hours': 2.1, 'capacity_left_tons': 5}",0,2026-02-01T02:45:42.002092
"{'fuel_percent': 77, 'time_left_hours': 2.7, 'capacity_left_tons': 6}","{'load_weight_tons': 4, 'additional_time_hours': 0.6, 'profit_inr': 2374}",REJECT,5.06,"{'actual_profit_inr': 0, 'delay_hours': 0, 'fuel_used_percent': 0}","{'time_left_hours': 2.1, 'capacity_left_tons': 2}",0,2026-02-01T02:45:42.002092
"{'fuel_percent': 73, 'time_left_hours': 3.6, 'capacity_left_tons': 9}","{'load_weight_tons': 1, 'additional_time_hours': 1.4, 'profit_inr': 918}",ACCEPT,9.37,"{'actual_profit_inr': 785, 'delay_hours': 0.27, 'fuel_used_percent': 11}","{'time_left_hours': 2.2, 'capacity_left_tons': 8}",0,2026-02-01T02:45:42.002092
"{'fuel_percent': 37, 'time_left_hours': 6.0, 'capacity_left_tons': 3}","{'load_weight_tons': 4, 'additional_time_hours': 0.8, 'profit_inr': 1032}",REJECT,26.91,"{'actual_profit_inr': 0, 'delay_hours': 0, 'fuel_used_percent': 0}","{'time_left_hours': 5.2, 'capacity_left_tons': -1}",0,2026-02-01T02:45:42.002092
"{'fuel_percent': 44, 'time_left_hours': 5.3, 'capacity_left_tons': 7}","{'load_weight_tons': 2, 'additional_time_hours': 1.9, 'profit_inr': 2408}",REJECT,0.33,"{'actual_profit_inr': 0, 'delay_hours': 0, 'fuel_used_percent': 0}","{'time_left_hours': 3.4, 'capacity_left_tons': 5}",0,2026-02-01T02:45:42.002092
"{'fuel_percent': 57, 'time_left_hours': 2.6, 'capacity_left_tons': 6}","{'load_weight_tons': 1, 'additional_time_hours': 2.0, 'profit_inr': 1461}",ACCEPT,-16.17,"{'actual_profit_inr': 1224, 'delay_hours': 0.47, 'fuel_used_percent': 8}","{'time_left_hours': 0.6000000000000001, 'capacity_left_tons': 5}",0,2026-02-01T02:45:42.002092
"{'fuel_percent': 51, 'time_left_hours': 2.7, 'capacity_left_tons': 8}","{'load_weight_tons': 3, 'additional_time_hours': 1.1, 'profit_inr': 1812}",ACCEPT,4.52,"{'actual_profit_inr': 1756, 'delay_hours': 0.98, 'fuel_used_percent': 8}","{'time_left_hours': 1.6, 'capacity_left_tons': 5}",0,2026-02-01T02:45:42.002092
"{'fuel_percent': 76, 'time_left_hours': 2.4, 'capacity_left_tons': 8}","{'load_weight_tons': 2, 'additional_time_hours': 1.5, 'profit_inr': 915}",REJECT,-5.06,"{'actual_profit_inr': 0, 'delay_hours': 0, 'fuel_used_percent': 0}","{'time_left_hours': 0.8999999999999999, 'capacity_left_tons': 6}",0,2026-02-01T02:45:42.002092
"{'fuel_percent': 23, 'time_left_hours': 2.4, 'capacity_left_tons': 8}","{'load_weight_tons': 2, 'additional_time_hours': 0.9, 'profit_inr': 1179}",ACCEPT,-0.89,"{'actual_profit_inr': 948, 'delay_hours': 1.01, 'fuel_used_percent': 14}","{'time_left_hours': 1.5, 'capacity_left_tons': 6}",0,2026-02-01T02:45:42.002092
"{'fuel_percent': 40, 'time_left_hours': 3.8, 'capacity_left_tons': 9}","{'load_weight_tons': 3, 'additional_time_hours': 0.8, 'profit_inr': 986}",REJECT,1.7,"{'actual_profit_inr': 0, 'delay_hours': 0, 'fuel_used_percent': 0}","{'time_left_hours': 3.0, 'capacity_left_tons': 6}",0,2026-02-01T02:45:42.002092
"{'fuel_percent': 73, 'time_left_hours': 3.5, 'capacity_left_tons': 9}","{'load_weight_tons': 4, 'additional_time_hours': 1.5, 'profit_inr': 998}",REJECT,10.64,"{'actual_profit_inr': 0, 'delay_hours': 0, 'fuel_used_percent': 0}","{'time_left_hours': 2.0, 'capacity_left_tons': 5}",0,2026-02-01T02:45:42.002092
"{'fuel_percent': 29, 'time_left_hours': 5.1, 'capacity_left_tons': 9}","{'load_weight_tons': 2, 'additional_time_hours': 1.2, 'profit_inr': 1395}",REJECT,3.5,"{'actual_profit_inr': 0, 'delay_hours': 0, 'fuel_used_percent': 0}","{'time_left_hours': 3.8999999999999995, 'capacity_left_tons': 7}",0,2026-02-01T02:45:42.002092
"{'fuel_percent': 70, 'time_left_hours': 2.4, 'capacity_left_tons': 9}","{'load_weight_tons': 4, 'additional_time_hours': 0.8, 'profit_inr': 2321}",REJECT,-2.59,"{'actual_profit_inr': 0, 'delay_hours': 0, 'fuel_used_percent': 0}","{'time_left_hours': 1.5999999999999999, 'capacity_left_tons': 5}",0,2026-02-01T02:45:42.002092
"{'fuel_percent': 67, 'time_left_hours': 4.5, 'capacity_left_tons': 8}","{'load_weight_tons': 4, 'additional_time_hours': 1.7, 'profit_inr': 1018}",ACCEPT,-12.51,"{'actual_profit_inr': 748, 'delay_hours': 1.33, 'fuel_used_percent': 12}","{'time_left_hours': 2.8, 'capacity_left_tons': 4}",1,2026-02-01T02:45:42.002092
"{'fuel_percent': 80, 'time_left_hours': 3.8, 'capacity_left_tons': 5}","{'load_weight_tons': 4, 'additional_time_hours': 1.6, 'profit_inr': 722}",ACCEPT,-12.55,"{'actual_profit_inr': 657, 'delay_hours': 0.77, 'fuel_used_percent': 10}","{'time_left_hours': 2.1999999999999997, 'capacity_left_tons': 1}",0,2026-02-01T02:45:42.002092
"{'fuel_percent': 32, 'time_left_hours': 4.6, 'capacity_left_tons': 7}","{'load_weight_tons': 1, 'additional_time_hours': 1.9, 'profit_inr': 2675}",ACCEPT,-7.82,"{'actual_profit_inr': 2412, 'delay_hours': 0.58, 'fuel_used_percent': 11}","{'time_left_hours': 2.6999999999999997, 'capacity_left_tons': 6}",0,2026-02-01T02:45:42.002092
"{'fuel_percent': 20, 'time_left_hours': 4.6, 'capacity_left_tons': 10}","{'load_weight_tons': 3, 'additional_time_hours': 1.7, 'profit_inr': 788}",REJECT,17.11,"{'actual_profit_inr': 0, 'delay_hours': 0, 'fuel_used_percent': 0}","{'time_left_hours': 2.8999999999999995, 'capacity_left_tons': 7}",0,2026-02-01T02:45:42.002092
"{'fuel_percent': 42, 'time_left_hours': 5.9, 'capacity_left_tons': 3}","{'load_weight_tons': 3, 'additional_time_hours': 0.7, 'profit_inr': 2659}",REJECT,-7.7,"{'actual_profit_inr': 0, 'delay_hours': 0, 'fuel_used_percent': 0}","{'time_left_hours': 5.2, 'capacity_left_tons': 0}",0,2026-02-01T02:45:42.002092
"{'fuel_percent': 60, 'time_left_hours': 5.3, 'capacity_left_tons': 3}","{'load_weight_tons': 1, 'additional_time_hours': 1.6, 'profit_inr': 2776}",REJECT,-4.21,"{'actual_profit_inr': 0, 'delay_hours': 0, 'fuel_used_percent': 0}","{'time_left_hours': 3.6999999999999997, 'capacity_left_tons': 2}",0,2026-02-01T02:45:42.002092
"{'fuel_percent': 29, 'time_left_hours': 4.1, 'capacity_left_tons': 8}","{'load_weight_tons': 1, 'additional_time_hours': 1.3, 'profit_inr': 579}",REJECT,14.77,"{'actual_profit_inr': 0, 'delay_hours': 0, 'fuel_used_percent': 0}","{'time_left_hours': 2.8, 'capacity_left_tons': 7}",0,2026-02-01T02:45:42.002092
"{'fuel_percent': 51, 'time_left_hours': 5.0, 'capacity_left_tons': 8}","{'load_weight_tons': 1, 'additional_time_hours': 1.6, 'profit_inr': 1582}",ACCEPT,20.89,"{'actual_profit_inr': 1397, 'delay_hours': 0.79, 'fuel_used_percent': 15}","{'time_left_hours': 3.4, 'capacity_left_tons': 7}",0,2026-02-01T02:45:42.002092
"{'fuel_percent': 47, 'time_left_hours': 3.2, 'capacity_left_tons': 5}","{'load_weight_tons': 1, 'additional_time_hours': 1.6, 'profit_inr': 919}",ACCEPT,16.26,"{'actual_profit_inr': 736, 'delay_hours': 0.19, 'fuel_used_percent': 6}","{'time_left_hours': 1.6, 'capacity_left_tons': 4}",0,2026-02-01T02:45:42.002092
"{'fuel_percent': 55, 'time_left_hours': 3.2, 'capacity_left_tons': 7}","{'load_weight_tons': 2, 'additional_time_hours': 0.6, 'profit_inr': 1843}",REJECT,11.67,"{'actual_profit_inr': 0, 'delay_hours': 0, 'fuel_used_percent': 0}","{'time_left_hours': 2.6, 'capacity_left_tons': 5}",0,2026-02-01T02:45:42.002092
"{'fuel_percent': 39, 'time_left_hours': 4.4, 'capacity_left_tons': 9}","{'load_weight_tons': 4, 'additional_time_hours': 1.5, 'profit_inr': 2893}",REJECT,-5.02,"{'actual_profit_inr': 0, 'delay_hours': 0, 'fuel_used_percent': 0}","{'time_left_hours': 2.9000000000000004, 'capacity_left_tons': 5}",0,2026-02-01T02:45:42.002092
"{'fuel_percent': 75, 'time_left_hours': 5.5, 'capacity_left_tons': 3}","{'load_weight_tons': 2, 'additional_time_hours': 0.8, 'profit_inr': 876}",ACCEPT,3.14,"{'actual_profit_inr': 600, 'delay_hours': 0.95, 'fuel_used_percent': 13}","{'time_left_hours': 4.7, 'capacity_left_tons': 1}",0,2026-02-01T02:45:42.002092
"{'fuel_percent': 64, 'time_left_hours': 2.4, 'capacity_left_tons': 9}","{'load_weight_tons': 1, 'additional_time_hours': 1.7, 'profit_inr': 1650}",REJECT,-10.56,"{'actual_profit_inr': 0, 'delay_hours': 0, 'fuel_used_percent': 0}","{'time_left_hours': 0.7, 'capacity_left_tons': 8}",0,2026-02-01T02:45:42.002092
"{'fuel_percent': 27, 'time_left_hours': 2.9, 'capacity_left_tons': 3}","{'load_weight_tons': 4, 'additional_time_hours': 1.0, 'profit_inr': 2252}",REJECT,6.28,"{'actual_profit_inr': 0, 'delay_hours': 0, 'fuel_used_percent': 0}","{'time_left_hours': 1.9, 'capacity_left_tons': -1}",0,2026-02-01T02:45:42.002092
"{'fuel_percent': 39, 'time_left_hours': 4.2, 'capacity_left_tons': 3}","{'load_weight_tons': 3, 'additional_time_hours': 1.4, 'profit_inr': 1536}",REJECT,14.38,"{'actual_profit_inr': 0, 'delay_hours': 0, 'fuel_used_percent': 0}","{'time_left_hours': 2.8000000000000003, 'capacity_left_tons': 0}",0,2026-02-01T02:45:42.002092
"{'fuel_percent': 47, 'time_left_hours': 3.2, 'capacity_left_tons': 10}","{'load_weight_tons': 1, 'additional_time_hours': 1.9, 'profit_inr': 1027}",REJECT,7.83,"{'actual_profit_inr': 0, 'delay_hours': 0, 'fuel_used_percent': 0}","{'time_left_hours': 1.3000000000000003, 'capacity_left_tons': 9}",0,2026-02-01T02:45:42.002092
"{'fuel_percent': 43, 'time_left_hours': 2.9, 'capacity_left_tons': 9}","{'load_weight_tons': 1, 'additional_time_hours': 0.7, 'profit_inr': 1742}",ACCEPT,-15.07,"{'actual_profit_inr': 1602, 'delay_hours': 0.5, 'fuel_used_percent': 5}","{'time_left_hours': 2.2, 'capacity_left_tons': 8}",0,2026-02-01T02:45:42.002092
"{'fuel_percent': 32, 'time_left_hours': 3.6, 'capacity_left_tons': 2}","{'load_weight_tons': 2, 'additional_time_hours': 0.7, 'profit_inr': 2588}",ACCEPT,-5.8,"{'actual_profit_inr': 2486, 'delay_hours': 1.44, 'fuel_used_percent': 9}","{'time_left_hours': 2.9000000000000004, 'capacity_left_tons': 0}",0,2026-02-01T02:45:42.002092
"{'fuel_percent': 69, 'time_left_hours': 4.0, 'capacity_left_tons': 4}","{'load_weight_tons': 4, 'additional_time_hours': 1.1, 'profit_inr': 572}",ACCEPT,8.59,"{'actual_profit_inr': 471, 'delay_hours': 0.04, 'fuel_used_percent': 15}","{'time_left_hours': 2.9, 'capacity_left_tons': 0}",0,2026-02-01T02:45:42.002092
"{'fuel_percent': 44, 'time_left_hours': 2.6, 'capacity_left_tons': 10}","{'load_weight_tons': 1, 'additional_time_hours': 0.7, 'profit_inr': 743}",REJECT,21.63,"{'actual_profit_inr': 0, 'delay_hours': 0, 'fuel_used_percent': 0}","{'time_left_hours': 1.9000000000000001, 'capacity_left_tons': 9}",0,2026-02-01T02:45:42.002092
"{'fuel_percent': 46, 'time_left_hours': 3.0, 'capacity_left_tons': 5}","{'load_weight_tons': 1, 'additional_time_hours': 1.6, 'profit_inr': 2632}",REJECT,16.87,"{'actual_profit_inr': 0, 'delay_hours': 0, 'fuel_used_percent': 0}","{'time_left_hours': 1.4, 'capacity_left_tons': 4}",0,2026-02-01T02:45:42.002092
"{'fuel_percent': 32, 'time_left_hours': 5.3, 'capacity_left_tons': 3}","{'load_weight_tons': 2, 'additional_time_hours': 1.9, 'profit_inr': 2240}",ACCEPT,-16.34,"{'actual_profit_inr': 2035, 'delay_hours': 1.19, 'fuel_used_percent': 13}","{'time_left_hours': 3.4, 'capacity_left_tons': 1}",0,2026-02-01T02:45:42.002092
"{'fuel_percent': 29, 'time_left_hours': 3.7, 'capacity_left_tons': 4}","{'load_weight_tons': 3, 'additional_time_hours': 1.5, 'profit_inr': 1858}",REJECT,24.39,"{'actual_profit_inr': 0, 'delay_hours': 0, 'fuel_used_percent': 0}","{'time_left_hours': 2.2, 'capacity_left_tons': 1}",0,2026-02-01T02:45:42.002092
"{'fuel_percent': 47, 'time_left_hours': 5.5, 'capacity_left_tons': 7}","{'load_weight_tons': 4, 'additional_time_hours': 2.0, 'profit_inr': 2464}",REJECT,-15.71,"{'actual_profit_inr': 0, 'delay_hours': 0, 'fuel_used_percent': 0}","{'time_left_hours': 3.5, 'capacity_left_tons': 3}",0,2026-02-01T02:45:42.002092
"{'fuel_percent': 40, 'time_left_hours': 3.6, 'capacity_left_tons': 3}","{'load_weight_tons': 3, 'additional_time_hours': 1.9, 'profit_inr': 2306}",REJECT,-14.34,"{'actual_profit_inr': 0, 'delay_hours': 0, 'fuel_used_percent': 0}","{'time_left_hours': 1.7000000000000002, 'capacity_left_tons': 0}",0,2026-02-01T02:45:42.002092
"{'fuel_percent': 71, 'time_left_hours': 3.2, 'capacity_left_tons': 2}","{'load_weight_tons': 2, 'additional_time_hours': 1.2, 'profit_inr': 2818}",ACCEPT,-12.99,"{'actual_profit_inr': 2766, 'delay_hours': 1.11, 'fuel_used_percent': 9}","{'time_left_hours': 2.0, 'capacity_left_tons': 0}",0,2026-02-01T02:45:42.002092
"{'fuel_percent': 28, 'time_left_hours': 4.5, 'capacity_left_tons': 10}","{'load_weight_tons': 4, 'additional_time_hours': 1.1, 'profit_inr': 1212}",ACCEPT,9.2,"{'actual_profit_inr': 1158, 'delay_hours': 1.33, 'fuel_used_percent': 10}","{'time_left_hours': 3.4, 'capacity_left_tons': 6}",0,2026-02-01T02:45:42.002092
"{'fuel_percent': 63, 'time_left_hours': 4.9, 'capacity_left_tons': 8}","{'load_weight_tons': 1, 'additional_time_hours': 1.8, 'profit_inr': 2477}",ACCEPT,25.92,"{'actual_profit_inr': 2431, 'delay_hours': 0.57, 'fuel_used_percent': 7}","{'time_left_hours': 3.1000000000000005, 'capacity_left_tons': 7}",0,2026-02-01T02:45:42.002092
"{'fuel_percent': 33, 'time_left_hours': 4.3, 'capacity_left_tons': 3}","{'load_weight_tons': 3, 'additional_time_hours': 0.7, 'profit_inr': 1163}",ACCEPT,-14.4,"{'actual_profit_inr': 919, 'delay_hours': 0.27, 'fuel_used_percent': 15}","{'time_left_hours': 3.5999999999999996, 'capacity_left_tons': 0}",0,2026-02-01T02:45:42.002092
"{'fuel_percent': 61, 'time_left_hours': 2.9, 'capacity_left_tons': 7}","{'load_weight_tons': 3, 'additional_time_hours': 1.4, 'profit_inr': 1736}",REJECT,19.38,"{'actual_profit_inr': 0, 'delay_hours': 0, 'fuel_used_percent': 0}","{'time_left_hours': 1.5, 'capacity_left_tons': 4}",0,2026-02-01T02:45:42.002092
"{'fuel_percent': 74, 'time_left_hours': 3.5, 'capacity_left_tons': 5}","{'load_weight_tons': 3, 'additional_time_hours': 1.2, 'profit_inr': 1077}",ACCEPT,26.18,"{'actual_profit_inr': 933, 'delay_hours': 0.71, 'fuel_used_percent': 14}","{'time_left_hours': 2.3, 'capacity_left_tons': 2}",0,2026-02-01T02:45:42.002092
"{'fuel_percent': 47, 'time_left_hours': 3.1, 'capacity_left_tons': 2}","{'load_weight_tons': 4, 'additional_time_hours': 1.0, 'profit_inr': 1662}",REJECT,-11.19,"{'actual_profit_inr': 0, 'delay_hours': 0, 'fuel_used_percent': 0}","{'time_left_hours': 2.1, 'capacity_left_tons': -2}",0,2026-02-01T02:45:42.002092
"{'fuel_percent': 66, 'time_left_hours': 4.0, 'capacity_left_tons': 2}","{'load_weight_tons': 2, 'additional_time_hours': 1.5, 'profit_inr': 1893}",REJECT,-1.56,"{'actual_profit_inr': 0, 'delay_hours': 0, 'fuel_used_percent': 0}","{'time_left_hours': 2.5, 'capacity_left_tons': 0}",0,2026-02-01T02:45:42.002092
"{'fuel_percent': 73, 'time_left_hours': 3.1, 'capacity_left_tons': 3}","{'load_weight_tons': 3, 'additional_time_hours': 0.7, 'profit_inr': 1141}",REJECT,24.28,"{'actual_profit_inr': 0, 'delay_hours': 0, 'fuel_used_percent': 0}","{'time_left_hours': 2.4000000000000004, 'capacity_left_tons': 0}",0,2026-02-01T02:45:42.002092
"{'fuel_percent': 38, 'time_left_hours': 2.7, 'capacity_left_tons': 5}","{'load_weight_tons': 1, 'additional_time_hours': 1.8, 'profit_inr': 2469}",REJECT,-7.2,"{'actual_profit_inr': 0, 'delay_hours': 0, 'fuel_used_percent': 0}","{'time_left_hours': 0.9000000000000001, 'capacity_left_tons': 4}",0,2026-02-01T02:45:42.003091
"{'fuel_percent': 77, 'time_left_hours': 5.5, 'capacity_left_tons': 9}","{'load_weight_tons': 1, 'additional_time_hours': 1.6, 'profit_inr': 764}",REJECT,-19.24,"{'actual_profit_inr': 0, 'delay_hours': 0, 'fuel_used_percent': 0}","{'time_left_hours': 3.9, 'capacity_left_tons': 8}",0,2026-02-01T02:45:42.003091
"{'fuel_percent': 43, 'time_left_hours': 3.0, 'capacity_left_tons': 10}","{'load_weight_tons': 2, 'additional_time_hours': 1.1, 'profit_inr': 2755}",REJECT,15.55,"{'actual_profit_inr': 0, 'delay_hours': 0, 'fuel_used_percent': 0}","{'time_left_hours': 1.9, 'capacity_left_tons': 8}",0,2026-02-01T02:45:42.003091
"{'fuel_percent': 80, 'time_left_hours': 2.3, 'capacity_left_tons': 5}","{'load_weight_tons': 1, 'additional_time_hours': 1.3, 'profit_inr': 1041}",ACCEPT,24.03,"{'actual_profit_inr': 750, 'delay_hours': 0.86, 'fuel_used_percent': 15}","{'time_left_hours': 0.9999999999999998, 'capacity_left_tons': 4}",0,2026-02-01T02:45:42.003091
"{'fuel_percent': 32, 'time_left_hours': 4.8, 'capacity_left_tons': 5}","{'load_weight_tons': 2, 'additional_time_hours': 0.6, 'profit_inr': 2877}",REJECT,19.94,"{'actual_profit_inr': 0, 'delay_hours': 0, 'fuel_used_percent': 0}","{'time_left_hours': 4.2, 'capacity_left_tons': 3}",0,2026-02-01T02:45:42.003091
"{'fuel_percent': 72, 'time_left_hours': 4.4, 'capacity_left_tons': 3}","{'load_weight_tons': 1, 'additional_time_hours': 0.8, 'profit_inr': 2677}",REJECT,15.89,"{'actual_profit_inr': 0, 'delay_hours': 0, 'fuel_used_percent': 0}","{'time_left_hours': 3.6000000000000005, 'capacity_left_tons': 2}",0,2026-02-01T02:45:42.003091
"{'fuel_percent': 55, 'time_left_hours': 3.5, 'capacity_left_tons': 9}","{'load_weight_tons': 4, 'additional_time_hours': 1.0, 'profit_inr': 2299}",ACCEPT,18.01,"{'actual_profit_inr': 2259, 'delay_hours': 0.95, 'fuel_used_percent': 11}","{'time_left_hours': 2.5, 'capacity_left_tons': 5}",0,2026-02-01T02:45:42.003091
"{'fuel_percent': 47, 'time_left_hours': 5.0, 'capacity_left_tons': 6}","{'load_weight_tons': 2, 'additional_time_hours': 1.4, 'profit_inr': 1144}",ACCEPT,14.04,"{'actual_profit_inr': 1140, 'delay_hours': 1.09, 'fuel_used_percent': 7}","{'time_left_hours': 3.6, 'capacity_left_tons': 4}",0,2026-02-01T02:45:42.003091
"{'fuel_percent': 52, 'time_left_hours': 4.7, 'capacity_left_tons': 10}","{'load_weight_tons': 3, 'additional_time_hours': 1.2, 'profit_inr': 1243}",REJECT,-18.26,"{'actual_profit_inr': 0, 'delay_hours': 0, 'fuel_used_percent': 0}","{'time_left_hours': 3.5, 'capacity_left_tons': 7}",0,2026-02-01T02:45:42.003091
"{'fuel_percent': 38, 'time_left_hours': 4.4, 'capacity_left_tons': 10}","{'load_weight_tons': 2, 'additional_time_hours': 1.3, 'profit_inr': 1838}",ACCEPT,-12.7,"{'actual_profit_inr': 1612, 'delay_hours': 0.42, 'fuel_used_percent': 15}","{'time_left_hours': 3.1000000000000005, 'capacity_left_tons': 8}",0,2026-02-01T02:45:42.003091
"{'fuel_percent': 25, 'time_left_hours': 4.2, 'capacity_left_tons': 7}","{'load_weight_tons': 2, 'additional_time_hours': 1.3, 'profit_inr': 1712}",REJECT,-0.73,"{'actual_profit_inr': 0, 'delay_hours': 0, 'fuel_used_percent': 0}","{'time_left_hours': 2.9000000000000004, 'capacity_left_tons': 5}",0,2026-02-01T02:45:42.003091
"{'fuel_percent': 38, 'time_left_hours': 5.2, 'capacity_left_tons': 7}","{'load_weight_tons': 2, 'additional_time_hours': 1.2, 'profit_inr': 919}",ACCEPT,9.9,"{'actual_profit_inr': 706, 'delay_hours': 1.21, 'fuel_used_percent': 6}","{'time_left_hours': 4.0, 'capacity_left_tons': 5}",1,2026-02-01T02:45:42.003091
"{'fuel_percent': 39, 'time_left_hours': 4.5, 'capacity_left_tons': 4}","{'load_weight_tons': 4, 'additional_time_hours': 1.7, 'profit_inr': 1032}",ACCEPT,25.6,"{'actual_profit_inr': 827, 'delay_hours': 0.61, 'fuel_used_percent': 12}","{'time_left_hours': 2.8, 'capacity_left_tons': 0}",0,2026-02-01T02:45:42.003091
"{'fuel_percent': 40, 'time_left_hours': 4.9, 'capacity_left_tons': 2}","{'load_weight_tons': 3, 'additional_time_hours': 1.4, 'profit_inr': 2951}",ACCEPT,28.44,"{'actual_profit_inr': 2735, 'delay_hours': 1.11, 'fuel_used_percent': 6}","{'time_left_hours': 3.5000000000000004, 'capacity_left_tons': -1}",0,2026-02-01T02:45:42.003091
"{'fuel_percent': 25, 'time_left_hours': 5.6, 'capacity_left_tons': 7}","{'load_weight_tons': 1, 'additional_time_hours': 0.5, 'profit_inr': 824}",ACCEPT,12.93,"{'actual_profit_inr': 603, 'delay_hours': 1.18, 'fuel_used_percent': 11}","{'time_left_hours': 5.1, 'capacity_left_tons': 6}",1,2026-02-01T02:45:42.003091
"{'fuel_percent': 32, 'time_left_hours': 3.3, 'capacity_left_tons': 10}","{'load_weight_tons': 4, 'additional_time_hours': 1.2, 'profit_inr': 2942}",REJECT,0.14,"{'actual_profit_inr': 0, 'delay_hours': 0, 'fuel_used_percent': 0}","{'time_left_hours': 2.0999999999999996, 'capacity_left_tons': 6}",0,2026-02-01T02:45:42.003091
"{'fuel_percent': 59, 'time_left_hours': 4.2, 'capacity_left_tons': 8}","{'load_weight_tons': 3, 'additional_time_hours': 1.0, 'profit_inr': 1701}",ACCEPT,27.11,"{'actual_profit_inr': 1563, 'delay_hours': 1.38, 'fuel_used_percent': 13}","{'time_left_hours': 3.2, 'capacity_left_tons': 5}",0,2026-02-01T02:45:42.003091
"{'fuel_percent': 46, 'time_left_hours': 5.1, 'capacity_left_tons': 6}","{'load_weight_tons': 1, 'additional_time_hours': 1.3, 'profit_inr': 1012}",REJECT,-2.7,"{'actual_profit_inr': 0, 'delay_hours': 0, 'fuel_used_percent': 0}","{'time_left_hours': 3.8, 'capacity_left_tons': 5}",0,2026-02-01T02:45:42.003091
"{'fuel_percent': 47, 'time_left_hours': 3.0, 'capacity_left_tons': 2}","{'load_weight_tons': 3, 'additional_time_hours': 0.9, 'profit_inr': 1771}",REJECT,28.67,"{'actual_profit_inr': 0, 'delay_hours': 0, 'fuel_used_percent': 0}","{'time_left_hours': 2.1, 'capacity_left_tons': -1}",0,2026-02-01T02:45:42.003091
"{'fuel_percent': 31, 'time_left_hours': 4.0, 'capacity_left_tons': 7}","{'load_weight_tons': 4, 'additional_time_hours': 1.2, 'profit_inr': 2816}",REJECT,20.17,"{'actual_profit_inr': 0, 'delay_hours': 0, 'fuel_used_percent': 0}","{'time_left_hours': 2.8, 'capacity_left_tons': 3}",0,2026-02-01T02:45:42.003091
"{'fuel_percent': 80, 'time_left_hours': 5.3, 'capacity_left_tons': 3}","{'load_weight_tons': 2, 'additional_time_hours': 1.0, 'profit_inr': 2326}",ACCEPT,21.49,"{'actual_profit_inr': 2225, 'delay_hours': 1.46, 'fuel_used_percent': 9}","{'time_left_hours': 4.3, 'capacity_left_tons': 1}",0,2026-02-01T02:45:42.003091
"{'fuel_percent': 80, 'time_left_hours': 4.5, 'capacity_left_tons': 6}","{'load_weight_tons': 1, 'additional_time_hours': 0.8, 'profit_inr': 2334}",REJECT,14.11,"{'actual_profit_inr': 0, 'delay_hours': 0, 'fuel_used_percent': 0}","{'time_left_hours': 3.7, 'capacity_left_tons': 5}",0,2026-02-01T02:45:42.003091
"{'fuel_percent': 63, 'time_left_hours': 5.3, 'capacity_left_tons': 10}","{'load_weight_tons': 1, 'additional_time_hours': 1.2, 'profit_inr': 2552}",ACCEPT,15.47,"{'actual_profit_inr': 2350, 'delay_hours': 0.38, 'fuel_used_percent': 11}","{'time_left_hours': 4.1, 'capacity_left_tons': 9}",0,2026-02-01T02:45:42.003091
"{'fuel_percent': 58, 'time_left_hours': 3.5, 'capacity_left_tons': 8}","{'load_weight_tons': 3, 'additional_time_hours': 1.8, 'profit_inr': 2978}",REJECT,10.48,"{'actual_profit_inr': 0, 'delay_hours': 0, 'fuel_used_percent': 0}","{'time_left_hours': 1.7, 'capacity_left_tons': 5}",0,2026-02-01T02:45:42.003091
"{'fuel_percent': 24, 'time_left_hours': 6.0, 'capacity_left_tons': 4}","{'load_weight_tons': 2, 'additional_time_hours': 1.7, 'profit_inr': 1241}",ACCEPT,26.88,"{'actual_profit_inr': 1175, 'delay_hours': 0.75, 'fuel_used_percent': 10}","{'time_left_hours': 4.3, 'capacity_left_tons': 2}",0,2026-02-01T02:45:42.003091
"{'fuel_percent': 70, 'time_left_hours': 2.3, 'capacity_left_tons': 4}","{'load_weight_tons': 4, 'additional_time_hours': 1.0, 'profit_inr': 758}",ACCEPT,5.34,"{'actual_profit_inr': 658, 'delay_hours': 1.21, 'fuel_used_percent': 14}","{'time_left_hours': 1.2999999999999998, 'capacity_left_tons': 0}",1,2026-02-01T02:45:42.003091
"{'fuel_percent': 49, 'time_left_hours': 5.0, 'capacity_left_tons': 5}","{'load_weight_tons': 3, 'additional_time_hours': 0.5, 'profit_inr': 1102}",ACCEPT,-17.08,"{'actual_profit_inr': 877, 'delay_hours': 1.31, 'fuel_used_percent': 7}","{'time_left_hours': 4.5, 'capacity_left_tons': 2}",0,2026-02-01T02:45:42.003091
"{'fuel_percent': 28, 'time_left_hours': 4.2, 'capacity_left_tons': 7}","{'load_weight_tons': 4, 'additional_time_hours': 1.0, 'profit_inr': 2501}",ACCEPT,-9.87,"{'actual_profit_inr': 2494, 'delay_hours': 0.64, 'fuel_used_percent': 7}","{'time_left_hours': 3.2, 'capacity_left_tons': 3}",0,2026-02-01T02:45:42.003091
"{'fuel_percent': 28, 'time_left_hours': 2.1, 'capacity_left_tons': 8}","{'load_weight_tons': 2, 'additional_time_hours': 1.2, 'profit_inr': 981}",ACCEPT,26.31,"{'actual_profit_inr': 730, 'delay_hours': 0.74, 'fuel_used_percent': 5}","{'time_left_hours': 0.9000000000000001, 'capacity_left_tons': 6}",0,2026-02-01T02:45:42.003091
"{'fuel_percent': 40, 'time_left_hours': 5.4, 'capacity_left_tons': 8}","{'load_weight_tons': 2, 'additional_time_hours': 1.3, 'profit_inr': 2183}",REJECT,-0.23,"{'actual_profit_inr': 0, 'delay_hours': 0, 'fuel_used_percent': 0}","{'time_left_hours': 4.1000000000000005, 'capacity_left_tons': 6}",0,2026-02-01T02:45:42.003091
"{'fuel_percent': 21, 'time_left_hours': 5.2, 'capacity_left_tons': 3}","{'load_weight_tons': 4, 'additional_time_hours': 2.0, 'profit_inr': 2986}",REJECT,25.43,"{'actual_profit_inr': 0, 'delay_hours': 0, 'fuel_used_percent': 0}","{'time_left_hours': 3.2, 'capacity_left_tons': -1}",0,2026-02-01T02:45:42.003091
"{'fuel_percent': 74, 'time_left_hours': 3.9, 'capacity_left_tons': 5}","{'load_weight_tons': 3, 'additional_time_hours': 0.5, 'profit_inr': 1640}",REJECT,8.65,"{'actual_profit_inr': 0, 'delay_hours': 0, 'fuel_used_percent': 0}","{'time_left_hours': 3.4, 'capacity_left_tons': 2}",0,2026-02-01T02:45:42.003091
"{'fuel_percent': 53, 'time_left_hours': 2.1, 'capacity_left_tons': 2}","{'load_weight_tons': 1, 'additional_time_hours': 0.8, 'profit_inr': 2698}",ACCEPT,-13.2,"{'actual_profit_inr': 2586, 'delay_hours': 0.99, 'fuel_used_percent': 7}","{'time_left_hours': 1.3, 'capacity_left_tons': 1}",0,2026-02-01T02:45:42.003091
"{'fuel_percent': 33, 'time_left_hours': 4.4, 'capacity_left_tons': 6}","{'load_weight_tons': 2, 'additional_time_hours': 1.4, 'profit_inr': 2592}",ACCEPT,-13.02,"{'actual_profit_inr': 2578, 'delay_hours': 1.23, 'fuel_used_percent': 10}","{'time_left_hours': 3.0000000000000004, 'capacity_left_tons': 4}",0,2026-02-01T02:45:42.003091
"{'fuel_percent': 26, 'time_left_hours': 2.1, 'capacity_left_tons': 6}","{'load_weight_tons': 4, 'additional_time_hours': 1.0, 'profit_inr': 2869}",ACCEPT,7.7,"{'actual_profit_inr': 2697, 'delay_hours': 0.66, 'fuel_used_percent': 12}","{'time_left_hours': 1.1, 'capacity_left_tons': 2}",0,2026-02-01T02:45:42.003091
"{'fuel_percent': 60, 'time_left_hours': 5.8, 'capacity_left_tons': 6}","{'load_weight_tons': 1, 'additional_time_hours': 1.2, 'profit_inr': 915}",REJECT,-10.32,"{'actual_profit_inr': 0, 'delay_hours': 0, 'fuel_used_percent': 0}","{'time_left_hours': 4.6, 'capacity_left_tons': 5}",0,2026-02-01T02:45:42.003091
"{'fuel_percent': 79, 'time_left_hours': 4.4, 'capacity_left_tons': 2}","{'load_weight_tons': 4, 'additional_time_hours': 1.4, 'profit_inr': 1252}",ACCEPT,17.04,"{'actual_profit_inr': 1099, 'delay_hours': 0.45, 'fuel_used_percent': 10}","{'time_left_hours': 3.0000000000000004, 'capacity_left_tons': -2}",0,2026-02-01T02:45:42.003091
"{'fuel_percent': 59, 'time_left_hours': 5.5, 'capacity_left_tons': 10}","{'load_weight_tons': 4, 'additional_time_hours': 1.8, 'profit_inr': 1659}",ACCEPT,1.39,"{'actual_profit_inr': 1399, 'delay_hours': 0.24, 'fuel_used_percent': 12}","{'time_left_hours': 3.7, 'capacity_left_tons': 6}",0,2026-02-01T02:45:42.003091
"{'fuel_percent': 75, 'time_left_hours': 2.8, 'capacity_left_tons': 9}","{'load_weight_tons': 2, 'additional_time_hours': 1.5, 'profit_inr': 2977}",REJECT,26.75,"{'actual_profit_inr': 0, 'delay_hours': 0, 'fuel_used_percent': 0}","{'time_left_hours': 1.2999999999999998, 'capacity_left_tons': 7}",0,2026-02-01T02:45:42.003091
"{'fuel_percent': 72, 'time_left_hours': 2.8, 'capacity_left_tons': 3}","{'load_weight_tons': 1, 'additional_time_hours': 1.3, 'profit_inr': 1720}",REJECT,6.6,"{'actual_profit_inr': 0, 'delay_hours': 0, 'fuel_used_percent': 0}","{'time_left_hours': 1.4999999999999998, 'capacity_left_tons': 2}",0,2026-02-01T02:45:42.003091
"{'fuel_percent': 50, 'time_left_hours': 4.9, 'capacity_left_tons': 3}","{'load_weight_tons': 1, 'additional_time_hours': 1.5, 'profit_inr': 2351}",REJECT,-0.38,"{'actual_profit_inr': 0, 'delay_hours': 0, 'fuel_used_percent': 0}","{'time_left_hours': 3.4000000000000004, 'capacity_left_tons': 2}",0,2026-02-01T02:45:42.003091
"{'fuel_percent': 43, 'time_left_hours': 3.6, 'capacity_left_tons': 10}","{'load_weight_tons': 3, 'additional_time_hours': 0.5, 'profit_inr': 2696}",ACCEPT,-4.75,"{'actual_profit_inr': 2528, 'delay_hours': 0.27, 'fuel_used_percent': 14}","{'time_left_hours': 3.1, 'capacity_left_tons': 7}",0,2026-02-01T02:45:42.003091
"{'fuel_percent': 29, 'time_left_hours': 3.8, 'capacity_left_tons': 4}","{'load_weight_tons': 4, 'additional_time_hours': 1.2, 'profit_inr': 2157}",REJECT,-15.02,"{'actual_profit_inr': 0, 'delay_hours': 0, 'fuel_used_percent': 0}","{'time_left_hours': 2.5999999999999996, 'capacity_left_tons': 0}",0,2026-02-01T02:45:42.003091
"{'fuel_percent': 56, 'time_left_hours': 4.9, 'capacity_left_tons': 4}","{'load_weight_tons': 3, 'additional_time_hours': 1.1, 'profit_inr': 2390}",REJECT,-11.19,"{'actual_profit_inr': 0, 'delay_hours': 0, 'fuel_used_percent': 0}","{'time_left_hours': 3.8000000000000003, 'capacity_left_tons': 1}",0,2026-02-01T02:45:42.003091
"{'fuel_percent': 78, 'time_left_hours': 3.1, 'capacity_left_tons': 2}","{'load_weight_tons': 1, 'additional_time_hours': 1.3, 'profit_inr': 2676}",REJECT,-9.95,"{'actual_profit_inr': 0, 'delay_hours': 0, 'fuel_used_percent': 0}","{'time_left_hours': 1.8, 'capacity_left_tons': 1}",0,2026-02-01T02:45:42.003091
"{'fuel_percent': 57, 'time_left_hours': 4.3, 'capacity_left_tons': 5}","{'load_weight_tons': 2, 'additional_time_hours': 1.9, 'profit_inr': 1168}",REJECT,-17.53,"{'actual_profit_inr': 0, 'delay_hours': 0, 'fuel_used_percent': 0}","{'time_left_hours': 2.4, 'capacity_left_tons': 3}",0,2026-02-01T02:45:42.003091
"{'fuel_percent': 79, 'time_left_hours': 5.4, 'capacity_left_tons': 5}","{'load_weight_tons': 1, 'additional_time_hours': 1.1, 'profit_inr': 1314}",REJECT,13.13,"{'actual_profit_inr': 0, 'delay_hours': 0, 'fuel_used_percent': 0}","{'time_left_hours': 4.300000000000001, 'capacity_left_tons': 4}",0,2026-02-01T02:45:42.003091
"{'fuel_percent': 31, 'time_left_hours': 5.1, 'capacity_left_tons': 6}","{'load_weight_tons': 4, 'additional_time_hours': 1.8, 'profit_inr': 2173}",ACCEPT,27.76,"{'actual_profit_inr': 2056, 'delay_hours': 0.31, 'fuel_used_percent': 10}","{'time_left_hours': 3.3, 'capacity_left_tons': 2}",0,2026-02-01T02:45:42.003091
"{'fuel_percent': 77, 'time_left_hours': 3.0, 'capacity_left_tons': 7}","{'load_weight_tons': 1, 'additional_time_hours': 1.5, 'profit_inr': 1644}",REJECT,11.9,"{'actual_profit_inr': 0, 'delay_hours': 0, 'fuel_used_percent': 0}","{'time_left_hours': 1.5, 'capacity_left_tons': 6}",0,2026-02-01T02:45:42.003091
"{'fuel_percent': 65, 'time_left_hours': 3.8, 'capacity_left_tons': 6}","{'load_weight_tons': 4, 'additional_time_hours': 1.6, 'profit_inr': 521}",REJECT,-14.67,"{'actual_profit_inr': 0, 'delay_hours': 0, 'fuel_used_percent': 0}","{'time_left_hours': 2.1999999999999997, 'capacity_left_tons': 2}",0,2026-02-01T02:45:42.003091
"{'fuel_percent': 40, 'time_left_hours': 3.4, 'capacity_left_tons': 4}","{'load_weight_tons': 3, 'additional_time_hours': 0.8, 'profit_inr': 1832}",ACCEPT,17.75,"{'actual_profit_inr': 1830, 'delay_hours': 1.02, 'fuel_used_percent': 11}","{'time_left_hours': 2.5999999999999996, 'capacity_left_tons': 1}",0,2026-02-01T02:45:42.003091
"{'fuel_percent': 23, 'time_left_hours': 4.4, 'capacity_left_tons': 4}","{'load_weight_tons': 4, 'additional_time_hours': 1.7, 'profit_inr': 1537}",ACCEPT,6.81,"{'actual_profit_inr': 1349, 'delay_hours': 1.15, 'fuel_used_percent': 13}","{'time_left_hours': 2.7, 'capacity_left_tons': 0}",0,2026-02-01T02:45:42.003091
"{'fuel_percent': 42, 'time_left_hours': 4.6, 'capacity_left_tons': 5}","{'load_weight_tons': 3, 'additional_time_hours': 0.8, 'profit_inr': 554}",REJECT,-3.11,"{'actual_profit_inr': 0, 'delay_hours': 0, 'fuel_used_percent': 0}","{'time_left_hours': 3.8, 'capacity_left_tons': 2}",0,2026-02-01T02:45:42.003091
"{'fuel_percent': 44, 'time_left_hours': 3.3, 'capacity_left_tons': 9}","{'load_weight_tons': 1, 'additional_time_hours': 1.5, 'profit_inr': 1749}",REJECT,29.52,"{'actual_profit_inr': 0, 'delay_hours': 0, 'fuel_used_percent': 0}","{'time_left_hours': 1.7999999999999998, 'capacity_left_tons': 8}",0,2026-02-01T02:45:42.003091
"{'fuel_percent': 24, 'time_left_hours': 3.9, 'capacity_left_tons': 7}","{'load_weight_tons': 3, 'additional_time_hours': 1.4, 'profit_inr': 1616}",REJECT,-2.16,"{'actual_profit_inr': 0, 'delay_hours': 0, 'fuel_used_percent': 0}","{'time_left_hours': 2.5, 'capacity_left_tons': 4}",0,2026-02-01T02:45:42.003091
"{'fuel_percent': 44, 'time_left_hours': 5.2, 'capacity_left_tons': 7}","{'load_weight_tons': 1, 'additional_time_hours': 0.8, 'profit_inr': 786}",ACCEPT,-0.42,"{'actual_profit_inr': 637, 'delay_hours': 0.19, 'fuel_used_percent': 8}","{'time_left_hours': 4.4, 'capacity_left_tons': 6}",0,2026-02-01T02:45:42.003091
"{'fuel_percent': 49, 'time_left_hours': 3.9, 'capacity_left_tons': 2}","{'load_weight_tons': 2, 'additional_time_hours': 0.9, 'profit_inr': 586}",REJECT,-4.54,"{'actual_profit_inr': 0, 'delay_hours': 0, 'fuel_used_percent': 0}","{'time_left_hours': 3.0, 'capacity_left_tons': 0}",0,2026-02-01T02:45:42.003091
"{'fuel_percent': 73, 'time_left_hours': 5.0, 'capacity_left_tons': 5}","{'load_weight_tons': 3, 'additional_time_hours': 1.4, 'profit_inr': 1783}",REJECT,29.25,"{'actual_profit_inr': 0, 'delay_hours': 0, 'fuel_used_percent': 0}","{'time_left_hours': 3.6, 'capacity_left_tons': 2}",0,2026-02-01T02:45:42.003091
"{'fuel_percent': 45, 'time_left_hours': 4.9, 'capacity_left_tons': 2}","{'load_weight_tons': 1, 'additional_time_hours': 1.1, 'profit_inr': 2479}",REJECT,14.46,"{'actual_profit_inr': 0, 'delay_hours': 0, 'fuel_used_percent': 0}","{'time_left_hours': 3.8000000000000003, 'capacity_left_tons': 1}",0,2026-02-01T02:45:42.003091
"{'fuel_percent': 29, 'time_left_hours': 2.7, 'capacity_left_tons': 2}","{'load_weight_tons': 4, 'additional_time_hours': 0.9, 'profit_inr': 2133}",ACCEPT,12.82,"{'actual_profit_inr': 1845, 'delay_hours': 0.27, 'fuel_used_percent': 10}","{'time_left_hours': 1.8000000000000003, 'capacity_left_tons': -2}",0,2026-02-01T02:45:42.003091
"{'fuel_percent': 59, 'time_left_hours': 5.4, 'capacity_left_tons': 4}","{'load_weight_tons': 1, 'additional_time_hours': 1.1, 'profit_inr': 2857}",REJECT,-9.22,"{'actual_profit_inr': 0, 'delay_hours': 0, 'fuel_used_percent': 0}","{'time_left_hours': 4.300000000000001, 'capacity_left_tons': 3}",0,2026-02-01T02:45:42.003091
"{'fuel_percent': 37, 'time_left_hours': 5.2, 'capacity_left_tons': 3}","{'load_weight_tons': 4, 'additional_time_hours': 1.0, 'profit_inr': 518}",ACCEPT,18.63,"{'actual_profit_inr': 497, 'delay_hours': 0.33, 'fuel_used_percent': 10}","{'time_left_hours': 4.2, 'capacity_left_tons': -1}",0,2026-02-01T02:45:42.003091
"{'fuel_percent': 65, 'time_left_hours': 3.1, 'capacity_left_tons': 7}","{'load_weight_tons': 4, 'additional_time_hours': 0.6, 'profit_inr': 736}",ACCEPT,21.01,"{'actual_profit_inr': 568, 'delay_hours': 1.07, 'fuel_used_percent': 14}","{'time_left_hours': 2.5, 'capacity_left_tons': 3}",1,2026-02-01T02:45:42.003091
"{'fuel_percent': 59, 'time_left_hours': 2.1, 'capacity_left_tons': 5}","{'load_weight_tons': 1, 'additional_time_hours': 1.6, 'profit_inr': 1614}",ACCEPT,7.27,"{'actual_profit_inr': 1573, 'delay_hours': 1.1, 'fuel_used_percent': 14}","{'time_left_hours': 0.5, 'capacity_left_tons': 4}",0,2026-02-01T02:45:42.003091
"{'fuel_percent': 54, 'time_left_hours': 4.4, 'capacity_left_tons': 6}","{'load_weight_tons': 4, 'additional_time_hours': 1.8, 'profit_inr': 1909}",REJECT,-10.75,"{'actual_profit_inr': 0, 'delay_hours': 0, 'fuel_used_percent': 0}","{'time_left_hours': 2.6000000000000005, 'capacity_left_tons': 2}",0,2026-02-01T02:45:42.003091
"{'fuel_percent': 24, 'time_left_hours': 2.4, 'capacity_left_tons': 4}","{'load_weight_tons': 2, 'additional_time_hours': 1.7, 'profit_inr': 973}",ACCEPT,23.3,"{'actual_profit_inr': 765, 'delay_hours': 1.49, 'fuel_used_percent': 15}","{'time_left_hours': 0.7, 'capacity_left_tons': 2}",1,2026-02-01T02:45:42.003091
"{'fuel_percent': 20, 'time_left_hours': 5.4, 'capacity_left_tons': 9}","{'load_weight_tons': 1, 'additional_time_hours': 0.6, 'profit_inr': 2155}",REJECT,24.07,"{'actual_profit_inr': 0, 'delay_hours': 0, 'fuel_used_percent': 0}","{'time_left_hours': 4.800000000000001, 'capacity_left_tons': 8}",0,2026-02-01T02:45:42.003091
"{'fuel_percent': 61, 'time_left_hours': 3.5, 'capacity_left_tons': 9}","{'load_weight_tons': 1, 'additional_time_hours': 0.8, 'profit_inr': 1250}",ACCEPT,22.72,"{'actual_profit_inr': 1081, 'delay_hours': 0.51, 'fuel_used_percent': 10}","{'time_left_hours': 2.7, 'capacity_left_tons': 8}",0,2026-02-01T02:45:42.003091
"{'fuel_percent': 50, 'time_left_hours': 3.1, 'capacity_left_tons': 2}","{'load_weight_tons': 2, 'additional_time_hours': 1.9, 'profit_inr': 1392}",REJECT,23.93,"{'actual_profit_inr': 0, 'delay_hours': 0, 'fuel_used_percent': 0}","{'time_left_hours': 1.2000000000000002, 'capacity_left_tons': 0}",0,2026-02-01T02:45:42.003091
"{'fuel_percent': 46, 'time_left_hours': 3.4, 'capacity_left_tons': 5}","{'load_weight_tons': 3, 'additional_time_hours': 0.7, 'profit_inr': 525}",REJECT,-17.92,"{'actual_profit_inr': 0, 'delay_hours': 0, 'fuel_used_percent': 0}","{'time_left_hours': 2.7, 'capacity_left_tons': 2}",0,2026-02-01T02:45:42.003091
"{'fuel_percent': 23, 'time_left_hours': 5.1, 'capacity_left_tons': 10}","{'load_weight_tons': 3, 'additional_time_hours': 1.4, 'profit_inr': 594}",REJECT,-7.97,"{'actual_profit_inr': 0, 'delay_hours': 0, 'fuel_used_percent': 0}","{'time_left_hours': 3.6999999999999997, 'capacity_left_tons': 7}",0,2026-02-01T02:45:42.003091
"{'fuel_percent': 41, 'time_left_hours': 4.3, 'capacity_left_tons': 5}","{'load_weight_tons': 4, 'additional_time_hours': 1.8, 'profit_inr': 2027}",ACCEPT,-13.31,"{'actual_profit_inr': 1876, 'delay_hours': 1.22, 'fuel_used_percent': 9}","{'time_left_hours': 2.5, 'capacity_left_tons': 1}",0,2026-02-01T02:45:42.004091
"{'fuel_percent': 45, 'time_left_hours': 5.0, 'capacity_left_tons': 3}","{'load_weight_tons': 2, 'additional_time_hours': 0.6, 'profit_inr': 1486}",ACCEPT,9.11,"{'actual_profit_inr': 1454, 'delay_hours': 1.01, 'fuel_used_percent': 5}","{'time_left_hours': 4.4, 'capacity_left_tons': 1}",0,2026-02-01T02:45:42.004091
"{'fuel_percent': 41, 'time_left_hours': 6.0, 'capacity_left_tons': 3}","{'load_weight_tons': 4, 'additional_time_hours': 1.8, 'profit_inr': 2643}",REJECT,27.06,"{'actual_profit_inr': 0, 'delay_hours': 0, 'fuel_used_percent': 0}","{'time_left_hours': 4.2, 'capacity_left_tons': -1}",0,2026-02-01T02:45:42.004091
"{'fuel_percent': 31, 'time_left_hours': 4.4, 'capacity_left_tons': 5}","{'load_weight_tons': 3, 'additional_time_hours': 1.9, 'profit_inr': 1845}",ACCEPT,19.3,"{'actual_profit_inr': 1798, 'delay_hours': 0.07, 'fuel_used_percent': 15}","{'time_left_hours': 2.5000000000000004, 'capacity_left_tons': 2}",0,2026-02-01T02:45:42.004091
"{'fuel_percent': 49, 'time_left_hours': 5.4, 'capacity_left_tons': 9}","{'load_weight_tons': 3, 'additional_time_hours': 1.3, 'profit_inr': 2295}",ACCEPT,13.46,"{'actual_profit_inr': 2083, 'delay_hours': 0.35, 'fuel_used_percent': 10}","{'time_left_hours': 4.1000000000000005, 'capacity_left_tons': 6}",0,2026-02-01T02:45:42.004091
"{'fuel_percent': 65, 'time_left_hours': 2.0, 'capacity_left_tons': 10}","{'load_weight_tons': 2, 'additional_time_hours': 0.6, 'profit_inr': 2664}",ACCEPT,25.97,"{'actual_profit_inr': 2615, 'delay_hours': 1.25, 'fuel_used_percent': 6}","{'time_left_hours': 1.4, 'capacity_left_tons': 8}",0,2026-02-01T02:45:42.004091
"{'fuel_percent': 27, 'time_left_hours': 2.3, 'capacity_left_tons': 9}","{'load_weight_tons': 3, 'additional_time_hours': 1.9, 'profit_inr': 1096}",ACCEPT,0.08,"{'actual_profit_inr': 1051, 'delay_hours': 0.07, 'fuel_used_percent': 10}","{'time_left_hours': 0.3999999999999999, 'capacity_left_tons': 6}",0,2026-02-01T02:45:42.004091
"{'fuel_percent': 55, 'time_left_hours': 4.5, 'capacity_left_tons': 3}","{'load_weight_tons': 2, 'additional_time_hours': 1.3, 'profit_inr': 2323}",REJECT,26.17,"{'actual_profit_inr': 0, 'delay_hours': 0, 'fuel_used_percent': 0}","{'time_left_hours': 3.2, 'capacity_left_tons': 1}",0,2026-02-01T02:45:42.004091
"{'fuel_percent': 41, 'time_left_hours': 3.2, 'capacity_left_tons': 8}","{'load_weight_tons': 1, 'additional_time_hours': 0.9, 'profit_inr': 2833}",REJECT,1.13,"{'actual_profit_inr': 0, 'delay_hours': 0, 'fuel_used_percent': 0}","{'time_left_hours': 2.3000000000000003, 'capacity_left_tons': 7}",0,2026-02-01T02:45:42.004091
"{'fuel_percent': 47, 'time_left_hours': 2.6, 'capacity_left_tons': 9}","{'load_weight_tons': 4, 'additional_time_hours': 0.7, 'profit_inr': 2966}",ACCEPT,-12.85,"{'actual_profit_inr': 2895, 'delay_hours': 1.13, 'fuel_used_percent': 6}","{'time_left_hours': 1.9000000000000001, 'capacity_left_tons': 5}",0,2026-02-01T02:45:42.004091
"{'fuel_percent': 47, 'time_left_hours': 2.6, 'capacity_left_tons': 7}","{'load_weight_tons': 2, 'additional_time_hours': 1.2, 'profit_inr': 2100}",REJECT,-15.03,"{'actual_profit_inr': 0, 'delay_hours': 0, 'fuel_used_percent': 0}","{'time_left_hours': 1.4000000000000001, 'capacity_left_tons': 5}",0,2026-02-01T02:45:42.004091
"{'fuel_percent': 60, 'time_left_hours': 3.7, 'capacity_left_tons': 7}","{'load_weight_tons': 3, 'additional_time_hours': 0.9, 'profit_inr': 1328}",REJECT,25.62,"{'actual_profit_inr': 0, 'delay_hours': 0, 'fuel_used_percent': 0}","{'time_left_hours': 2.8000000000000003, 'capacity_left_tons': 4}",0,2026-02-01T02:45:42.004091
"{'fuel_percent': 80, 'time_left_hours': 3.3, 'capacity_left_tons': 9}","{'load_weight_tons': 1, 'additional_time_hours': 1.3, 'profit_inr': 2914}",REJECT,20.13,"{'actual_profit_inr': 0, 'delay_hours': 0, 'fuel_used_percent': 0}","{'time_left_hours': 1.9999999999999998, 'capacity_left_tons': 8}",0,2026-02-01T02:45:42.004091
"{'fuel_percent': 71, 'time_left_hours': 5.7, 'capacity_left_tons': 6}","{'load_weight_tons': 4, 'additional_time_hours': 0.9, 'profit_inr': 1889}",ACCEPT,14.04,"{'actual_profit_inr': 1731, 'delay_hours': 0.1, 'fuel_used_percent': 8}","{'time_left_hours': 4.8, 'capacity_left_tons': 2}",0,2026-02-01T02:45:42.004091
"{'fuel_percent': 31, 'time_left_hours': 3.2, 'capacity_left_tons': 6}","{'load_weight_tons': 4, 'additional_time_hours': 1.3, 'profit_inr': 518}",REJECT,11.64,"{'actual_profit_inr': 0, 'delay_hours': 0, 'fuel_used_percent': 0}","{'time_left_hours': 1.9000000000000001, 'capacity_left_tons': 2}",0,2026-02-01T02:45:42.004091
"{'fuel_percent': 59, 'time_left_hours': 3.3, 'capacity_left_tons': 4}","{'load_weight_tons': 2, 'additional_time_hours': 1.4, 'profit_inr': 2295}",REJECT,11.6,"{'actual_profit_inr': 0, 'delay_hours': 0, 'fuel_used_percent': 0}","{'time_left_hours': 1.9, 'capacity_left_tons': 2}",0,2026-02-01T02:45:42.004091
"{'fuel_percent': 21, 'time_left_hours': 4.6, 'capacity_left_tons': 5}","{'load_weight_tons': 2, 'additional_time_hours': 1.6, 'profit_inr': 2165}",ACCEPT,-16.18,"{'actual_profit_inr': 1896, 'delay_hours': 0.56, 'fuel_used_percent': 10}","{'time_left_hours': 2.9999999999999996, 'capacity_left_tons': 3}",0,2026-02-01T02:45:42.004091
"{'fuel_percent': 31, 'time_left_hours': 3.9, 'capacity_left_tons': 9}","{'load_weight_tons': 4, 'additional_time_hours': 0.7, 'profit_inr': 1442}",REJECT,22.79,"{'actual_profit_inr': 0, 'delay_hours': 0, 'fuel_used_percent': 0}","{'time_left_hours': 3.2, 'capacity_left_tons': 5}",0,2026-02-01T02:45:42.004091
"{'fuel_percent': 50, 'time_left_hours': 2.8, 'capacity_left_tons': 10}","{'load_weight_tons': 3, 'additional_time_hours': 1.8, 'profit_inr': 1151}",REJECT,1.77,"{'actual_profit_inr': 0, 'delay_hours': 0, 'fuel_used_percent': 0}","{'time_left_hours': 0.9999999999999998, 'capacity_left_tons': 7}",0,2026-02-01T02:45:42.004091
"{'fuel_percent': 70, 'time_left_hours': 5.6, 'capacity_left_tons': 3}","{'load_weight_tons': 3, 'additional_time_hours': 1.8, 'profit_inr': 1216}",ACCEPT,-14.01,"{'actual_profit_inr': 1111, 'delay_hours': 1.22, 'fuel_used_percent': 13}","{'time_left_hours': 3.8, 'capacity_left_tons': 0}",0,2026-02-01T02:45:42.004091
"{'fuel_percent': 51, 'time_left_hours': 5.0, 'capacity_left_tons': 5}","{'load_weight_tons': 2, 'additional_time_hours': 2.0, 'profit_inr': 544}",REJECT,-18.3,"{'actual_profit_inr': 0, 'delay_hours': 0, 'fuel_used_percent': 0}","{'time_left_hours': 3.0, 'capacity_left_tons': 3}",0,2026-02-01T02:45:42.004091
"{'fuel_percent': 55, 'time_left_hours': 4.1, 'capacity_left_tons': 8}","{'load_weight_tons': 4, 'additional_time_hours': 0.8, 'profit_inr': 682}",REJECT,0.2,"{'actual_profit_inr': 0, 'delay_hours': 0, 'fuel_used_percent': 0}","{'time_left_hours': 3.3, 'capacity_left_tons': 4}",0,2026-02-01T02:45:42.004091
"{'fuel_percent': 47, 'time_left_hours': 6.0, 'capacity_left_tons': 4}","{'load_weight_tons': 3, 'additional_time_hours': 0.7, 'profit_inr': 2983}",REJECT,-7.76,"{'actual_profit_inr': 0, 'delay_hours': 0, 'fuel_used_percent': 0}","{'time_left_hours': 5.3, 'capacity_left_tons': 1}",0,2026-02-01T02:45:42.004091
"{'fuel_percent': 57, 'time_left_hours': 3.5, 'capacity_left_tons': 3}","{'load_weight_tons': 1, 'additional_time_hours': 1.9, 'profit_inr': 2747}",REJECT,22.69,"{'actual_profit_inr': 0, 'delay_hours': 0, 'fuel_used_percent': 0}","{'time_left_hours': 1.6, 'capacity_left_tons': 2}",0,2026-02-01T02:45:42.004091
"{'fuel_percent': 26, 'time_left_hours': 5.8, 'capacity_left_tons': 5}","{'load_weight_tons': 4, 'additional_time_hours': 1.7, 'profit_inr': 1262}",REJECT,26.71,"{'actual_profit_inr': 0, 'delay_hours': 0, 'fuel_used_percent': 0}","{'time_left_hours': 4.1, 'capacity_left_tons': 1}",0,2026-02-01T02:45:42.004091
"{'fuel_percent': 61, 'time_left_hours': 2.1, 'capacity_left_tons': 10}","{'load_weight_tons': 3, 'additional_time_hours': 1.7, 'profit_inr': 1826}",ACCEPT,16.22,"{'actual_profit_inr': 1621, 'delay_hours': 1.41, 'fuel_used_percent': 8}","{'time_left_hours': 0.40000000000000013, 'capacity_left_tons': 7}",0,2026-02-01T02:45:42.004091
"{'fuel_percent': 58, 'time_left_hours': 5.0, 'capacity_left_tons': 7}","{'load_weight_tons': 2, 'additional_time_hours': 1.8, 'profit_inr': 730}",ACCEPT,-19.32,"{'actual_profit_inr': 495, 'delay_hours': 0.98, 'fuel_used_percent': 8}","{'time_left_hours': 3.2, 'capacity_left_tons': 5}",0,2026-02-01T02:45:42.004091
"{'fuel_percent': 25, 'time_left_hours': 4.3, 'capacity_left_tons': 3}","{'load_weight_tons': 2, 'additional_time_hours': 1.8, 'profit_inr': 1363}",REJECT,-18.28,"{'actual_profit_inr': 0, 'delay_hours': 0, 'fuel_used_percent': 0}","{'time_left_hours': 2.5, 'capacity_left_tons': 1}",0,2026-02-01T02:45:42.004091
"{'fuel_percent': 23, 'time_left_hours': 3.2, 'capacity_left_tons': 2}","{'load_weight_tons': 3, 'additional_time_hours': 2.0, 'profit_inr': 604}",REJECT,-12.32,"{'actual_profit_inr': 0, 'delay_hours': 0, 'fuel_used_percent': 0}","{'time_left_hours': 1.2000000000000002, 'capacity_left_tons': -1}",0,2026-02-01T02:45:42.004091
"{'fuel_percent': 23, 'time_left_hours': 3.2, 'capacity_left_tons': 5}","{'load_weight_tons': 2, 'additional_time_hours': 1.5, 'profit_inr': 2964}",REJECT,-7.07,"{'actual_profit_inr': 0, 'delay_hours': 0, 'fuel_used_percent': 0}","{'time_left_hours': 1.7000000000000002, 'capacity_left_tons': 3}",0,2026-02-01T02:45:42.004091
"{'fuel_percent': 34, 'time_left_hours': 5.5, 'capacity_left_tons': 2}","{'load_weight_tons': 3, 'additional_time_hours': 0.9, 'profit_inr': 1026}",ACCEPT,-0.03,"{'actual_profit_inr': 977, 'delay_hours': 1.12, 'fuel_used_percent': 14}","{'time_left_hours': 4.6, 'capacity_left_tons': -1}",0,2026-02-01T02:45:42.004091
"{'fuel_percent': 69, 'time_left_hours': 2.5, 'capacity_left_tons': 6}","{'load_weight_tons': 1, 'additional_time_hours': 1.7, 'profit_inr': 1775}",ACCEPT,-14.86,"{'actual_profit_inr': 1655, 'delay_hours': 0.7, 'fuel_used_percent': 12}","{'time_left_hours': 0.8, 'capacity_left_tons': 5}",0,2026-02-01T02:45:42.004091
"{'fuel_percent': 34, 'time_left_hours': 2.9, 'capacity_left_tons': 10}","{'load_weight_tons': 3, 'additional_time_hours': 1.8, 'profit_inr': 838}",REJECT,13.87,"{'actual_profit_inr': 0, 'delay_hours': 0, 'fuel_used_percent': 0}","{'time_left_hours': 1.0999999999999999, 'capacity_left_tons': 7}",0,2026-02-01T02:45:42.004091
"{'fuel_percent': 32, 'time_left_hours': 5.6, 'capacity_left_tons': 3}","{'load_weight_tons': 4, 'additional_time_hours': 0.7, 'profit_inr': 1200}",REJECT,15.43,"{'actual_profit_inr': 0, 'delay_hours': 0, 'fuel_used_percent': 0}","{'time_left_hours': 4.8999999999999995, 'capacity_left_tons': -1}",0,2026-02-01T02:45:42.004091
"{'fuel_percent': 28, 'time_left_hours': 5.1, 'capacity_left_tons': 3}","{'load_weight_tons': 4, 'additional_time_hours': 0.6, 'profit_inr': 1124}",ACCEPT,18.89,"{'actual_profit_inr': 1021, 'delay_hours': 1.23, 'fuel_used_percent': 10}","{'time_left_hours': 4.5, 'capacity_left_tons': -1}",0,2026-02-01T02:45:42.004091
"{'fuel_percent': 28, 'time_left_hours': 3.6, 'capacity_left_tons': 10}","{'load_weight_tons': 2, 'additional_time_hours': 1.8, 'profit_inr': 2171}",ACCEPT,1.09,"{'actual_profit_inr': 2076, 'delay_hours': 0.88, 'fuel_used_percent': 12}","{'time_left_hours': 1.8, 'capacity_left_tons': 8}",0,2026-02-01T02:45:42.004091
"{'fuel_percent': 62, 'time_left_hours': 2.7, 'capacity_left_tons': 5}","{'load_weight_tons': 2, 'additional_time_hours': 0.7, 'profit_inr': 823}",REJECT,1.92,"{'actual_profit_inr': 0, 'delay_hours': 0, 'fuel_used_percent': 0}","{'time_left_hours': 2.0, 'capacity_left_tons': 3}",0,2026-02-01T02:45:42.004091
"{'fuel_percent': 73, 'time_left_hours': 5.1, 'capacity_left_tons': 9}","{'load_weight_tons': 3, 'additional_time_hours': 0.8, 'profit_inr': 1450}",REJECT,-6.58,"{'actual_profit_inr': 0, 'delay_hours': 0, 'fuel_used_percent': 0}","{'time_left_hours': 4.3, 'capacity_left_tons': 6}",0,2026-02-01T02:45:42.004091
"{'fuel_percent': 67, 'time_left_hours': 2.3, 'capacity_left_tons': 8}","{'load_weight_tons': 1, 'additional_time_hours': 0.8, 'profit_inr': 1825}",ACCEPT,18.03,"{'actual_profit_inr': 1611, 'delay_hours': 0.7, 'fuel_used_percent': 8}","{'time_left_hours': 1.4999999999999998, 'capacity_left_tons': 7}",0,2026-02-01T02:45:42.004091
"{'fuel_percent': 37, 'time_left_hours': 3.0, 'capacity_left_tons': 2}","{'load_weight_tons': 3, 'additional_time_hours': 1.4, 'profit_inr': 2405}",REJECT,7.85,"{'actual_profit_inr': 0, 'delay_hours': 0, 'fuel_used_percent': 0}","{'time_left_hours': 1.6, 'capacity_left_tons': -1}",0,2026-02-01T02:45:42.004091
"{'fuel_percent': 29, 'time_left_hours': 5.2, 'capacity_left_tons': 2}","{'load_weight_tons': 4, 'additional_time_hours': 1.0, 'profit_inr': 1102}",REJECT,25.0,"{'actual_profit_inr': 0, 'delay_hours': 0, 'fuel_used_percent': 0}","{'time_left_hours': 4.2, 'capacity_left_tons': -2}",0,2026-02-01T02:45:42.004091
"{'fuel_percent': 27, 'time_left_hours': 5.4, 'capacity_left_tons': 2}","{'load_weight_tons': 1, 'additional_time_hours': 1.5, 'profit_inr': 753}",REJECT,-4.77,"{'actual_profit_inr': 0, 'delay_hours': 0, 'fuel_used_percent': 0}","{'time_left_hours': 3.9000000000000004, 'capacity_left_tons': 1}",0,2026-02-01T02:45:42.004091
"{'fuel_percent': 61, 'time_left_hours': 2.4, 'capacity_left_tons': 2}","{'load_weight_tons': 2, 'additional_time_hours': 0.9, 'profit_inr': 1214}",ACCEPT,11.91,"{'actual_profit_inr': 1133, 'delay_hours': 0.5, 'fuel_used_percent': 10}","{'time_left_hours': 1.5, 'capacity_left_tons': 0}",0,2026-02-01T02:45:42.004091
"{'fuel_percent': 68, 'time_left_hours': 4.7, 'capacity_left_tons': 10}","{'load_weight_tons': 1, 'additional_time_hours': 1.5, 'profit_inr': 1501}",ACCEPT,-10.31,"{'actual_profit_inr': 1492, 'delay_hours': 1.13, 'fuel_used_percent': 7}","{'time_left_hours': 3.2, 'capacity_left_tons': 9}",0,2026-02-01T02:45:42.004091
"{'fuel_percent': 27, 'time_left_hours': 2.6, 'capacity_left_tons': 5}","{'load_weight_tons': 4, 'additional_time_hours': 1.9, 'profit_inr': 950}",REJECT,14.2,"{'actual_profit_inr': 0, 'delay_hours': 0, 'fuel_used_percent': 0}","{'time_left_hours': 0.7000000000000002, 'capacity_left_tons': 1}",0,2026-02-01T02:45:42.004091
"{'fuel_percent': 76, 'time_left_hours': 2.9, 'capacity_left_tons': 4}","{'load_weight_tons': 4, 'additional_time_hours': 1.9, 'profit_inr': 1110}",REJECT,-13.7,"{'actual_profit_inr': 0, 'delay_hours': 0, 'fuel_used_percent': 0}","{'time_left_hours': 1.0, 'capacity_left_tons': 0}",0,2026-02-01T02:45:42.004091
"{'fuel_percent': 35, 'time_left_hours': 5.9, 'capacity_left_tons': 10}","{'load_weight_tons': 1, 'additional_time_hours': 1.9, 'profit_inr': 2169}",ACCEPT,3.46,"{'actual_profit_inr': 2089, 'delay_hours': 1.08, 'fuel_used_percent': 11}","{'time_left_hours': 4.0, 'capacity_left_tons': 9}",0,2026-02-01T02:45:42.004091
"{'fuel_percent': 54, 'time_left_hours': 5.0, 'capacity_left_tons': 9}","{'load_weight_tons': 1, 'additional_time_hours': 1.0, 'profit_inr': 716}",REJECT,25.57,"{'actual_profit_inr': 0, 'delay_hours': 0, 'fuel_used_percent': 0}","{'time_left_hours': 4.0, 'capacity_left_tons': 8}",0,2026-02-01T02:45:42.004091
"{'fuel_percent': 69, 'time_left_hours': 3.9, 'capacity_left_tons': 9}","{'load_weight_tons': 1, 'additional_time_hours': 0.6, 'profit_inr': 2228}",ACCEPT,21.97,"{'actual_profit_inr': 2057, 'delay_hours': 0.76, 'fuel_used_percent': 8}","{'time_left_hours': 3.3, 'capacity_left_tons': 8}",0,2026-02-01T02:45:42.004091
"{'fuel_percent': 53, 'time_left_hours': 2.3, 'capacity_left_tons': 4}","{'load_weight_tons': 3, 'additional_time_hours': 1.0, 'profit_inr': 1241}",ACCEPT,-6.1,"{'actual_profit_inr': 1186, 'delay_hours': 0.22, 'fuel_used_percent': 14}","{'time_left_hours': 1.2999999999999998, 'capacity_left_tons': 1}",0,2026-02-01T02:45:42.004091
"{'fuel_percent': 50, 'time_left_hours': 4.7, 'capacity_left_tons': 3}","{'load_weight_tons': 4, 'additional_time_hours': 1.7, 'profit_inr': 720}",ACCEPT,4.52,"{'actual_profit_inr': 707, 'delay_hours': 0.34, 'fuel_used_percent': 9}","{'time_left_hours': 3.0, 'capacity_left_tons': -1}",0,2026-02-01T02:45:42.004091
"{'fuel_percent': 30, 'time_left_hours': 4.5, 'capacity_left_tons': 6}","{'load_weight_tons': 1, 'additional_time_hours': 0.5, 'profit_inr': 2414}",ACCEPT,-18.61,"{'actual_profit_inr': 2339, 'delay_hours': 1.11, 'fuel_used_percent': 11}","{'time_left_hours': 4.0, 'capacity_left_tons': 5}",0,2026-02-01T02:45:42.004091
"{'fuel_percent': 22, 'time_left_hours': 2.6, 'capacity_left_tons': 9}","{'load_weight_tons': 2, 'additional_time_hours': 1.5, 'profit_inr': 2680}",ACCEPT,6.5,"{'actual_profit_inr': 2523, 'delay_hours': 0.25, 'fuel_used_percent': 6}","{'time_left_hours': 1.1, 'capacity_left_tons': 7}",0,2026-02-01T02:45:42.004091
"{'fuel_percent': 30, 'time_left_hours': 5.9, 'capacity_left_tons': 7}","{'load_weight_tons': 1, 'additional_time_hours': 1.2, 'profit_inr': 2227}",REJECT,5.03,"{'actual_profit_inr': 0, 'delay_hours': 0, 'fuel_used_percent': 0}","{'time_left_hours': 4.7, 'capacity_left_tons': 6}",0,2026-02-01T02:45:42.004091
"{'fuel_percent': 51, 'time_left_hours': 5.3, 'capacity_left_tons': 8}","{'load_weight_tons': 4, 'additional_time_hours': 0.5, 'profit_inr': 2735}",ACCEPT,-2.46,"{'actual_profit_inr': 2701, 'delay_hours': 0.6, 'fuel_used_percent': 14}","{'time_left_hours': 4.8, 'capacity_left_tons': 4}",0,2026-02-01T02:45:42.004091
"{'fuel_percent': 48, 'time_left_hours': 5.9, 'capacity_left_tons': 5}","{'load_weight_tons': 4, 'additional_time_hours': 1.5, 'profit_inr': 2526}",ACCEPT,16.71,"{'actual_profit_inr': 2344, 'delay_hours': 1.35, 'fuel_used_percent': 13}","{'time_left_hours': 4.4, 'capacity_left_tons': 1}",0,2026-02-01T02:45:42.004091
"{'fuel_percent': 22, 'time_left_hours': 3.1, 'capacity_left_tons': 3}","{'load_weight_tons': 2, 'additional_time_hours': 1.8, 'profit_inr': 1677}",ACCEPT,21.33,"{'actual_profit_inr': 1472, 'delay_hours': 0.91, 'fuel_used_percent': 7}","{'time_left_hours': 1.3, 'capacity_left_tons': 1}",0,2026-02-01T02:45:42.004091
"{'fuel_percent': 21, 'time_left_hours': 3.7, 'capacity_left_tons': 5}","{'load_weight_tons': 3, 'additional_time_hours': 1.8, 'profit_inr': 2968}",ACCEPT,18.59,"{'actual_profit_inr': 2688, 'delay_hours': 0.84, 'fuel_used_percent': 8}","{'time_left_hours': 1.9000000000000001, 'capacity_left_tons': 2}",0,2026-02-01T02:45:42.004091
"{'fuel_percent': 35, 'time_left_hours': 5.7, 'capacity_left_tons': 9}","{'load_weight_tons': 2, 'additional_time_hours': 0.8, 'profit_inr': 654}",REJECT,-6.89,"{'actual_profit_inr': 0, 'delay_hours': 0, 'fuel_used_percent': 0}","{'time_left_hours': 4.9, 'capacity_left_tons': 7}",0,2026-02-01T02:45:42.004091
"{'fuel_percent': 78, 'time_left_hours': 4.0, 'capacity_left_tons': 9}","{'load_weight_tons': 3, 'additional_time_hours': 1.6, 'profit_inr': 978}",ACCEPT,18.11,"{'actual_profit_inr': 810, 'delay_hours': 0.88, 'fuel_used_percent': 14}","{'time_left_hours': 2.4, 'capacity_left_tons': 6}",0,2026-02-01T02:45:42.004091
"{'fuel_percent': 56, 'time_left_hours': 3.3, 'capacity_left_tons': 6}","{'load_weight_tons': 1, 'additional_time_hours': 1.5, 'profit_inr': 1361}",ACCEPT,-7.17,"{'actual_profit_inr': 1254, 'delay_hours': 0.05, 'fuel_used_percent': 11}","{'time_left_hours': 1.7999999999999998, 'capacity_left_tons': 5}",0,2026-02-01T02:45:42.004091
"{'fuel_percent': 50, 'time_left_hours': 5.4, 'capacity_left_tons': 8}","{'load_weight_tons': 3, 'additional_time_hours': 1.0, 'profit_inr': 682}",ACCEPT,-12.52,"{'actual_profit_inr': 635, 'delay_hours': 0.69, 'fuel_used_percent': 8}","{'time_left_hours': 4.4, 'capacity_left_tons': 5}",0,2026-02-01T02:45:42.004091
"{'fuel_percent': 52, 'time_left_hours': 2.8, 'capacity_left_tons': 9}","{'load_weight_tons': 4, 'additional_time_hours': 1.8, 'profit_inr': 1583}",REJECT,-11.92,"{'actual_profit_inr': 0, 'delay_hours': 0, 'fuel_used_percent': 0}","{'time_left_hours': 0.9999999999999998, 'capacity_left_tons': 5}",0,2026-02-01T02:45:42.004091
"{'fuel_percent': 31, 'time_left_hours': 5.1, 'capacity_left_tons': 9}","{'load_weight_tons': 3, 'additional_time_hours': 1.8, 'profit_inr': 1574}",ACCEPT,22.95,"{'actual_profit_inr': 1566, 'delay_hours': 0.73, 'fuel_used_percent': 10}","{'time_left_hours': 3.3, 'capacity_left_tons': 6}",0,2026-02-01T02:45:42.004091
"{'fuel_percent': 56, 'time_left_hours': 2.0, 'capacity_left_tons': 2}","{'load_weight_tons': 4, 'additional_time_hours': 0.5, 'profit_inr': 2035}",REJECT,-15.11,"{'actual_profit_inr': 0, 'delay_hours': 0, 'fuel_used_percent': 0}","{'time_left_hours': 1.5, 'capacity_left_tons': -2}",0,2026-02-01T02:45:42.004091
"{'fuel_percent': 79, 'time_left_hours': 3.3, 'capacity_left_tons': 10}","{'load_weight_tons': 3, 'additional_time_hours': 1.1, 'profit_inr': 2579}",REJECT,-11.56,"{'actual_profit_inr': 0, 'delay_hours': 0, 'fuel_used_percent': 0}","{'time_left_hours': 2.1999999999999997, 'capacity_left_tons': 7}",0,2026-02-01T02:45:42.004091
"{'fuel_percent': 59, 'time_left_hours': 5.0, 'capacity_left_tons': 2}","{'load_weight_tons': 1, 'additional_time_hours': 1.5, 'profit_inr': 1866}",ACCEPT,1.27,"{'actual_profit_inr': 1802, 'delay_hours': 1.43, 'fuel_used_percent': 5}","{'time_left_hours': 3.5, 'capacity_left_tons': 1}",0,2026-02-01T02:45:42.004091
"{'fuel_percent': 55, 'time_left_hours': 2.8, 'capacity_left_tons': 9}","{'load_weight_tons': 1, 'additional_time_hours': 0.5, 'profit_inr': 2747}",ACCEPT,22.34,"{'actual_profit_inr': 2608, 'delay_hours': 0.37, 'fuel_used_percent': 5}","{'time_left_hours': 2.3, 'capacity_left_tons': 8}",0,2026-02-01T02:45:42.004091
"{'fuel_percent': 65, 'time_left_hours': 4.2, 'capacity_left_tons': 5}","{'load_weight_tons': 1, 'additional_time_hours': 1.9, 'profit_inr': 748}",REJECT,-6.65,"{'actual_profit_inr': 0, 'delay_hours': 0, 'fuel_used_percent': 0}","{'time_left_hours': 2.3000000000000003, 'capacity_left_tons': 4}",0,2026-02-01T02:45:42.004091
"{'fuel_percent': 54, 'time_left_hours': 3.4, 'capacity_left_tons': 4}","{'load_weight_tons': 4, 'additional_time_hours': 0.7, 'profit_inr': 1799}",REJECT,-9.96,"{'actual_profit_inr': 0, 'delay_hours': 0, 'fuel_used_percent': 0}","{'time_left_hours': 2.7, 'capacity_left_tons': 0}",0,2026-02-01T02:45:42.004091
"{'fuel_percent': 62, 'time_left_hours': 4.8, 'capacity_left_tons': 3}","{'load_weight_tons': 2, 'additional_time_hours': 1.8, 'profit_inr': 701}",REJECT,0.77,"{'actual_profit_inr': 0, 'delay_hours': 0, 'fuel_used_percent': 0}","{'time_left_hours': 3.0, 'capacity_left_tons': 1}",0,2026-02-01T02:45:42.004091
"{'fuel_percent': 74, 'time_left_hours': 6.0, 'capacity_left_tons': 4}","{'load_weight_tons': 1, 'additional_time_hours': 0.6, 'profit_inr': 862}",ACCEPT,-3.62,"{'actual_profit_inr': 604, 'delay_hours': 1.07, 'fuel_used_percent': 10}","{'time_left_hours': 5.4, 'capacity_left_tons': 3}",1,2026-02-01T02:45:42.004091
"{'fuel_percent': 73, 'time_left_hours': 5.9, 'capacity_left_tons': 10}","{'load_weight_tons': 2, 'additional_time_hours': 1.7, 'profit_inr': 1646}",REJECT,20.09,"{'actual_profit_inr': 0, 'delay_hours': 0, 'fuel_used_percent': 0}","{'time_left_hours': 4.2, 'capacity_left_tons': 8}",0,2026-02-01T02:45:42.005090
"{'fuel_percent': 26, 'time_left_hours': 2.9, 'capacity_left_tons': 3}","{'load_weight_tons': 4, 'additional_time_hours': 1.3, 'profit_inr': 919}",REJECT,24.56,"{'actual_profit_inr': 0, 'delay_hours': 0, 'fuel_used_percent': 0}","{'time_left_hours': 1.5999999999999999, 'capacity_left_tons': -1}",0,2026-02-01T02:45:42.005090
"{'fuel_percent': 22, 'time_left_hours': 5.2, 'capacity_left_tons': 7}","{'load_weight_tons': 2, 'additional_time_hours': 0.8, 'profit_inr': 2092}",REJECT,-1.12,"{'actual_profit_inr': 0, 'delay_hours': 0, 'fuel_used_percent': 0}","{'time_left_hours': 4.4, 'capacity_left_tons': 5}",0,2026-02-01T02:45:42.005090
"{'fuel_percent': 62, 'time_left_hours': 5.7, 'capacity_left_tons': 3}","{'load_weight_tons': 4, 'additional_time_hours': 1.4, 'profit_inr': 2225}",ACCEPT,24.93,"{'actual_profit_inr': 2178, 'delay_hours': 0.66, 'fuel_used_percent': 10}","{'time_left_hours': 4.300000000000001, 'capacity_left_tons': -1}",0,2026-02-01T02:45:42.005090
"{'fuel_percent': 31, 'time_left_hours': 4.1, 'capacity_left_tons': 9}","{'load_weight_tons': 4, 'additional_time_hours': 1.9, 'profit_inr': 1290}",REJECT,27.74,"{'actual_profit_inr': 0, 'delay_hours': 0, 'fuel_used_percent': 0}","{'time_left_hours': 2.1999999999999997, 'capacity_left_tons': 5}",0,2026-02-01T02:45:42.005090
"{'fuel_percent': 39, 'time_left_hours': 5.0, 'capacity_left_tons': 4}","{'load_weight_tons': 2, 'additional_time_hours': 2.0, 'profit_inr': 748}",REJECT,-14.76,"{'actual_profit_inr': 0, 'delay_hours': 0, 'fuel_used_percent': 0}","{'time_left_hours': 3.0, 'capacity_left_tons': 2}",0,2026-02-01T02:45:42.005090
"{'fuel_percent': 71, 'time_left_hours': 2.5, 'capacity_left_tons': 4}","{'load_weight_tons': 3, 'additional_time_hours': 1.1, 'profit_inr': 749}",ACCEPT,-19.43,"{'actual_profit_inr': 742, 'delay_hours': 0.13, 'fuel_used_percent': 7}","{'time_left_hours': 1.4, 'capacity_left_tons': 1}",0,2026-02-01T02:45:42.005090
"{'fuel_percent': 28, 'time_left_hours': 5.8, 'capacity_left_tons': 10}","{'load_weight_tons': 4, 'additional_time_hours': 1.6, 'profit_inr': 1581}",REJECT,-10.57,"{'actual_profit_inr': 0, 'delay_hours': 0, 'fuel_used_percent': 0}","{'time_left_hours': 4.199999999999999, 'capacity_left_tons': 6}",0,2026-02-01T02:45:42.005090
"{'fuel_percent': 77, 'time_left_hours': 2.6, 'capacity_left_tons': 9}","{'load_weight_tons': 2, 'additional_time_hours': 1.4, 'profit_inr': 2846}",ACCEPT,18.4,"{'actual_profit_inr': 2548, 'delay_hours': 0.93, 'fuel_used_percent': 10}","{'time_left_hours': 1.2000000000000002, 'capacity_left_tons': 7}",0,2026-02-01T02:45:42.005090
"{'fuel_percent': 66, 'time_left_hours': 3.8, 'capacity_left_tons': 2}","{'load_weight_tons': 2, 'additional_time_hours': 1.6, 'profit_inr': 1289}",ACCEPT,-5.39,"{'actual_profit_inr': 1198, 'delay_hours': 0.63, 'fuel_used_percent': 15}","{'time_left_hours': 2.1999999999999997, 'capacity_left_tons': 0}",0,2026-02-01T02:45:42.005090
"{'fuel_percent': 52, 'time_left_hours': 5.8, 'capacity_left_tons': 4}","{'load_weight_tons': 3, 'additional_time_hours': 1.0, 'profit_inr': 1659}",REJECT,4.52,"{'actual_profit_inr': 0, 'delay_hours': 0, 'fuel_used_percent': 0}","{'time_left_hours': 4.8, 'capacity_left_tons': 1}",0,2026-02-01T02:45:42.005090
"{'fuel_percent': 58, 'time_left_hours': 3.8, 'capacity_left_tons': 7}","{'load_weight_tons': 2, 'additional_time_hours': 1.2, 'profit_inr': 1450}",ACCEPT,-11.25,"{'actual_profit_inr': 1196, 'delay_hours': 0.94, 'fuel_used_percent': 10}","{'time_left_hours': 2.5999999999999996, 'capacity_left_tons': 5}",0,2026-02-01T02:45:42.005090
"{'fuel_percent': 26, 'time_left_hours': 2.5, 'capacity_left_tons': 9}","{'load_weight_tons': 2, 'additional_time_hours': 1.4, 'profit_inr': 2262}",REJECT,-9.37,"{'actual_profit_inr': 0, 'delay_hours': 0, 'fuel_used_percent': 0}","{'time_left_hours': 1.1, 'capacity_left_tons': 7}",0,2026-02-01T02:45:42.005090
"{'fuel_percent': 61, 'time_left_hours': 5.9, 'capacity_left_tons': 2}","{'load_weight_tons': 3, 'additional_time_hours': 1.4, 'profit_inr': 2155}",ACCEPT,-8.67,"{'actual_profit_inr': 1952, 'delay_hours': 0.1, 'fuel_used_percent': 10}","{'time_left_hours': 4.5, 'capacity_left_tons': -1}",0,2026-02-01T02:45:42.005090
"{'fuel_percent': 55, 'time_left_hours': 5.0, 'capacity_left_tons': 5}","{'load_weight_tons': 4, 'additional_time_hours': 1.7, 'profit_inr': 2360}",REJECT,5.75,"{'actual_profit_inr': 0, 'delay_hours': 0, 'fuel_used_percent': 0}","{'time_left_hours': 3.3, 'capacity_left_tons': 1}",0,2026-02-01T02:45:42.005090
"{'fuel_percent': 62, 'time_left_hours': 4.1, 'capacity_left_tons': 7}","{'load_weight_tons': 2, 'additional_time_hours': 1.8, 'profit_inr': 2814}",ACCEPT,-2.91,"{'actual_profit_inr': 2723, 'delay_hours': 1.22, 'fuel_used_percent': 13}","{'time_left_hours': 2.3, 'capacity_left_tons': 5}",0,2026-02-01T02:45:42.005090
"{'fuel_percent': 79, 'time_left_hours': 5.1, 'capacity_left_tons': 5}","{'load_weight_tons': 4, 'additional_time_hours': 1.8, 'profit_inr': 736}",ACCEPT,13.57,"{'actual_profit_inr': 569, 'delay_hours': 1.49, 'fuel_used_percent': 5}","{'time_left_hours': 3.3, 'capacity_left_tons': 1}",1,2026-02-01T02:45:42.005090
"{'fuel_percent': 30, 'time_left_hours': 3.1, 'capacity_left_tons': 8}","{'load_weight_tons': 4, 'additional_time_hours': 1.1, 'profit_inr': 2132}",ACCEPT,-1.95,"{'actual_profit_inr': 2116, 'delay_hours': 0.9, 'fuel_used_percent': 12}","{'time_left_hours': 2.0, 'capacity_left_tons': 4}",0,2026-02-01T02:45:42.005090
"{'fuel_percent': 41, 'time_left_hours': 4.5, 'capacity_left_tons': 8}","{'load_weight_tons': 2, 'additional_time_hours': 1.7, 'profit_inr': 519}",ACCEPT,2.21,"{'actual_profit_inr': 418, 'delay_hours': 0.84, 'fuel_used_percent': 11}","{'time_left_hours': 2.8, 'capacity_left_tons': 6}",0,2026-02-01T02:45:42.005090
"{'fuel_percent': 49, 'time_left_hours': 5.7, 'capacity_left_tons': 8}","{'load_weight_tons': 1, 'additional_time_hours': 1.2, 'profit_inr': 1069}",ACCEPT,6.51,"{'actual_profit_inr': 850, 'delay_hours': 0.66, 'fuel_used_percent': 9}","{'time_left_hours': 4.5, 'capacity_left_tons': 7}",0,2026-02-01T02:45:42.005090
"{'fuel_percent': 28, 'time_left_hours': 3.3, 'capacity_left_tons': 5}","{'load_weight_tons': 2, 'additional_time_hours': 0.9, 'profit_inr': 2202}",REJECT,13.37,"{'actual_profit_inr': 0, 'delay_hours': 0, 'fuel_used_percent': 0}","{'time_left_hours': 2.4, 'capacity_left_tons': 3}",0,2026-02-01T02:45:42.005090
"{'fuel_percent': 50, 'time_left_hours': 4.4, 'capacity_left_tons': 4}","{'load_weight_tons': 4, 'additional_time_hours': 0.9, 'profit_inr': 1028}",REJECT,-12.6,"{'actual_profit_inr': 0, 'delay_hours': 0, 'fuel_used_percent': 0}","{'time_left_hours': 3.5000000000000004, 'capacity_left_tons': 0}",0,2026-02-01T02:45:42.005090
"{'fuel_percent': 43, 'time_left_hours': 2.2, 'capacity_left_tons': 3}","{'load_weight_tons': 3, 'additional_time_hours': 1.1, 'profit_inr': 647}",ACCEPT,19.09,"{'actual_profit_inr': 369, 'delay_hours': 0.2, 'fuel_used_percent': 12}","{'time_left_hours': 1.1, 'capacity_left_tons': 0}",0,2026-02-01T02:45:42.005090
"{'fuel_percent': 45, 'time_left_hours': 4.3, 'capacity_left_tons': 2}","{'load_weight_tons': 1, 'additional_time_hours': 1.2, 'profit_inr': 1889}",ACCEPT,-15.61,"{'actual_profit_inr': 1691, 'delay_hours': 0.93, 'fuel_used_percent': 15}","{'time_left_hours': 3.0999999999999996, 'capacity_left_tons': 1}",0,2026-02-01T02:45:42.005090
"{'fuel_percent': 42, 'time_left_hours': 5.5, 'capacity_left_tons': 4}","{'load_weight_tons': 3, 'additional_time_hours': 1.1, 'profit_inr': 559}",REJECT,26.76,"{'actual_profit_inr': 0, 'delay_hours': 0, 'fuel_used_percent': 0}","{'time_left_hours': 4.4, 'capacity_left_tons': 1}",0,2026-02-01T02:45:42.005090
"{'fuel_percent': 58, 'time_left_hours': 5.5, 'capacity_left_tons': 8}","{'load_weight_tons': 3, 'additional_time_hours': 1.5, 'profit_inr': 1840}",ACCEPT,16.63,"{'actual_profit_inr': 1597, 'delay_hours': 0.7, 'fuel_used_percent': 10}","{'time_left_hours': 4.0, 'capacity_left_tons': 5}",0,2026-02-01T02:45:42.005090
"{'fuel_percent': 22, 'time_left_hours': 2.6, 'capacity_left_tons': 7}","{'load_weight_tons': 1, 'additional_time_hours': 1.2, 'profit_inr': 598}",ACCEPT,2.87,"{'actual_profit_inr': 492, 'delay_hours': 1.45, 'fuel_used_percent': 9}","{'time_left_hours': 1.4000000000000001, 'capacity_left_tons': 6}",1,2026-02-01T02:45:42.005090
"{'fuel_percent': 25, 'time_left_hours': 5.5, 'capacity_left_tons': 10}","{'load_weight_tons': 1, 'additional_time_hours': 1.1, 'profit_inr': 1781}",REJECT,-16.23,"{'actual_profit_inr': 0, 'delay_hours': 0, 'fuel_used_percent': 0}","{'time_left_hours': 4.4, 'capacity_left_tons': 9}",0,2026-02-01T02:45:42.005090
"{'fuel_percent': 64, 'time_left_hours': 2.9, 'capacity_left_tons': 2}","{'load_weight_tons': 3, 'additional_time_hours': 1.9, 'profit_inr': 1986}",ACCEPT,23.82,"{'actual_profit_inr': 1803, 'delay_hours': 1.36, 'fuel_used_percent': 14}","{'time_left_hours': 1.0, 'capacity_left_tons': -1}",0,2026-02-01T02:45:42.005090
"{'fuel_percent': 32, 'time_left_hours': 4.8, 'capacity_left_tons': 2}","{'load_weight_tons': 1, 'additional_time_hours': 0.8, 'profit_inr': 1417}",ACCEPT,20.66,"{'actual_profit_inr': 1197, 'delay_hours': 1.36, 'fuel_used_percent': 9}","{'time_left_hours': 4.0, 'capacity_left_tons': 1}",0,2026-02-01T02:45:42.005090
"{'fuel_percent': 20, 'time_left_hours': 3.5, 'capacity_left_tons': 5}","{'load_weight_tons': 3, 'additional_time_hours': 1.1, 'profit_inr': 2022}",ACCEPT,-6.05,"{'actual_profit_inr': 1985, 'delay_hours': 1.12, 'fuel_used_percent': 6}","{'time_left_hours': 2.4, 'capacity_left_tons': 2}",0,2026-02-01T02:45:42.005090
"{'fuel_percent': 29, 'time_left_hours': 3.4, 'capacity_left_tons': 10}","{'load_weight_tons': 1, 'additional_time_hours': 1.3, 'profit_inr': 2010}",REJECT,26.73,"{'actual_profit_inr': 0, 'delay_hours': 0, 'fuel_used_percent': 0}","{'time_left_hours': 2.0999999999999996, 'capacity_left_tons': 9}",0,2026-02-01T02:45:42.005090
"{'fuel_percent': 76, 'time_left_hours': 5.6, 'capacity_left_tons': 6}","{'load_weight_tons': 1, 'additional_time_hours': 1.6, 'profit_inr': 572}",REJECT,-11.52,"{'actual_profit_inr': 0, 'delay_hours': 0, 'fuel_used_percent': 0}","{'time_left_hours': 3.9999999999999996, 'capacity_left_tons': 5}",0,2026-02-01T02:45:42.005090
"{'fuel_percent': 43, 'time_left_hours': 4.0, 'capacity_left_tons': 3}","{'load_weight_tons': 3, 'additional_time_hours': 1.4, 'profit_inr': 1359}",REJECT,29.52,"{'actual_profit_inr': 0, 'delay_hours': 0, 'fuel_used_percent': 0}","{'time_left_hours': 2.6, 'capacity_left_tons': 0}",0,2026-02-01T02:45:42.005090
"{'fuel_percent': 72, 'time_left_hours': 4.3, 'capacity_left_tons': 9}","{'load_weight_tons': 2, 'additional_time_hours': 0.9, 'profit_inr': 2651}",ACCEPT,27.48,"{'actual_profit_inr': 2510, 'delay_hours': 1.17, 'fuel_used_percent': 11}","{'time_left_hours': 3.4, 'capacity_left_tons': 7}",0,2026-02-01T02:45:42.005090
"{'fuel_percent': 55, 'time_left_hours': 5.4, 'capacity_left_tons': 3}","{'load_weight_tons': 1, 'additional_time_hours': 0.8, 'profit_inr': 826}",ACCEPT,-4.45,"{'actual_profit_inr': 782, 'delay_hours': 0.51, 'fuel_used_percent': 12}","{'time_left_hours': 4.6000000000000005, 'capacity_left_tons': 2}",0,2026-02-01T02:45:42.005090
"{'fuel_percent': 25, 'time_left_hours': 4.5, 'capacity_left_tons': 5}","{'load_weight_tons': 1, 'additional_time_hours': 1.5, 'profit_inr': 1752}",ACCEPT,-12.56,"{'actual_profit_inr': 1453, 'delay_hours': 1.31, 'fuel_used_percent': 10}","{'time_left_hours': 3.0, 'capacity_left_tons': 4}",0,2026-02-01T02:45:42.005090
"{'fuel_percent': 39, 'time_left_hours': 3.4, 'capacity_left_tons': 8}","{'load_weight_tons': 1, 'additional_time_hours': 0.6, 'profit_inr': 2741}",REJECT,17.71,"{'actual_profit_inr': 0, 'delay_hours': 0, 'fuel_used_percent': 0}","{'time_left_hours': 2.8, 'capacity_left_tons': 7}",0,2026-02-01T02:45:42.005090
"{'fuel_percent': 65, 'time_left_hours': 3.4, 'capacity_left_tons': 9}","{'load_weight_tons': 3, 'additional_time_hours': 0.8, 'profit_inr': 2848}",REJECT,-8.33,"{'actual_profit_inr': 0, 'delay_hours': 0, 'fuel_used_percent': 0}","{'time_left_hours': 2.5999999999999996, 'capacity_left_tons': 6}",0,2026-02-01T02:45:42.005090
"{'fuel_percent': 35, 'time_left_hours': 5.8, 'capacity_left_tons': 3}","{'load_weight_tons': 3, 'additional_time_hours': 1.0, 'profit_inr': 2270}",REJECT,15.8,"{'actual_profit_inr': 0, 'delay_hours': 0, 'fuel_used_percent': 0}","{'time_left_hours': 4.8, 'capacity_left_tons': 0}",0,2026-02-01T02:45:42.005090
"{'fuel_percent': 24, 'time_left_hours': 3.4, 'capacity_left_tons': 2}","{'load_weight_tons': 3, 'additional_time_hours': 0.7, 'profit_inr': 2007}",REJECT,13.35,"{'actual_profit_inr': 0, 'delay_hours': 0, 'fuel_used_percent': 0}","{'time_left_hours': 2.7, 'capacity_left_tons': -1}",0,2026-02-01T02:45:42.005090
"{'fuel_percent': 65, 'time_left_hours': 4.6, 'capacity_left_tons': 9}","{'load_weight_tons': 4, 'additional_time_hours': 0.7, 'profit_inr': 687}",ACCEPT,-1.74,"{'actual_profit_inr': 540, 'delay_hours': 0.07, 'fuel_used_percent': 15}","{'time_left_hours': 3.8999999999999995, 'capacity_left_tons': 5}",0,2026-02-01T02:45:42.005090
"{'fuel_percent': 44, 'time_left_hours': 4.3, 'capacity_left_tons': 3}","{'load_weight_tons': 4, 'additional_time_hours': 0.7, 'profit_inr': 1547}",REJECT,25.89,"{'actual_profit_inr': 0, 'delay_hours': 0, 'fuel_used_percent': 0}","{'time_left_hours': 3.5999999999999996, 'capacity_left_tons': -1}",0,2026-02-01T02:45:42.005090
"{'fuel_percent': 20, 'time_left_hours': 2.9, 'capacity_left_tons': 9}","{'load_weight_tons': 4, 'additional_time_hours': 0.8, 'profit_inr': 2506}",REJECT,7.75,"{'actual_profit_inr': 0, 'delay_hours': 0, 'fuel_used_percent': 0}","{'time_left_hours': 2.0999999999999996, 'capacity_left_tons': 5}",0,2026-02-01T02:45:42.005090
"{'fuel_percent': 49, 'time_left_hours': 3.7, 'capacity_left_tons': 8}","{'load_weight_tons': 1, 'additional_time_hours': 2.0, 'profit_inr': 2413}",REJECT,21.41,"{'actual_profit_inr': 0, 'delay_hours': 0, 'fuel_used_percent': 0}","{'time_left_hours': 1.7000000000000002, 'capacity_left_tons': 7}",0,2026-02-01T02:45:42.005090
"{'fuel_percent': 30, 'time_left_hours': 4.9, 'capacity_left_tons': 2}","{'load_weight_tons': 3, 'additional_time_hours': 2.0, 'profit_inr': 913}",ACCEPT,9.92,"{'actual_profit_inr': 874, 'delay_hours': 0.63, 'fuel_used_percent': 7}","{'time_left_hours': 2.9000000000000004, 'capacity_left_tons': -1}",0,2026-02-01T02:45:42.005090
"{'fuel_percent': 71, 'time_left_hours': 3.7, 'capacity_left_tons': 10}","{'load_weight_tons': 2, 'additional_time_hours': 1.2, 'profit_inr': 1594}",REJECT,-3.51,"{'actual_profit_inr': 0, 'delay_hours': 0, 'fuel_used_percent': 0}","{'time_left_hours': 2.5, 'capacity_left_tons': 8}",0,2026-02-01T02:45:42.005090
"{'fuel_percent': 54, 'time_left_hours': 5.9, 'capacity_left_tons': 5}","{'load_weight_tons': 2, 'additional_time_hours': 0.8, 'profit_inr': 2562}",ACCEPT,21.0,"{'actual_profit_inr': 2453, 'delay_hours': 0.82, 'fuel_used_percent': 9}","{'time_left_hours': 5.1000000000000005, 'capacity_left_tons': 3}",0,2026-02-01T02:45:42.005090
"{'fuel_percent': 78, 'time_left_hours': 2.5, 'capacity_left_tons': 2}","{'load_weight_tons': 1, 'additional_time_hours': 1.5, 'profit_inr': 2010}",ACCEPT,19.37,"{'actual_profit_inr': 1783, 'delay_hours': 0.87, 'fuel_used_percent': 10}","{'time_left_hours': 1.0, 'capacity_left_tons': 1}",0,2026-02-01T02:45:42.005090
"{'fuel_percent': 71, 'time_left_hours': 3.8, 'capacity_left_tons': 8}","{'load_weight_tons': 4, 'additional_time_hours': 0.9, 'profit_inr': 1770}",REJECT,-14.88,"{'actual_profit_inr': 0, 'delay_hours': 0, 'fuel_used_percent': 0}","{'time_left_hours': 2.9, 'capacity_left_tons': 4}",0,2026-02-01T02:45:42.005090
"{'fuel_percent': 38, 'time_left_hours': 4.9, 'capacity_left_tons': 9}","{'load_weight_tons': 2, 'additional_time_hours': 2.0, 'profit_inr': 1438}",REJECT,-11.13,"{'actual_profit_inr': 0, 'delay_hours': 0, 'fuel_used_percent': 0}","{'time_left_hours': 2.9000000000000004, 'capacity_left_tons': 7}",0,2026-02-01T02:45:42.005090
"{'fuel_percent': 28, 'time_left_hours': 5.2, 'capacity_left_tons': 8}","{'load_weight_tons': 1, 'additional_time_hours': 0.6, 'profit_inr': 1304}",REJECT,19.56,"{'actual_profit_inr': 0, 'delay_hours': 0, 'fuel_used_percent': 0}","{'time_left_hours': 4.6000000000000005, 'capacity_left_tons': 7}",0,2026-02-01T02:45:42.005090
"{'fuel_percent': 20, 'time_left_hours': 3.2, 'capacity_left_tons': 5}","{'load_weight_tons': 2, 'additional_time_hours': 1.4, 'profit_inr': 1723}",ACCEPT,20.48,"{'actual_profit_inr': 1449, 'delay_hours': 0.72, 'fuel_used_percent': 8}","{'time_left_hours': 1.8000000000000003, 'capacity_left_tons': 3}",0,2026-02-01T02:45:42.006091
"{'fuel_percent': 20, 'time_left_hours': 5.6, 'capacity_left_tons': 2}","{'load_weight_tons': 4, 'additional_time_hours': 1.4, 'profit_inr': 1353}",ACCEPT,24.93,"{'actual_profit_inr': 1185, 'delay_hours': 1.38, 'fuel_used_percent': 7}","{'time_left_hours': 4.199999999999999, 'capacity_left_tons': -2}",0,2026-02-01T02:45:42.006091
"{'fuel_percent': 26, 'time_left_hours': 5.3, 'capacity_left_tons': 8}","{'load_weight_tons': 1, 'additional_time_hours': 1.9, 'profit_inr': 1216}",ACCEPT,16.9,"{'actual_profit_inr': 1014, 'delay_hours': 1.38, 'fuel_used_percent': 6}","{'time_left_hours': 3.4, 'capacity_left_tons': 7}",0,2026-02-01T02:45:42.006091
"{'fuel_percent': 35, 'time_left_hours': 3.2, 'capacity_left_tons': 4}","{'load_weight_tons': 3, 'additional_time_hours': 1.2, 'profit_inr': 1680}",ACCEPT,-10.01,"{'actual_profit_inr': 1603, 'delay_hours': 1.16, 'fuel_used_percent': 12}","{'time_left_hours': 2.0, 'capacity_left_tons': 1}",0,2026-02-01T02:45:42.006091
"{'fuel_percent': 78, 'time_left_hours': 5.6, 'capacity_left_tons': 4}","{'load_weight_tons': 4, 'additional_time_hours': 1.5, 'profit_inr': 736}",ACCEPT,-0.85,"{'actual_profit_inr': 631, 'delay_hours': 1.16, 'fuel_used_percent': 13}","{'time_left_hours': 4.1, 'capacity_left_tons': 0}",1,2026-02-01T02:45:42.006091
"{'fuel_percent': 79, 'time_left_hours': 2.3, 'capacity_left_tons': 7}","{'load_weight_tons': 1, 'additional_time_hours': 1.2, 'profit_inr': 1463}",REJECT,-1.23,"{'actual_profit_inr': 0, 'delay_hours': 0, 'fuel_used_percent': 0}","{'time_left_hours': 1.0999999999999999, 'capacity_left_tons': 6}",0,2026-02-01T02:45:42.006091
"{'fuel_percent': 44, 'time_left_hours': 4.7, 'capacity_left_tons': 10}","{'load_weight_tons': 1, 'additional_time_hours': 1.7, 'profit_inr': 1514}",ACCEPT,22.91,"{'actual_profit_inr': 1497, 'delay_hours': 0.17, 'fuel_used_percent': 10}","{'time_left_hours': 3.0, 'capacity_left_tons': 9}",0,2026-02-01T02:45:42.006091
"{'fuel_percent': 32, 'time_left_hours': 5.8, 'capacity_left_tons': 6}","{'load_weight_tons': 1, 'additional_time_hours': 0.7, 'profit_inr': 2016}",ACCEPT,6.33,"{'actual_profit_inr': 1722, 'delay_hours': 1.36, 'fuel_used_percent': 15}","{'time_left_hours': 5.1, 'capacity_left_tons': 5}",0,2026-02-01T02:45:42.006091
"{'fuel_percent': 45, 'time_left_hours': 5.9, 'capacity_left_tons': 6}","{'load_weight_tons': 2, 'additional_time_hours': 1.2, 'profit_inr': 923}",REJECT,28.65,"{'actual_profit_inr': 0, 'delay_hours': 0, 'fuel_used_percent': 0}","{'time_left_hours': 4.7, 'capacity_left_tons': 4}",0,2026-02-01T02:45:42.006091
"{'fuel_percent': 49, 'time_left_hours': 4.6, 'capacity_left_tons': 8}","{'load_weight_tons': 3, 'additional_time_hours': 1.9, 'profit_inr': 2128}",ACCEPT,3.94,"{'actual_profit_inr': 1847, 'delay_hours': 0.7, 'fuel_used_percent': 8}","{'time_left_hours': 2.6999999999999997, 'capacity_left_tons': 5}",0,2026-02-01T02:45:42.006091
"{'fuel_percent': 52, 'time_left_hours': 4.1, 'capacity_left_tons': 9}","{'load_weight_tons': 3, 'additional_time_hours': 1.2, 'profit_inr': 2557}",REJECT,-3.2,"{'actual_profit_inr': 0, 'delay_hours': 0, 'fuel_used_percent': 0}","{'time_left_hours': 2.8999999999999995, 'capacity_left_tons': 6}",0,2026-02-01T02:45:42.006091
"{'fuel_percent': 63, 'time_left_hours': 3.3, 'capacity_left_tons': 3}","{'load_weight_tons': 2, 'additional_time_hours': 1.9, 'profit_inr': 1844}",REJECT,12.8,"{'actual_profit_inr': 0, 'delay_hours': 0, 'fuel_used_percent': 0}","{'time_left_hours': 1.4, 'capacity_left_tons': 1}",0,2026-02-01T02:45:42.006091
"{'fuel_percent': 45, 'time_left_hours': 3.1, 'capacity_left_tons': 5}","{'load_weight_tons': 1, 'additional_time_hours': 0.7, 'profit_inr': 2780}",ACCEPT,-5.13,"{'actual_profit_inr': 2728, 'delay_hours': 0.61, 'fuel_used_percent': 11}","{'time_left_hours': 2.4000000000000004, 'capacity_left_tons': 4}",0,2026-02-01T02:45:42.006091
"{'fuel_percent': 77, 'time_left_hours': 2.3, 'capacity_left_tons': 4}","{'load_weight_tons': 2, 'additional_time_hours': 0.9, 'profit_inr': 2619}",ACCEPT,27.69,"{'actual_profit_inr': 2524, 'delay_hours': 0.87, 'fuel_used_percent': 13}","{'time_left_hours': 1.4, 'capacity_left_tons': 2}",0,2026-02-01T02:45:42.006091
"{'fuel_percent': 70, 'time_left_hours': 5.2, 'capacity_left_tons': 10}","{'load_weight_tons': 1, 'additional_time_hours': 2.0, 'profit_inr': 1271}",ACCEPT,-1.35,"{'actual_profit_inr': 1249, 'delay_hours': 0.4, 'fuel_used_percent': 8}","{'time_left_hours': 3.2, 'capacity_left_tons': 9}",0,2026-02-01T02:45:42.006091
"{'fuel_percent': 67, 'time_left_hours': 2.1, 'capacity_left_tons': 3}","{'load_weight_tons': 3, 'additional_time_hours': 1.5, 'profit_inr': 1556}",ACCEPT,-4.25,"{'actual_profit_inr': 1518, 'delay_hours': 0.8, 'fuel_used_percent': 12}","{'time_left_hours': 0.6000000000000001, 'capacity_left_tons': 0}",0,2026-02-01T02:45:42.006091
"{'fuel_percent': 67, 'time_left_hours': 5.0, 'capacity_left_tons': 3}","{'load_weight_tons': 2, 'additional_time_hours': 1.4, 'profit_inr': 2261}",REJECT,-3.91,"{'actual_profit_inr': 0, 'delay_hours': 0, 'fuel_used_percent': 0}","{'time_left_hours': 3.6, 'capacity_left_tons': 1}",0,2026-02-01T02:45:42.006091
"{'fuel_percent': 38, 'time_left_hours': 6.0, 'capacity_left_tons': 10}","{'load_weight_tons': 1, 'additional_time_hours': 0.6, 'profit_inr': 2281}",REJECT,-10.92,"{'actual_profit_inr': 0, 'delay_hours': 0, 'fuel_used_percent': 0}","{'time_left_hours': 5.4, 'capacity_left_tons': 9}",0,2026-02-01T02:45:42.006091
"{'fuel_percent': 21, 'time_left_hours': 2.3, 'capacity_left_tons': 6}","{'load_weight_tons': 3, 'additional_time_hours': 1.0, 'profit_inr': 736}",ACCEPT,25.54,"{'actual_profit_inr': 614, 'delay_hours': 1.46, 'fuel_used_percent': 7}","{'time_left_hours': 1.2999999999999998, 'capacity_left_tons': 3}",1,2026-02-01T02:45:42.006091
"{'fuel_percent': 26, 'time_left_hours': 5.0, 'capacity_left_tons': 4}","{'load_weight_tons': 2, 'additional_time_hours': 1.4, 'profit_inr': 2562}",REJECT,14.99,"{'actual_profit_inr': 0, 'delay_hours': 0, 'fuel_used_percent': 0}","{'time_left_hours': 3.6, 'capacity_left_tons': 2}",0,2026-02-01T02:45:42.006091
"{'fuel_percent': 79, 'time_left_hours': 3.9, 'capacity_left_tons': 3}","{'load_weight_tons': 4, 'additional_time_hours': 1.6, 'profit_inr': 2287}",ACCEPT,1.39,"{'actual_profit_inr': 2005, 'delay_hours': 0.06, 'fuel_used_percent': 11}","{'time_left_hours': 2.3, 'capacity_left_tons': -1}",0,2026-02-01T02:45:42.006091
"{'fuel_percent': 27, 'time_left_hours': 4.1, 'capacity_left_tons': 9}","{'load_weight_tons': 2, 'additional_time_hours': 0.9, 'profit_inr': 1559}",ACCEPT,20.89,"{'actual_profit_inr': 1298, 'delay_hours': 0.58, 'fuel_used_percent': 9}","{'time_left_hours': 3.1999999999999997, 'capacity_left_tons': 7}",0,2026-02-01T02:45:42.006091
"{'fuel_percent': 78, 'time_left_hours': 4.7, 'capacity_left_tons': 6}","{'load_weight_tons': 2, 'additional_time_hours': 1.2, 'profit_inr': 1673}",REJECT,9.27,"{'actual_profit_inr': 0, 'delay_hours': 0, 'fuel_used_percent': 0}","{'time_left_hours': 3.5, 'capacity_left_tons': 4}",0,2026-02-01T02:45:42.006091
"{'fuel_percent': 44, 'time_left_hours': 2.6, 'capacity_left_tons': 3}","{'load_weight_tons': 3, 'additional_time_hours': 1.9, 'profit_inr': 2813}",REJECT,18.11,"{'actual_profit_inr': 0, 'delay_hours': 0, 'fuel_used_percent': 0}","{'time_left_hours': 0.7000000000000002, 'capacity_left_tons': 0}",0,2026-02-01T02:45:42.006091
"{'fuel_percent': 25, 'time_left_hours': 4.2, 'capacity_left_tons': 4}","{'load_weight_tons': 3, 'additional_time_hours': 0.5, 'profit_inr': 641}",ACCEPT,-5.45,"{'actual_profit_inr': 584, 'delay_hours': 0.85, 'fuel_used_percent': 10}","{'time_left_hours': 3.7, 'capacity_left_tons': 1}",0,2026-02-01T02:45:42.006091
"{'fuel_percent': 52, 'time_left_hours': 2.1, 'capacity_left_tons': 9}","{'load_weight_tons': 2, 'additional_time_hours': 0.6, 'profit_inr': 2799}",REJECT,19.48,"{'actual_profit_inr': 0, 'delay_hours': 0, 'fuel_used_percent': 0}","{'time_left_hours': 1.5, 'capacity_left_tons': 7}",0,2026-02-01T02:45:42.006091
"{'fuel_percent': 44, 'time_left_hours': 4.6, 'capacity_left_tons': 9}","{'load_weight_tons': 3, 'additional_time_hours': 0.6, 'profit_inr': 600}",REJECT,-11.81,"{'actual_profit_inr': 0, 'delay_hours': 0, 'fuel_used_percent': 0}","{'time_left_hours': 3.9999999999999996, 'capacity_left_tons': 6}",0,2026-02-01T02:45:42.006091
"{'fuel_percent': 44, 'time_left_hours': 4.6, 'capacity_left_tons': 5}","{'load_weight_tons': 1, 'additional_time_hours': 0.8, 'profit_inr': 1032}",REJECT,-5.75,"{'actual_profit_inr': 0, 'delay_hours': 0, 'fuel_used_percent': 0}","{'time_left_hours': 3.8, 'capacity_left_tons': 4}",0,2026-02-01T02:45:42.006091
"{'fuel_percent': 52, 'time_left_hours': 3.4, 'capacity_left_tons': 9}","{'load_weight_tons': 1, 'additional_time_hours': 1.2, 'profit_inr': 926}",ACCEPT,6.52,"{'actual_profit_inr': 799, 'delay_hours': 1.16, 'fuel_used_percent': 10}","{'time_left_hours': 2.2, 'capacity_left_tons': 8}",1,2026-02-01T02:45:42.007091
"{'fuel_percent': 64, 'time_left_hours': 5.0, 'capacity_left_tons': 7}","{'load_weight_tons': 4, 'additional_time_hours': 0.8, 'profit_inr': 732}",REJECT,1.45,"{'actual_profit_inr': 0, 'delay_hours': 0, 'fuel_used_percent': 0}","{'time_left_hours': 4.2, 'capacity_left_tons': 3}",0,2026-02-01T02:45:42.007091
"{'fuel_percent': 44, 'time_left_hours': 2.4, 'capacity_left_tons': 6}","{'load_weight_tons': 3, 'additional_time_hours': 1.5, 'profit_inr': 2111}",ACCEPT,28.8,"{'actual_profit_inr': 1982, 'delay_hours': 0.56, 'fuel_used_percent': 15}","{'time_left_hours': 0.8999999999999999, 'capacity_left_tons': 3}",0,2026-02-01T02:45:42.007091
"{'fuel_percent': 51, 'time_left_hours': 5.9, 'capacity_left_tons': 9}","{'load_weight_tons': 1, 'additional_time_hours': 1.1, 'profit_inr': 1002}",ACCEPT,19.91,"{'actual_profit_inr': 912, 'delay_hours': 1.15, 'fuel_used_percent': 7}","{'time_left_hours': 4.800000000000001, 'capacity_left_tons': 8}",0,2026-02-01T02:45:42.007091
"{'fuel_percent': 28, 'time_left_hours': 4.3, 'capacity_left_tons': 5}","{'load_weight_tons': 2, 'additional_time_hours': 0.7, 'profit_inr': 1011}",ACCEPT,10.25,"{'actual_profit_inr': 1009, 'delay_hours': 1.29, 'fuel_used_percent': 13}","{'time_left_hours': 3.5999999999999996, 'capacity_left_tons': 3}",0,2026-02-01T02:45:42.007091
"{'fuel_percent': 30, 'time_left_hours': 5.5, 'capacity_left_tons': 3}","{'load_weight_tons': 3, 'additional_time_hours': 1.8, 'profit_inr': 584}",REJECT,5.95,"{'actual_profit_inr': 0, 'delay_hours': 0, 'fuel_used_percent': 0}","{'time_left_hours': 3.7, 'capacity_left_tons': 0}",0,2026-02-01T02:45:42.007091
"{'fuel_percent': 77, 'time_left_hours': 5.7, 'capacity_left_tons': 7}","{'load_weight_tons': 4, 'additional_time_hours': 0.7, 'profit_inr': 1734}",ACCEPT,20.1,"{'actual_profit_inr': 1485, 'delay_hours': 0.06, 'fuel_used_percent': 11}","{'time_left_hours': 5.0, 'capacity_left_tons': 3}",0,2026-02-01T02:45:42.007091
"{'fuel_percent': 69, 'time_left_hours': 5.3, 'capacity_left_tons': 10}","{'load_weight_tons': 3, 'additional_time_hours': 1.5, 'profit_inr': 1705}",REJECT,24.66,"{'actual_profit_inr': 0, 'delay_hours': 0, 'fuel_used_percent': 0}","{'time_left_hours': 3.8, 'capacity_left_tons': 7}",0,2026-02-01T02:45:42.007091
"{'fuel_percent': 60, 'time_left_hours': 3.2, 'capacity_left_tons': 10}","{'load_weight_tons': 4, 'additional_time_hours': 1.9, 'profit_inr': 874}",REJECT,1.02,"{'actual_profit_inr': 0, 'delay_hours': 0, 'fuel_used_percent': 0}","{'time_left_hours': 1.3000000000000003, 'capacity_left_tons': 6}",0,2026-02-01T02:45:42.007091
"{'fuel_percent': 44, 'time_left_hours': 4.2, 'capacity_left_tons': 9}","{'load_weight_tons': 1, 'additional_time_hours': 1.0, 'profit_inr': 2177}",REJECT,25.7,"{'actual_profit_inr': 0, 'delay_hours': 0, 'fuel_used_percent': 0}","{'time_left_hours': 3.2, 'capacity_left_tons': 8}",0,2026-02-01T02:45:42.007091
"{'fuel_percent': 40, 'time_left_hours': 3.9, 'capacity_left_tons': 8}","{'load_weight_tons': 3, 'additional_time_hours': 1.6, 'profit_inr': 525}",ACCEPT,9.29,"{'actual_profit_inr': 516, 'delay_hours': 0.79, 'fuel_used_percent': 11}","{'time_left_hours': 2.3, 'capacity_left_tons': 5}",0,2026-02-01T02:45:42.007091
"{'fuel_percent': 41, 'time_left_hours': 2.4, 'capacity_left_tons': 8}","{'load_weight_tons': 4, 'additional_time_hours': 0.8, 'profit_inr': 2545}",ACCEPT,11.07,"{'actual_profit_inr': 2463, 'delay_hours': 0.52, 'fuel_used_percent': 10}","{'time_left_hours': 1.5999999999999999, 'capacity_left_tons': 4}",0,2026-02-01T02:45:42.007091
"{'fuel_percent': 21, 'time_left_hours': 4.8, 'capacity_left_tons': 3}","{'load_weight_tons': 2, 'additional_time_hours': 1.7, 'profit_inr': 538}",ACCEPT,21.03,"{'actual_profit_inr': 364, 'delay_hours': 0.31, 'fuel_used_percent': 8}","{'time_left_hours': 3.0999999999999996, 'capacity_left_tons': 1}",0,2026-02-01T02:45:42.007091
"{'fuel_percent': 73, 'time_left_hours': 4.6, 'capacity_left_tons': 9}","{'load_weight_tons': 3, 'additional_time_hours': 1.7, 'profit_inr': 1271}",REJECT,-10.76,"{'actual_profit_inr': 0, 'delay_hours': 0, 'fuel_used_percent': 0}","{'time_left_hours': 2.8999999999999995, 'capacity_left_tons': 6}",0,2026-02-01T02:45:42.007091
"{'fuel_percent': 20, 'time_left_hours': 3.9, 'capacity_left_tons': 5}","{'load_weight_tons': 4, 'additional_time_hours': 1.1, 'profit_inr': 595}",REJECT,26.71,"{'actual_profit_inr': 0, 'delay_hours': 0, 'fuel_used_percent': 0}","{'time_left_hours': 2.8, 'capacity_left_tons': 1}",0,2026-02-01T02:45:42.007091
"{'fuel_percent': 23, 'time_left_hours': 4.7, 'capacity_left_tons': 10}","{'load_weight_tons': 4, 'additional_time_hours': 1.7, 'profit_inr': 2141}",ACCEPT,21.15,"{'actual_profit_inr': 1869, 'delay_hours': 0.34, 'fuel_used_percent': 6}","{'time_left_hours': 3.0, 'capacity_left_tons': 6}",0,2026-02-01T02:45:42.007091
"{'fuel_percent': 70, 'time_left_hours': 5.2, 'capacity_left_tons': 9}","{'load_weight_tons': 3, 'additional_time_hours': 0.6, 'profit_inr': 1225}",ACCEPT,24.94,"{'actual_profit_inr': 1049, 'delay_hours': 0.93, 'fuel_used_percent': 5}","{'time_left_hours': 4.6000000000000005, 'capacity_left_tons': 6}",0,2026-02-01T02:45:42.007091
"{'fuel_percent': 32, 'time_left_hours': 5.5, 'capacity_left_tons': 4}","{'load_weight_tons': 4, 'additional_time_hours': 0.6, 'profit_inr': 2305}",REJECT,27.03,"{'actual_profit_inr': 0, 'delay_hours': 0, 'fuel_used_percent': 0}","{'time_left_hours': 4.9, 'capacity_left_tons': 0}",0,2026-02-01T02:45:42.007091
"{'fuel_percent': 54, 'time_left_hours': 5.6, 'capacity_left_tons': 4}","{'load_weight_tons': 4, 'additional_time_hours': 2.0, 'profit_inr': 607}",REJECT,6.51,"{'actual_profit_inr': 0, 'delay_hours': 0, 'fuel_used_percent': 0}","{'time_left_hours': 3.5999999999999996, 'capacity_left_tons': 0}",0,2026-02-01T02:45:42.007091
"{'fuel_percent': 34, 'time_left_hours': 3.5, 'capacity_left_tons': 6}","{'load_weight_tons': 2, 'additional_time_hours': 1.1, 'profit_inr': 2076}",REJECT,3.72,"{'actual_profit_inr': 0, 'delay_hours': 0, 'fuel_used_percent': 0}","{'time_left_hours': 2.4, 'capacity_left_tons': 4}",0,2026-02-01T02:45:42.007091
"{'fuel_percent': 65, 'time_left_hours': 3.0, 'capacity_left_tons': 9}","{'load_weight_tons': 2, 'additional_time_hours': 1.5, 'profit_inr': 557}",REJECT,10.84,"{'actual_profit_inr': 0, 'delay_hours': 0, 'fuel_used_percent': 0}","{'time_left_hours': 1.5, 'capacity_left_tons': 7}",0,2026-02-01T02:45:42.007091
"{'fuel_percent': 26, 'time_left_hours': 5.1, 'capacity_left_tons': 6}","{'load_weight_tons': 1, 'additional_time_hours': 1.9, 'profit_inr': 2454}",ACCEPT,15.82,"{'actual_profit_inr': 2163, 'delay_hours': 0.37, 'fuel_used_percent': 15}","{'time_left_hours': 3.1999999999999997, 'capacity_left_tons': 5}",0,2026-02-01T02:45:42.007091
"{'fuel_percent': 64, 'time_left_hours': 5.4, 'capacity_left_tons': 4}","{'load_weight_tons': 2, 'additional_time_hours': 1.2, 'profit_inr': 506}",REJECT,29.53,"{'actual_profit_inr': 0, 'delay_hours': 0, 'fuel_used_percent': 0}","{'time_left_hours': 4.2, 'capacity_left_tons': 2}",0,2026-02-01T02:45:42.007091
"{'fuel_percent': 69, 'time_left_hours': 2.3, 'capacity_left_tons': 7}","{'load_weight_tons': 3, 'additional_time_hours': 1.9, 'profit_inr': 1778}",REJECT,-18.5,"{'actual_profit_inr': 0, 'delay_hours': 0, 'fuel_used_percent': 0}","{'time_left_hours': 0.3999999999999999, 'capacity_left_tons': 4}",0,2026-02-01T02:45:42.007091
"{'fuel_percent': 39, 'time_left_hours': 3.6, 'capacity_left_tons': 7}","{'load_weight_tons': 1, 'additional_time_hours': 1.0, 'profit_inr': 2650}",REJECT,8.92,"{'actual_profit_inr': 0, 'delay_hours': 0, 'fuel_used_percent': 0}","{'time_left_hours': 2.6, 'capacity_left_tons': 6}",0,2026-02-01T02:45:42.007091
"{'fuel_percent': 73, 'time_left_hours': 2.6, 'capacity_left_tons': 4}","{'load_weight_tons': 3, 'additional_time_hours': 0.5, 'profit_inr': 1381}",REJECT,18.5,"{'actual_profit_inr': 0, 'delay_hours': 0, 'fuel_used_percent': 0}","{'time_left_hours': 2.1, 'capacity_left_tons': 1}",0,2026-02-01T02:45:42.007091
"{'fuel_percent': 33, 'time_left_hours': 5.5, 'capacity_left_tons': 9}","{'load_weight_tons': 2, 'additional_time_hours': 0.9, 'profit_inr': 1121}",ACCEPT,27.02,"{'actual_profit_inr': 870, 'delay_hours': 0.59, 'fuel_used_percent': 5}","{'time_left_hours': 4.6, 'capacity_left_tons': 7}",0,2026-02-01T02:45:42.007091
"{'fuel_percent': 48, 'time_left_hours': 3.6, 'capacity_left_tons': 7}","{'load_weight_tons': 2, 'additional_time_hours': 0.6, 'profit_inr': 2821}",ACCEPT,-7.75,"{'actual_profit_inr': 2732, 'delay_hours': 0.55, 'fuel_used_percent': 6}","{'time_left_hours': 3.0, 'capacity_left_tons': 5}",0,2026-02-01T02:45:42.007091
"{'fuel_percent': 55, 'time_left_hours': 4.8, 'capacity_left_tons': 7}","{'load_weight_tons': 3, 'additional_time_hours': 1.8, 'profit_inr': 510}",REJECT,-5.28,"{'actual_profit_inr': 0, 'delay_hours': 0, 'fuel_used_percent': 0}","{'time_left_hours': 3.0, 'capacity_left_tons': 4}",0,2026-02-01T02:45:42.007091
"{'fuel_percent': 68, 'time_left_hours': 2.8, 'capacity_left_tons': 7}","{'load_weight_tons': 4, 'additional_time_hours': 1.9, 'profit_inr': 2101}",ACCEPT,15.06,"{'actual_profit_inr': 1962, 'delay_hours': 0.42, 'fuel_used_percent': 14}","{'time_left_hours': 0.8999999999999999, 'capacity_left_tons': 3}",0,2026-02-01T02:45:42.007091
"{'fuel_percent': 26, 'time_left_hours': 2.4, 'capacity_left_tons': 8}","{'load_weight_tons': 1, 'additional_time_hours': 0.7, 'profit_inr': 826}",REJECT,17.8,"{'actual_profit_inr': 0, 'delay_hours': 0, 'fuel_used_percent': 0}","{'time_left_hours': 1.7, 'capacity_left_tons': 7}",0,2026-02-01T02:45:42.007091
"{'fuel_percent': 52, 'time_left_hours': 4.8, 'capacity_left_tons': 10}","{'load_weight_tons': 2, 'additional_time_hours': 1.2, 'profit_inr': 1787}",ACCEPT,-12.69,"{'actual_profit_inr': 1724, 'delay_hours': 0.58, 'fuel_used_percent': 11}","{'time_left_hours': 3.5999999999999996, 'capacity_left_tons': 8}",0,2026-02-01T02:45:42.007091
"{'fuel_percent': 64, 'time_left_hours': 4.5, 'capacity_left_tons': 9}","{'load_weight_tons': 1, 'additional_time_hours': 0.9, 'profit_inr': 707}",ACCEPT,1.12,"{'actual_profit_inr': 559, 'delay_hours': 1.48, 'fuel_used_percent': 10}","{'time_left_hours': 3.6, 'capacity_left_tons': 8}",1,2026-02-01T02:45:42.007091
"{'fuel_percent': 59, 'time_left_hours': 4.9, 'capacity_left_tons': 2}","{'load_weight_tons': 4, 'additional_time_hours': 0.6, 'profit_inr': 982}",ACCEPT,11.87,"{'actual_profit_inr': 935, 'delay_hours': 0.42, 'fuel_used_percent': 11}","{'time_left_hours': 4.300000000000001, 'capacity_left_tons': -2}",0,2026-02-01T02:45:42.007091
"{'fuel_percent': 28, 'time_left_hours': 3.0, 'capacity_left_tons': 6}","{'load_weight_tons': 1, 'additional_time_hours': 0.7, 'profit_inr': 1847}",REJECT,-16.5,"{'actual_profit_inr': 0, 'delay_hours': 0, 'fuel_used_percent': 0}","{'time_left_hours': 2.3, 'capacity_left_tons': 5}",0,2026-02-01T02:45:42.007091
"{'fuel_percent': 65, 'time_left_hours': 3.9, 'capacity_left_tons': 3}","{'load_weight_tons': 2, 'additional_time_hours': 1.4, 'profit_inr': 2787}",ACCEPT,1.73,"{'actual_profit_inr': 2769, 'delay_hours': 0.05, 'fuel_used_percent': 5}","{'time_left_hours': 2.5, 'capacity_left_tons': 1}",0,2026-02-01T02:45:42.007091
"{'fuel_percent': 48, 'time_left_hours': 2.1, 'capacity_left_tons': 10}","{'load_weight_tons': 2, 'additional_time_hours': 1.0, 'profit_inr': 2816}",ACCEPT,-0.26,"{'actual_profit_inr': 2547, 'delay_hours': 0.19, 'fuel_used_percent': 5}","{'time_left_hours': 1.1, 'capacity_left_tons': 8}",0,2026-02-01T02:45:42.007091
"{'fuel_percent': 74, 'time_left_hours': 2.7, 'capacity_left_tons': 10}","{'load_weight_tons': 2, 'additional_time_hours': 0.6, 'profit_inr': 2906}",ACCEPT,24.28,"{'actual_profit_inr': 2627, 'delay_hours': 1.16, 'fuel_used_percent': 9}","{'time_left_hours': 2.1, 'capacity_left_tons': 8}",0,2026-02-01T02:45:42.007091
"{'fuel_percent': 45, 'time_left_hours': 6.0, 'capacity_left_tons': 6}","{'load_weight_tons': 3, 'additional_time_hours': 1.5, 'profit_inr': 2996}",ACCEPT,0.27,"{'actual_profit_inr': 2905, 'delay_hours': 0.15, 'fuel_used_percent': 12}","{'time_left_hours': 4.5, 'capacity_left_tons': 3}",0,2026-02-01T02:45:42.007091
"{'fuel_percent': 31, 'time_left_hours': 4.7, 'capacity_left_tons': 4}","{'load_weight_tons': 4, 'additional_time_hours': 1.0, 'profit_inr': 2564}",ACCEPT,-3.51,"{'actual_profit_inr': 2321, 'delay_hours': 0.44, 'fuel_used_percent': 7}","{'time_left_hours': 3.7, 'capacity_left_tons': 0}",0,2026-02-01T02:45:42.007091
"{'fuel_percent': 29, 'time_left_hours': 5.4, 'capacity_left_tons': 5}","{'load_weight_tons': 3, 'additional_time_hours': 1.9, 'profit_inr': 1384}",ACCEPT,-2.18,"{'actual_profit_inr': 1096, 'delay_hours': 0.75, 'fuel_used_percent': 10}","{'time_left_hours': 3.5000000000000004, 'capacity_left_tons': 2}",0,2026-02-01T02:45:42.007091
"{'fuel_percent': 45, 'time_left_hours': 2.1, 'capacity_left_tons': 4}","{'load_weight_tons': 1, 'additional_time_hours': 1.7, 'profit_inr': 2333}",REJECT,4.6,"{'actual_profit_inr': 0, 'delay_hours': 0, 'fuel_used_percent': 0}","{'time_left_hours': 0.40000000000000013, 'capacity_left_tons': 3}",0,2026-02-01T02:45:42.007091
"{'fuel_percent': 76, 'time_left_hours': 3.2, 'capacity_left_tons': 5}","{'load_weight_tons': 1, 'additional_time_hours': 1.9, 'profit_inr': 1477}",REJECT,-4.57,"{'actual_profit_inr': 0, 'delay_hours': 0, 'fuel_used_percent': 0}","{'time_left_hours': 1.3000000000000003, 'capacity_left_tons': 4}",0,2026-02-01T02:45:42.007091
"{'fuel_percent': 33, 'time_left_hours': 3.5, 'capacity_left_tons': 5}","{'load_weight_tons': 3, 'additional_time_hours': 0.9, 'profit_inr': 541}",REJECT,14.19,"{'actual_profit_inr': 0, 'delay_hours': 0, 'fuel_used_percent': 0}","{'time_left_hours': 2.6, 'capacity_left_tons': 2}",0,2026-02-01T02:45:42.007091
"{'fuel_percent': 29, 'time_left_hours': 3.5, 'capacity_left_tons': 10}","{'load_weight_tons': 4, 'additional_time_hours': 1.6, 'profit_inr': 2380}",ACCEPT,-14.16,"{'actual_profit_inr': 2085, 'delay_hours': 0.72, 'fuel_used_percent': 12}","{'time_left_hours': 1.9, 'capacity_left_tons': 6}",0,2026-02-01T02:45:42.007091
"{'fuel_percent': 60, 'time_left_hours': 3.0, 'capacity_left_tons': 4}","{'load_weight_tons': 4, 'additional_time_hours': 1.0, 'profit_inr': 2539}",ACCEPT,-3.64,"{'actual_profit_inr': 2464, 'delay_hours': 0.06, 'fuel_used_percent': 14}","{'time_left_hours': 2.0, 'capacity_left_tons': 0}",0,2026-02-01T02:45:42.007091
"{'fuel_percent': 29, 'time_left_hours': 4.1, 'capacity_left_tons': 6}","{'load_weight_tons': 1, 'additional_time_hours': 1.4, 'profit_inr': 1087}",ACCEPT,8.16,"{'actual_profit_inr': 904, 'delay_hours': 1.35, 'fuel_used_percent': 8}","{'time_left_hours': 2.6999999999999997, 'capacity_left_tons': 5}",0,2026-02-01T02:45:42.007091
"{'fuel_percent': 74, 'time_left_hours': 2.3, 'capacity_left_tons': 6}","{'load_weight_tons': 4, 'additional_time_hours': 1.0, 'profit_inr': 2199}",REJECT,27.76,"{'actual_profit_inr': 0, 'delay_hours': 0, 'fuel_used_percent': 0}","{'time_left_hours': 1.2999999999999998, 'capacity_left_tons': 2}",0,2026-02-01T02:45:42.007091
"{'fuel_percent': 29, 'time_left_hours': 2.8, 'capacity_left_tons': 10}","{'load_weight_tons': 4, 'additional_time_hours': 1.3, 'profit_inr': 2651}",REJECT,24.7,"{'actual_profit_inr': 0, 'delay_hours': 0, 'fuel_used_percent': 0}","{'time_left_hours': 1.4999999999999998, 'capacity_left_tons': 6}",0,2026-02-01T02:45:42.007091
"{'fuel_percent': 32, 'time_left_hours': 3.2, 'capacity_left_tons': 10}","{'load_weight_tons': 3, 'additional_time_hours': 0.7, 'profit_inr': 1199}",ACCEPT,-19.28,"{'actual_profit_inr': 1139, 'delay_hours': 0.6, 'fuel_used_percent': 13}","{'time_left_hours': 2.5, 'capacity_left_tons': 7}",0,2026-02-01T02:45:42.007091
"{'fuel_percent': 32, 'time_left_hours': 6.0, 'capacity_left_tons': 10}","{'load_weight_tons': 2, 'additional_time_hours': 2.0, 'profit_inr': 639}",ACCEPT,26.92,"{'actual_profit_inr': 612, 'delay_hours': 0.25, 'fuel_used_percent': 14}","{'time_left_hours': 4.0, 'capacity_left_tons': 8}",0,2026-02-01T02:45:42.007091
"{'fuel_percent': 71, 'time_left_hours': 5.3, 'capacity_left_tons': 6}","{'load_weight_tons': 3, 'additional_time_hours': 1.8, 'profit_inr': 2361}",ACCEPT,25.64,"{'actual_profit_inr': 2350, 'delay_hours': 0.75, 'fuel_used_percent': 8}","{'time_left_hours': 3.5, 'capacity_left_tons': 3}",0,2026-02-01T02:45:42.007091
"{'fuel_percent': 30, 'time_left_hours': 3.7, 'capacity_left_tons': 8}","{'load_weight_tons': 2, 'additional_time_hours': 0.7, 'profit_inr': 1224}",REJECT,20.72,"{'actual_profit_inr': 0, 'delay_hours': 0, 'fuel_used_percent': 0}","{'time_left_hours': 3.0, 'capacity_left_tons': 6}",0,2026-02-01T02:45:42.007091
"{'fuel_percent': 67, 'time_left_hours': 3.6, 'capacity_left_tons': 8}","{'load_weight_tons': 1, 'additional_time_hours': 0.6, 'profit_inr': 1713}",ACCEPT,-14.33,"{'actual_profit_inr': 1501, 'delay_hours': 0.17, 'fuel_used_percent': 9}","{'time_left_hours': 3.0, 'capacity_left_tons': 7}",0,2026-02-01T02:45:42.007091
"{'fuel_percent': 40, 'time_left_hours': 5.7, 'capacity_left_tons': 6}","{'load_weight_tons': 2, 'additional_time_hours': 1.4, 'profit_inr': 1693}",ACCEPT,9.99,"{'actual_profit_inr': 1397, 'delay_hours': 0.09, 'fuel_used_percent': 13}","{'time_left_hours': 4.300000000000001, 'capacity_left_tons': 4}",0,2026-02-01T02:45:42.007091
"{'fuel_percent': 50, 'time_left_hours': 2.5, 'capacity_left_tons': 6}","{'load_weight_tons': 2, 'additional_time_hours': 1.1, 'profit_inr': 2445}",ACCEPT,-17.04,"{'actual_profit_inr': 2213, 'delay_hours': 1.14, 'fuel_used_percent': 14}","{'time_left_hours': 1.4, 'capacity_left_tons': 4}",0,2026-02-01T02:45:42.007091
"{'fuel_percent': 36, 'time_left_hours': 6.0, 'capacity_left_tons': 3}","{'load_weight_tons': 3, 'additional_time_hours': 0.9, 'profit_inr': 1420}",REJECT,-7.0,"{'actual_profit_inr': 0, 'delay_hours': 0, 'fuel_used_percent': 0}","{'time_left_hours': 5.1, 'capacity_left_tons': 0}",0,2026-02-01T02:45:42.007091
"{'fuel_percent': 54, 'time_left_hours': 4.3, 'capacity_left_tons': 6}","{'load_weight_tons': 3, 'additional_time_hours': 1.4, 'profit_inr': 2925}",REJECT,15.22,"{'actual_profit_inr': 0, 'delay_hours': 0, 'fuel_used_percent': 0}","{'time_left_hours': 2.9, 'capacity_left_tons': 3}",0,2026-02-01T02:45:42.007091
"{'fuel_percent': 79, 'time_left_hours': 4.8, 'capacity_left_tons': 3}","{'load_weight_tons': 3, 'additional_time_hours': 1.2, 'profit_inr': 1712}",REJECT,29.46,"{'actual_profit_inr': 0, 'delay_hours': 0, 'fuel_used_percent': 0}","{'time_left_hours': 3.5999999999999996, 'capacity_left_tons': 0}",0,2026-02-01T02:45:42.007091
"{'fuel_percent': 80, 'time_left_hours': 5.0, 'capacity_left_tons': 3}","{'load_weight_tons': 2, 'additional_time_hours': 1.6, 'profit_inr': 869}",ACCEPT,11.29,"{'actual_profit_inr': 759, 'delay_hours': 1.25, 'fuel_used_percent': 8}","{'time_left_hours': 3.4, 'capacity_left_tons': 1}",1,2026-02-01T02:45:42.007091
"{'fuel_percent': 33, 'time_left_hours': 4.8, 'capacity_left_tons': 6}","{'load_weight_tons': 2, 'additional_time_hours': 1.0, 'profit_inr': 1982}",REJECT,21.45,"{'actual_profit_inr': 0, 'delay_hours': 0, 'fuel_used_percent': 0}","{'time_left_hours': 3.8, 'capacity_left_tons': 4}",0,2026-02-01T02:45:42.007091
"{'fuel_percent': 24, 'time_left_hours': 5.8, 'capacity_left_tons': 5}","{'load_weight_tons': 2, 'additional_time_hours': 1.5, 'profit_inr': 1368}",REJECT,13.39,"{'actual_profit_inr': 0, 'delay_hours': 0, 'fuel_used_percent': 0}","{'time_left_hours': 4.3, 'capacity_left_tons': 3}",0,2026-02-01T02:45:42.007091
"{'fuel_percent': 35, 'time_left_hours': 6.0, 'capacity_left_tons': 8}","{'load_weight_tons': 3, 'additional_time_hours': 0.7, 'profit_inr': 2097}",ACCEPT,-1.57,"{'actual_profit_inr': 1966, 'delay_hours': 1.27, 'fuel_used_percent': 6}","{'time_left_hours': 5.3, 'capacity_left_tons': 5}",0,2026-02-01T02:45:42.008083
"{'fuel_percent': 53, 'time_left_hours': 5.1, 'capacity_left_tons': 4}","{'load_weight_tons': 2, 'additional_time_hours': 1.7, 'profit_inr': 1962}",REJECT,4.29,"{'actual_profit_inr': 0, 'delay_hours': 0, 'fuel_used_percent': 0}","{'time_left_hours': 3.3999999999999995, 'capacity_left_tons': 2}",0,2026-02-01T02:45:42.008083
"{'fuel_percent': 49, 'time_left_hours': 2.3, 'capacity_left_tons': 5}","{'load_weight_tons': 3, 'additional_time_hours': 1.6, 'profit_inr': 786}",REJECT,-2.51,"{'actual_profit_inr': 0, 'delay_hours': 0, 'fuel_used_percent': 0}","{'time_left_hours': 0.6999999999999997, 'capacity_left_tons': 2}",0,2026-02-01T02:45:42.008083
"{'fuel_percent': 70, 'time_left_hours': 4.5, 'capacity_left_tons': 2}","{'load_weight_tons': 2, 'additional_time_hours': 1.4, 'profit_inr': 716}",ACCEPT,20.58,"{'actual_profit_inr': 472, 'delay_hours': 0.62, 'fuel_used_percent': 14}","{'time_left_hours': 3.1, 'capacity_left_tons': 0}",0,2026-02-01T02:45:42.008083
"{'fuel_percent': 66, 'time_left_hours': 2.9, 'capacity_left_tons': 8}","{'load_weight_tons': 1, 'additional_time_hours': 1.5, 'profit_inr': 2303}",REJECT,-1.29,"{'actual_profit_inr': 0, 'delay_hours': 0, 'fuel_used_percent': 0}","{'time_left_hours': 1.4, 'capacity_left_tons': 7}",0,2026-02-01T02:45:42.008083
"{'fuel_percent': 40, 'time_left_hours': 4.9, 'capacity_left_tons': 9}","{'load_weight_tons': 3, 'additional_time_hours': 1.0, 'profit_inr': 1475}",ACCEPT,16.39,"{'actual_profit_inr': 1197, 'delay_hours': 1.26, 'fuel_used_percent': 5}","{'time_left_hours': 3.9000000000000004, 'capacity_left_tons': 6}",0,2026-02-01T02:45:42.008083
"{'fuel_percent': 80, 'time_left_hours': 5.4, 'capacity_left_tons': 9}","{'load_weight_tons': 1, 'additional_time_hours': 1.3, 'profit_inr': 2710}",ACCEPT,-9.61,"{'actual_profit_inr': 2498, 'delay_hours': 0.25, 'fuel_used_percent': 14}","{'time_left_hours': 4.1000000000000005, 'capacity_left_tons': 8}",0,2026-02-01T02:45:42.008083
"{'fuel_percent': 25, 'time_left_hours': 5.4, 'capacity_left_tons': 2}","{'load_weight_tons': 3, 'additional_time_hours': 1.8, 'profit_inr': 1529}",ACCEPT,1.8,"{'actual_profit_inr': 1519, 'delay_hours': 0.02, 'fuel_used_percent': 11}","{'time_left_hours': 3.6000000000000005, 'capacity_left_tons': -1}",0,2026-02-01T02:45:42.008083
"{'fuel_percent': 20, 'time_left_hours': 4.9, 'capacity_left_tons': 2}","{'load_weight_tons': 1, 'additional_time_hours': 1.9, 'profit_inr': 2606}",ACCEPT,26.75,"{'actual_profit_inr': 2518, 'delay_hours': 1.06, 'fuel_used_percent': 7}","{'time_left_hours': 3.0000000000000004, 'capacity_left_tons': 1}",0,2026-02-01T02:45:42.008083
"{'fuel_percent': 34, 'time_left_hours': 4.0, 'capacity_left_tons': 7}","{'load_weight_tons': 2, 'additional_time_hours': 1.0, 'profit_inr': 2667}",REJECT,24.18,"{'actual_profit_inr': 0, 'delay_hours': 0, 'fuel_used_percent': 0}","{'time_left_hours': 3.0, 'capacity_left_tons': 5}",0,2026-02-01T02:45:42.008083
"{'fuel_percent': 38, 'time_left_hours': 3.7, 'capacity_left_tons': 9}","{'load_weight_tons': 1, 'additional_time_hours': 1.4, 'profit_inr': 2283}",REJECT,-2.28,"{'actual_profit_inr': 0, 'delay_hours': 0, 'fuel_used_percent': 0}","{'time_left_hours': 2.3000000000000003, 'capacity_left_tons': 8}",0,2026-02-01T02:45:42.008083
"{'fuel_percent': 21, 'time_left_hours': 5.7, 'capacity_left_tons': 5}","{'load_weight_tons': 2, 'additional_time_hours': 1.7, 'profit_inr': 1697}",ACCEPT,26.69,"{'actual_profit_inr': 1549, 'delay_hours': 1.12, 'fuel_used_percent': 6}","{'time_left_hours': 4.0, 'capacity_left_tons': 3}",0,2026-02-01T02:45:42.008083
"{'fuel_percent': 37, 'time_left_hours': 5.2, 'capacity_left_tons': 4}","{'load_weight_tons': 1, 'additional_time_hours': 0.6, 'profit_inr': 1273}",REJECT,-18.0,"{'actual_profit_inr': 0, 'delay_hours': 0, 'fuel_used_percent': 0}","{'time_left_hours': 4.6000000000000005, 'capacity_left_tons': 3}",0,2026-02-01T02:45:42.008083
"{'fuel_percent': 49, 'time_left_hours': 4.0, 'capacity_left_tons': 5}","{'load_weight_tons': 2, 'additional_time_hours': 0.6, 'profit_inr': 539}",REJECT,5.72,"{'actual_profit_inr': 0, 'delay_hours': 0, 'fuel_used_percent': 0}","{'time_left_hours': 3.4, 'capacity_left_tons': 3}",0,2026-02-01T02:45:42.008083
"{'fuel_percent': 52, 'time_left_hours': 4.5, 'capacity_left_tons': 9}","{'load_weight_tons': 4, 'additional_time_hours': 1.3, 'profit_inr': 584}",REJECT,-17.37,"{'actual_profit_inr': 0, 'delay_hours': 0, 'fuel_used_percent': 0}","{'time_left_hours': 3.2, 'capacity_left_tons': 5}",0,2026-02-01T02:45:42.008083
"{'fuel_percent': 44, 'time_left_hours': 2.0, 'capacity_left_tons': 4}","{'load_weight_tons': 1, 'additional_time_hours': 1.2, 'profit_inr': 1988}",REJECT,-7.79,"{'actual_profit_inr': 0, 'delay_hours': 0, 'fuel_used_percent': 0}","{'time_left_hours': 0.8, 'capacity_left_tons': 3}",0,2026-02-01T02:45:42.008083
"{'fuel_percent': 74, 'time_left_hours': 4.6, 'capacity_left_tons': 9}","{'load_weight_tons': 1, 'additional_time_hours': 0.6, 'profit_inr': 1492}",REJECT,-6.45,"{'actual_profit_inr': 0, 'delay_hours': 0, 'fuel_used_percent': 0}","{'time_left_hours': 3.9999999999999996, 'capacity_left_tons': 8}",0,2026-02-01T02:45:42.008083
"{'fuel_percent': 70, 'time_left_hours': 2.0, 'capacity_left_tons': 10}","{'load_weight_tons': 1, 'additional_time_hours': 0.5, 'profit_inr': 1485}",REJECT,-19.86,"{'actual_profit_inr': 0, 'delay_hours': 0, 'fuel_used_percent': 0}","{'time_left_hours': 1.5, 'capacity_left_tons': 9}",0,2026-02-01T02:45:42.008083
"{'fuel_percent': 71, 'time_left_hours': 4.2, 'capacity_left_tons': 7}","{'load_weight_tons': 4, 'additional_time_hours': 1.1, 'profit_inr': 880}",ACCEPT,20.18,"{'actual_profit_inr': 870, 'delay_hours': 1.0, 'fuel_used_percent': 13}","{'time_left_hours': 3.1, 'capacity_left_tons': 3}",0,2026-02-01T02:45:42.008083
"{'fuel_percent': 39, 'time_left_hours': 5.7, 'capacity_left_tons': 5}","{'load_weight_tons': 1, 'additional_time_hours': 1.8, 'profit_inr': 834}",REJECT,8.93,"{'actual_profit_inr': 0, 'delay_hours': 0, 'fuel_used_percent': 0}","{'time_left_hours': 3.9000000000000004, 'capacity_left_tons': 4}",0,2026-02-01T02:45:42.008083
"{'fuel_percent': 52, 'time_left_hours': 4.3, 'capacity_left_tons': 8}","{'load_weight_tons': 2, 'additional_time_hours': 0.8, 'profit_inr': 2291}",REJECT,2.8,"{'actual_profit_inr': 0, 'delay_hours': 0, 'fuel_used_percent': 0}","{'time_left_hours': 3.5, 'capacity_left_tons': 6}",0,2026-02-01T02:45:42.008083
"{'fuel_percent': 74, 'time_left_hours': 2.9, 'capacity_left_tons': 6}","{'load_weight_tons': 2, 'additional_time_hours': 0.6, 'profit_inr': 955}",REJECT,-9.39,"{'actual_profit_inr': 0, 'delay_hours': 0, 'fuel_used_percent': 0}","{'time_left_hours': 2.3, 'capacity_left_tons': 4}",0,2026-02-01T02:45:42.008083
"{'fuel_percent': 49, 'time_left_hours': 2.1, 'capacity_left_tons': 9}","{'load_weight_tons': 2, 'additional_time_hours': 1.2, 'profit_inr': 742}",REJECT,-18.68,"{'actual_profit_inr': 0, 'delay_hours': 0, 'fuel_used_percent': 0}","{'time_left_hours': 0.9000000000000001, 'capacity_left_tons': 7}",0,2026-02-01T02:45:42.008083
"{'fuel_percent': 29, 'time_left_hours': 3.0, 'capacity_left_tons': 5}","{'load_weight_tons': 4, 'additional_time_hours': 1.7, 'profit_inr': 1281}",ACCEPT,7.12,"{'actual_profit_inr': 1026, 'delay_hours': 0.91, 'fuel_used_percent': 10}","{'time_left_hours': 1.3, 'capacity_left_tons': 1}",0,2026-02-01T02:45:42.008083
"{'fuel_percent': 34, 'time_left_hours': 5.2, 'capacity_left_tons': 9}","{'load_weight_tons': 3, 'additional_time_hours': 0.7, 'profit_inr': 1562}",ACCEPT,17.83,"{'actual_profit_inr': 1283, 'delay_hours': 0.63, 'fuel_used_percent': 12}","{'time_left_hours': 4.5, 'capacity_left_tons': 6}",0,2026-02-01T02:45:42.008083
"{'fuel_percent': 51, 'time_left_hours': 5.8, 'capacity_left_tons': 6}","{'load_weight_tons': 1, 'additional_time_hours': 1.9, 'profit_inr': 912}",ACCEPT,-9.96,"{'actual_profit_inr': 801, 'delay_hours': 0.33, 'fuel_used_percent': 12}","{'time_left_hours': 3.9, 'capacity_left_tons': 5}",0,2026-02-01T02:45:42.008083
"{'fuel_percent': 54, 'time_left_hours': 4.4, 'capacity_left_tons': 7}","{'load_weight_tons': 3, 'additional_time_hours': 1.8, 'profit_inr': 1652}",ACCEPT,-18.09,"{'actual_profit_inr': 1467, 'delay_hours': 0.64, 'fuel_used_percent': 7}","{'time_left_hours': 2.6000000000000005, 'capacity_left_tons': 4}",0,2026-02-01T02:45:42.008083
"{'fuel_percent': 35, 'time_left_hours': 5.5, 'capacity_left_tons': 8}","{'load_weight_tons': 3, 'additional_time_hours': 1.8, 'profit_inr': 1321}",ACCEPT,27.53,"{'actual_profit_inr': 1088, 'delay_hours': 0.43, 'fuel_used_percent': 12}","{'time_left_hours': 3.7, 'capacity_left_tons': 5}",0,2026-02-01T02:45:42.008083
"{'fuel_percent': 48, 'time_left_hours': 4.9, 'capacity_left_tons': 2}","{'load_weight_tons': 1, 'additional_time_hours': 1.9, 'profit_inr': 2247}",REJECT,12.88,"{'actual_profit_inr': 0, 'delay_hours': 0, 'fuel_used_percent': 0}","{'time_left_hours': 3.0000000000000004, 'capacity_left_tons': 1}",0,2026-02-01T02:45:42.008083
"{'fuel_percent': 49, 'time_left_hours': 5.7, 'capacity_left_tons': 6}","{'load_weight_tons': 4, 'additional_time_hours': 1.2, 'profit_inr': 2742}",ACCEPT,20.22,"{'actual_profit_inr': 2523, 'delay_hours': 1.48, 'fuel_used_percent': 6}","{'time_left_hours': 4.5, 'capacity_left_tons': 2}",0,2026-02-01T02:45:42.008083
"{'fuel_percent': 28, 'time_left_hours': 3.5, 'capacity_left_tons': 2}","{'load_weight_tons': 3, 'additional_time_hours': 0.9, 'profit_inr': 1322}",ACCEPT,14.77,"{'actual_profit_inr': 1157, 'delay_hours': 0.48, 'fuel_used_percent': 13}","{'time_left_hours': 2.6, 'capacity_left_tons': -1}",0,2026-02-01T02:45:42.008083
"{'fuel_percent': 65, 'time_left_hours': 3.4, 'capacity_left_tons': 4}","{'load_weight_tons': 2, 'additional_time_hours': 1.8, 'profit_inr': 1957}",REJECT,2.63,"{'actual_profit_inr': 0, 'delay_hours': 0, 'fuel_used_percent': 0}","{'time_left_hours': 1.5999999999999999, 'capacity_left_tons': 2}",0,2026-02-01T02:45:42.008083
"{'fuel_percent': 75, 'time_left_hours': 3.3, 'capacity_left_tons': 4}","{'load_weight_tons': 4, 'additional_time_hours': 1.6, 'profit_inr': 1032}",ACCEPT,18.13,"{'actual_profit_inr': 822, 'delay_hours': 0.34, 'fuel_used_percent': 8}","{'time_left_hours': 1.6999999999999997, 'capacity_left_tons': 0}",0,2026-02-01T02:45:42.008083
"{'fuel_percent': 71, 'time_left_hours': 2.9, 'capacity_left_tons': 2}","{'load_weight_tons': 3, 'additional_time_hours': 1.3, 'profit_inr': 1694}",REJECT,-7.56,"{'actual_profit_inr': 0, 'delay_hours': 0, 'fuel_used_percent': 0}","{'time_left_hours': 1.5999999999999999, 'capacity_left_tons': -1}",0,2026-02-01T02:45:42.008083
"{'fuel_percent': 29, 'time_left_hours': 3.8, 'capacity_left_tons': 6}","{'load_weight_tons': 2, 'additional_time_hours': 0.8, 'profit_inr': 2824}",REJECT,-5.18,"{'actual_profit_inr': 0, 'delay_hours': 0, 'fuel_used_percent': 0}","{'time_left_hours': 3.0, 'capacity_left_tons': 4}",0,2026-02-01T02:45:42.008083
"{'fuel_percent': 76, 'time_left_hours': 5.0, 'capacity_left_tons': 9}","{'load_weight_tons': 4, 'additional_time_hours': 0.9, 'profit_inr': 2926}",ACCEPT,-9.44,"{'actual_profit_inr': 2803, 'delay_hours': 1.26, 'fuel_used_percent': 6}","{'time_left_hours': 4.1, 'capacity_left_tons': 5}",0,2026-02-01T02:45:42.008083
"{'fuel_percent': 51, 'time_left_hours': 4.5, 'capacity_left_tons': 10}","{'load_weight_tons': 2, 'additional_time_hours': 1.6, 'profit_inr': 2712}",REJECT,26.28,"{'actual_profit_inr': 0, 'delay_hours': 0, 'fuel_used_percent': 0}","{'time_left_hours': 2.9, 'capacity_left_tons': 8}",0,2026-02-01T02:45:42.008083
"{'fuel_percent': 43, 'time_left_hours': 3.7, 'capacity_left_tons': 5}","{'load_weight_tons': 2, 'additional_time_hours': 1.5, 'profit_inr': 1673}",ACCEPT,-4.2,"{'actual_profit_inr': 1409, 'delay_hours': 0.91, 'fuel_used_percent': 11}","{'time_left_hours': 2.2, 'capacity_left_tons': 3}",0,2026-02-01T02:45:42.008083
"{'fuel_percent': 38, 'time_left_hours': 4.5, 'capacity_left_tons': 5}","{'load_weight_tons': 2, 'additional_time_hours': 0.9, 'profit_inr': 855}",ACCEPT,15.38,"{'actual_profit_inr': 727, 'delay_hours': 1.04, 'fuel_used_percent': 13}","{'time_left_hours': 3.6, 'capacity_left_tons': 3}",1,2026-02-01T02:45:42.008083
"{'fuel_percent': 22, 'time_left_hours': 2.6, 'capacity_left_tons': 9}","{'load_weight_tons': 3, 'additional_time_hours': 0.6, 'profit_inr': 2759}",REJECT,1.73,"{'actual_profit_inr': 0, 'delay_hours': 0, 'fuel_used_percent': 0}","{'time_left_hours': 2.0, 'capacity_left_tons': 6}",0,2026-02-01T02:45:42.008083
"{'fuel_percent': 32, 'time_left_hours': 3.7, 'capacity_left_tons': 4}","{'load_weight_tons': 2, 'additional_time_hours': 1.3, 'profit_inr': 2651}",REJECT,10.41,"{'actual_profit_inr': 0, 'delay_hours': 0, 'fuel_used_percent': 0}","{'time_left_hours': 2.4000000000000004, 'capacity_left_tons': 2}",0,2026-02-01T02:45:42.008083
"{'fuel_percent': 49, 'time_left_hours': 3.3, 'capacity_left_tons': 7}","{'load_weight_tons': 4, 'additional_time_hours': 0.7, 'profit_inr': 1550}",ACCEPT,-7.78,"{'actual_profit_inr': 1467, 'delay_hours': 0.51, 'fuel_used_percent': 9}","{'time_left_hours': 2.5999999999999996, 'capacity_left_tons': 3}",0,2026-02-01T02:45:42.008083
"{'fuel_percent': 27, 'time_left_hours': 5.7, 'capacity_left_tons': 10}","{'load_weight_tons': 2, 'additional_time_hours': 2.0, 'profit_inr': 2982}",ACCEPT,-19.89,"{'actual_profit_inr': 2821, 'delay_hours': 0.36, 'fuel_used_percent': 12}","{'time_left_hours': 3.7, 'capacity_left_tons': 8}",0,2026-02-01T02:45:42.008083
"{'fuel_percent': 61, 'time_left_hours': 3.9, 'capacity_left_tons': 7}","{'load_weight_tons': 4, 'additional_time_hours': 0.6, 'profit_inr': 2550}",ACCEPT,-4.25,"{'actual_profit_inr': 2501, 'delay_hours': 0.21, 'fuel_used_percent': 15}","{'time_left_hours': 3.3, 'capacity_left_tons': 3}",0,2026-02-01T02:45:42.008083
"{'fuel_percent': 45, 'time_left_hours': 2.2, 'capacity_left_tons': 9}","{'load_weight_tons': 3, 'additional_time_hours': 1.2, 'profit_inr': 1945}",ACCEPT,25.31,"{'actual_profit_inr': 1869, 'delay_hours': 1.15, 'fuel_used_percent': 15}","{'time_left_hours': 1.0000000000000002, 'capacity_left_tons': 6}",0,2026-02-01T02:45:42.008083
"{'fuel_percent': 55, 'time_left_hours': 2.2, 'capacity_left_tons': 3}","{'load_weight_tons': 3, 'additional_time_hours': 1.8, 'profit_inr': 2753}",REJECT,10.48,"{'actual_profit_inr': 0, 'delay_hours': 0, 'fuel_used_percent': 0}","{'time_left_hours': 0.40000000000000013, 'capacity_left_tons': 0}",0,2026-02-01T02:45:42.008083
"{'fuel_percent': 58, 'time_left_hours': 4.2, 'capacity_left_tons': 7}","{'load_weight_tons': 1, 'additional_time_hours': 1.1, 'profit_inr': 2617}",ACCEPT,4.57,"{'actual_profit_inr': 2599, 'delay_hours': 1.3, 'fuel_used_percent': 12}","{'time_left_hours': 3.1, 'capacity_left_tons': 6}",0,2026-02-01T02:45:42.008083
"{'fuel_percent': 39, 'time_left_hours': 2.3, 'capacity_left_tons': 3}","{'load_weight_tons': 1, 'additional_time_hours': 0.8, 'profit_inr': 2285}",ACCEPT,0.37,"{'actual_profit_inr': 2216, 'delay_hours': 0.68, 'fuel_used_percent': 15}","{'time_left_hours': 1.4999999999999998, 'capacity_left_tons': 2}",0,2026-02-01T02:45:42.008083
"{'fuel_percent': 40, 'time_left_hours': 2.5, 'capacity_left_tons': 5}","{'load_weight_tons': 2, 'additional_time_hours': 0.7, 'profit_inr': 797}",REJECT,26.43,"{'actual_profit_inr': 0, 'delay_hours': 0, 'fuel_used_percent': 0}","{'time_left_hours': 1.8, 'capacity_left_tons': 3}",0,2026-02-01T02:45:42.008083
"{'fuel_percent': 55, 'time_left_hours': 5.7, 'capacity_left_tons': 6}","{'load_weight_tons': 1, 'additional_time_hours': 1.1, 'profit_inr': 802}",REJECT,-10.73,"{'actual_profit_inr': 0, 'delay_hours': 0, 'fuel_used_percent': 0}","{'time_left_hours': 4.6, 'capacity_left_tons': 5}",0,2026-02-01T02:45:42.008083
"{'fuel_percent': 54, 'time_left_hours': 4.8, 'capacity_left_tons': 2}","{'load_weight_tons': 2, 'additional_time_hours': 1.6, 'profit_inr': 2907}",ACCEPT,5.57,"{'actual_profit_inr': 2885, 'delay_hours': 0.71, 'fuel_used_percent': 15}","{'time_left_hours': 3.1999999999999997, 'capacity_left_tons': 0}",0,2026-02-01T02:45:42.008083
"{'fuel_percent': 66, 'time_left_hours': 2.1, 'capacity_left_tons': 5}","{'load_weight_tons': 1, 'additional_time_hours': 1.3, 'profit_inr': 905}",REJECT,14.51,"{'actual_profit_inr': 0, 'delay_hours': 0, 'fuel_used_percent': 0}","{'time_left_hours': 0.8, 'capacity_left_tons': 4}",0,2026-02-01T02:45:42.008083
"{'fuel_percent': 58, 'time_left_hours': 2.5, 'capacity_left_tons': 3}","{'load_weight_tons': 4, 'additional_time_hours': 1.3, 'profit_inr': 1013}",REJECT,-12.25,"{'actual_profit_inr': 0, 'delay_hours': 0, 'fuel_used_percent': 0}","{'time_left_hours': 1.2, 'capacity_left_tons': -1}",0,2026-02-01T02:45:42.008083
"{'fuel_percent': 47, 'time_left_hours': 3.6, 'capacity_left_tons': 3}","{'load_weight_tons': 4, 'additional_time_hours': 0.8, 'profit_inr': 1061}",REJECT,28.33,"{'actual_profit_inr': 0, 'delay_hours': 0, 'fuel_used_percent': 0}","{'time_left_hours': 2.8, 'capacity_left_tons': -1}",0,2026-02-01T02:45:42.008083
"{'fuel_percent': 27, 'time_left_hours': 2.5, 'capacity_left_tons': 5}","{'load_weight_tons': 3, 'additional_time_hours': 1.1, 'profit_inr': 1689}",ACCEPT,-17.3,"{'actual_profit_inr': 1437, 'delay_hours': 0.73, 'fuel_used_percent': 8}","{'time_left_hours': 1.4, 'capacity_left_tons': 2}",0,2026-02-01T02:45:42.008083
"{'fuel_percent': 44, 'time_left_hours': 4.7, 'capacity_left_tons': 3}","{'load_weight_tons': 2, 'additional_time_hours': 1.0, 'profit_inr': 2930}",REJECT,24.77,"{'actual_profit_inr': 0, 'delay_hours': 0, 'fuel_used_percent': 0}","{'time_left_hours': 3.7, 'capacity_left_tons': 1}",0,2026-02-01T02:45:42.008083
"{'fuel_percent': 66, 'time_left_hours': 2.2, 'capacity_left_tons': 6}","{'load_weight_tons': 2, 'additional_time_hours': 1.3, 'profit_inr': 2800}",ACCEPT,20.12,"{'actual_profit_inr': 2527, 'delay_hours': 0.08, 'fuel_used_percent': 9}","{'time_left_hours': 0.9000000000000001, 'capacity_left_tons': 4}",0,2026-02-01T02:45:42.008083
"{'fuel_percent': 29, 'time_left_hours': 5.4, 'capacity_left_tons': 2}","{'load_weight_tons': 1, 'additional_time_hours': 0.8, 'profit_inr': 1209}",REJECT,4.79,"{'actual_profit_inr': 0, 'delay_hours': 0, 'fuel_used_percent': 0}","{'time_left_hours': 4.6000000000000005, 'capacity_left_tons': 1}",0,2026-02-01T02:45:42.008083
"{'fuel_percent': 25, 'time_left_hours': 5.4, 'capacity_left_tons': 9}","{'load_weight_tons': 1, 'additional_time_hours': 1.4, 'profit_inr': 2507}",ACCEPT,29.6,"{'actual_profit_inr': 2278, 'delay_hours': 0.89, 'fuel_used_percent': 14}","{'time_left_hours': 4.0, 'capacity_left_tons': 8}",0,2026-02-01T02:45:42.008083
"{'fuel_percent': 72, 'time_left_hours': 3.6, 'capacity_left_tons': 9}","{'load_weight_tons': 3, 'additional_time_hours': 0.5, 'profit_inr': 2497}",REJECT,23.61,"{'actual_profit_inr': 0, 'delay_hours': 0, 'fuel_used_percent': 0}","{'time_left_hours': 3.1, 'capacity_left_tons': 6}",0,2026-02-01T02:45:42.008083
"{'fuel_percent': 55, 'time_left_hours': 3.4, 'capacity_left_tons': 10}","{'load_weight_tons': 3, 'additional_time_hours': 1.4, 'profit_inr': 621}",REJECT,8.68,"{'actual_profit_inr': 0, 'delay_hours': 0, 'fuel_used_percent': 0}","{'time_left_hours': 2.0, 'capacity_left_tons': 7}",0,2026-02-01T02:45:42.008083
"{'fuel_percent': 65, 'time_left_hours': 5.2, 'capacity_left_tons': 6}","{'load_weight_tons': 3, 'additional_time_hours': 1.8, 'profit_inr': 1854}",ACCEPT,5.12,"{'actual_profit_inr': 1727, 'delay_hours': 0.68, 'fuel_used_percent': 15}","{'time_left_hours': 3.4000000000000004, 'capacity_left_tons': 3}",0,2026-02-01T02:45:42.008083
"{'fuel_percent': 33, 'time_left_hours': 5.0, 'capacity_left_tons': 8}","{'load_weight_tons': 2, 'additional_time_hours': 1.0, 'profit_inr': 2414}",ACCEPT,28.54,"{'actual_profit_inr': 2184, 'delay_hours': 0.74, 'fuel_used_percent': 9}","{'time_left_hours': 4.0, 'capacity_left_tons': 6}",0,2026-02-01T02:45:42.008083
"{'fuel_percent': 58, 'time_left_hours': 4.3, 'capacity_left_tons': 5}","{'load_weight_tons': 3, 'additional_time_hours': 1.8, 'profit_inr': 1964}",REJECT,17.44,"{'actual_profit_inr': 0, 'delay_hours': 0, 'fuel_used_percent': 0}","{'time_left_hours': 2.5, 'capacity_left_tons': 2}",0,2026-02-01T02:45:42.008083
"{'fuel_percent': 50, 'time_left_hours': 4.2, 'capacity_left_tons': 5}","{'load_weight_tons': 4, 'additional_time_hours': 1.3, 'profit_inr': 647}",REJECT,-7.55,"{'actual_profit_inr': 0, 'delay_hours': 0, 'fuel_used_percent': 0}","{'time_left_hours': 2.9000000000000004, 'capacity_left_tons': 1}",0,2026-02-01T02:45:42.008083
"{'fuel_percent': 23, 'time_left_hours': 5.4, 'capacity_left_tons': 4}","{'load_weight_tons': 3, 'additional_time_hours': 1.9, 'profit_inr': 2654}",REJECT,20.47,"{'actual_profit_inr': 0, 'delay_hours': 0, 'fuel_used_percent': 0}","{'time_left_hours': 3.5000000000000004, 'capacity_left_tons': 1}",0,2026-02-01T02:45:42.008083
"{'fuel_percent': 59, 'time_left_hours': 3.9, 'capacity_left_tons': 10}","{'load_weight_tons': 2, 'additional_time_hours': 1.4, 'profit_inr': 1182}",REJECT,18.3,"{'actual_profit_inr': 0, 'delay_hours': 0, 'fuel_used_percent': 0}","{'time_left_hours': 2.5, 'capacity_left_tons': 8}",0,2026-02-01T02:45:42.008083
"{'fuel_percent': 32, 'time_left_hours': 4.7, 'capacity_left_tons': 5}","{'load_weight_tons': 2, 'additional_time_hours': 1.9, 'profit_inr': 774}",ACCEPT,-0.17,"{'actual_profit_inr': 476, 'delay_hours': 0.64, 'fuel_used_percent': 14}","{'time_left_hours': 2.8000000000000003, 'capacity_left_tons': 3}",0,2026-02-01T02:45:42.008083
"{'fuel_percent': 29, 'time_left_hours': 3.6, 'capacity_left_tons': 2}","{'load_weight_tons': 4, 'additional_time_hours': 1.4, 'profit_inr': 1427}",ACCEPT,-5.05,"{'actual_profit_inr': 1285, 'delay_hours': 1.0, 'fuel_used_percent': 5}","{'time_left_hours': 2.2, 'capacity_left_tons': -2}",0,2026-02-01T02:45:42.008083
"{'fuel_percent': 77, 'time_left_hours': 4.9, 'capacity_left_tons': 5}","{'load_weight_tons': 3, 'additional_time_hours': 1.4, 'profit_inr': 842}",REJECT,-3.2,"{'actual_profit_inr': 0, 'delay_hours': 0, 'fuel_used_percent': 0}","{'time_left_hours': 3.5000000000000004, 'capacity_left_tons': 2}",0,2026-02-01T02:45:42.008083
"{'fuel_percent': 48, 'time_left_hours': 5.2, 'capacity_left_tons': 9}","{'load_weight_tons': 3, 'additional_time_hours': 1.8, 'profit_inr': 623}",REJECT,2.72,"{'actual_profit_inr': 0, 'delay_hours': 0, 'fuel_used_percent': 0}","{'time_left_hours': 3.4000000000000004, 'capacity_left_tons': 6}",0,2026-02-01T02:45:42.008083
"{'fuel_percent': 21, 'time_left_hours': 2.6, 'capacity_left_tons': 5}","{'load_weight_tons': 3, 'additional_time_hours': 1.3, 'profit_inr': 946}",REJECT,-7.95,"{'actual_profit_inr': 0, 'delay_hours': 0, 'fuel_used_percent': 0}","{'time_left_hours': 1.3, 'capacity_left_tons': 2}",0,2026-02-01T02:45:42.008083
"{'fuel_percent': 46, 'time_left_hours': 5.6, 'capacity_left_tons': 9}","{'load_weight_tons': 4, 'additional_time_hours': 0.9, 'profit_inr': 2714}",ACCEPT,26.4,"{'actual_profit_inr': 2647, 'delay_hours': 1.23, 'fuel_used_percent': 15}","{'time_left_hours': 4.699999999999999, 'capacity_left_tons': 5}",0,2026-02-01T02:45:42.008083
"{'fuel_percent': 26, 'time_left_hours': 5.0, 'capacity_left_tons': 2}","{'load_weight_tons': 1, 'additional_time_hours': 1.8, 'profit_inr': 1069}",REJECT,5.68,"{'actual_profit_inr': 0, 'delay_hours': 0, 'fuel_used_percent': 0}","{'time_left_hours': 3.2, 'capacity_left_tons': 1}",0,2026-02-01T02:45:42.009091
"{'fuel_percent': 69, 'time_left_hours': 3.9, 'capacity_left_tons': 9}","{'load_weight_tons': 1, 'additional_time_hours': 1.0, 'profit_inr': 1946}",ACCEPT,-7.85,"{'actual_profit_inr': 1860, 'delay_hours': 0.01, 'fuel_used_percent': 14}","{'time_left_hours': 2.9, 'capacity_left_tons': 8}",0,2026-02-01T02:45:42.009091
"{'fuel_percent': 75, 'time_left_hours': 5.1, 'capacity_left_tons': 9}","{'load_weight_tons': 1, 'additional_time_hours': 0.8, 'profit_inr': 1486}",ACCEPT,19.89,"{'actual_profit_inr': 1397, 'delay_hours': 1.31, 'fuel_used_percent': 12}","{'time_left_hours': 4.3, 'capacity_left_tons': 8}",0,2026-02-01T02:45:42.009091
"{'fuel_percent': 67, 'time_left_hours': 4.9, 'capacity_left_tons': 5}","{'load_weight_tons': 2, 'additional_time_hours': 1.1, 'profit_inr': 1884}",REJECT,8.91,"{'actual_profit_inr': 0, 'delay_hours': 0, 'fuel_used_percent': 0}","{'time_left_hours': 3.8000000000000003, 'capacity_left_tons': 3}",0,2026-02-01T02:45:42.009091
"{'fuel_percent': 35, 'time_left_hours': 2.8, 'capacity_left_tons': 2}","{'load_weight_tons': 3, 'additional_time_hours': 1.7, 'profit_inr': 1739}",REJECT,-10.3,"{'actual_profit_inr': 0, 'delay_hours': 0, 'fuel_used_percent': 0}","{'time_left_hours': 1.0999999999999999, 'capacity_left_tons': -1}",0,2026-02-01T02:45:42.009091
"{'fuel_percent': 44, 'time_left_hours': 3.1, 'capacity_left_tons': 9}","{'load_weight_tons': 2, 'additional_time_hours': 0.7, 'profit_inr': 2670}",ACCEPT,26.87,"{'actual_profit_inr': 2373, 'delay_hours': 0.84, 'fuel_used_percent': 13}","{'time_left_hours': 2.4000000000000004, 'capacity_left_tons': 7}",0,2026-02-01T02:45:42.009091
"{'fuel_percent': 77, 'time_left_hours': 4.6, 'capacity_left_tons': 7}","{'load_weight_tons': 2, 'additional_time_hours': 0.6, 'profit_inr': 2244}",ACCEPT,16.71,"{'actual_profit_inr': 2076, 'delay_hours': 1.42, 'fuel_used_percent': 6}","{'time_left_hours': 3.9999999999999996, 'capacity_left_tons': 5}",0,2026-02-01T02:45:42.009091
"{'fuel_percent': 57, 'time_left_hours': 4.7, 'capacity_left_tons': 9}","{'load_weight_tons': 1, 'additional_time_hours': 1.2, 'profit_inr': 2666}",ACCEPT,11.19,"{'actual_profit_inr': 2370, 'delay_hours': 0.94, 'fuel_used_percent': 5}","{'time_left_hours': 3.5, 'capacity_left_tons': 8}",0,2026-02-01T02:45:42.009091
"{'fuel_percent': 23, 'time_left_hours': 2.4, 'capacity_left_tons': 4}","{'load_weight_tons': 3, 'additional_time_hours': 1.3, 'profit_inr': 2677}",ACCEPT,21.26,"{'actual_profit_inr': 2521, 'delay_hours': 1.46, 'fuel_used_percent': 5}","{'time_left_hours': 1.0999999999999999, 'capacity_left_tons': 1}",0,2026-02-01T02:45:42.009091
"{'fuel_percent': 29, 'time_left_hours': 5.3, 'capacity_left_tons': 3}","{'load_weight_tons': 3, 'additional_time_hours': 1.6, 'profit_inr': 2899}",REJECT,6.1,"{'actual_profit_inr': 0, 'delay_hours': 0, 'fuel_used_percent': 0}","{'time_left_hours': 3.6999999999999997, 'capacity_left_tons': 0}",0,2026-02-01T02:45:42.009091
"{'fuel_percent': 29, 'time_left_hours': 3.3, 'capacity_left_tons': 4}","{'load_weight_tons': 2, 'additional_time_hours': 1.2, 'profit_inr': 2029}",ACCEPT,14.91,"{'actual_profit_inr': 1996, 'delay_hours': 0.53, 'fuel_used_percent': 11}","{'time_left_hours': 2.0999999999999996, 'capacity_left_tons': 2}",0,2026-02-01T02:45:42.009091
"{'fuel_percent': 77, 'time_left_hours': 2.7, 'capacity_left_tons': 3}","{'load_weight_tons': 2, 'additional_time_hours': 0.8, 'profit_inr': 2296}",REJECT,12.95,"{'actual_profit_inr': 0, 'delay_hours': 0, 'fuel_used_percent': 0}","{'time_left_hours': 1.9000000000000001, 'capacity_left_tons': 1}",0,2026-02-01T02:45:42.009091
"{'fuel_percent': 48, 'time_left_hours': 4.3, 'capacity_left_tons': 6}","{'load_weight_tons': 4, 'additional_time_hours': 0.9, 'profit_inr': 852}",REJECT,3.33,"{'actual_profit_inr': 0, 'delay_hours': 0, 'fuel_used_percent': 0}","{'time_left_hours': 3.4, 'capacity_left_tons': 2}",0,2026-02-01T02:45:42.009091
"{'fuel_percent': 32, 'time_left_hours': 3.5, 'capacity_left_tons': 2}","{'load_weight_tons': 1, 'additional_time_hours': 1.0, 'profit_inr': 1826}",REJECT,7.79,"{'actual_profit_inr': 0, 'delay_hours': 0, 'fuel_used_percent': 0}","{'time_left_hours': 2.5, 'capacity_left_tons': 1}",0,2026-02-01T02:45:42.009091
"{'fuel_percent': 67, 'time_left_hours': 2.5, 'capacity_left_tons': 2}","{'load_weight_tons': 2, 'additional_time_hours': 1.0, 'profit_inr': 969}",REJECT,21.07,"{'actual_profit_inr': 0, 'delay_hours': 0, 'fuel_used_percent': 0}","{'time_left_hours': 1.5, 'capacity_left_tons': 0}",0,2026-02-01T02:45:42.009091
"{'fuel_percent': 66, 'time_left_hours': 3.7, 'capacity_left_tons': 5}","{'load_weight_tons': 4, 'additional_time_hours': 1.7, 'profit_inr': 1354}",REJECT,3.01,"{'actual_profit_inr': 0, 'delay_hours': 0, 'fuel_used_percent': 0}","{'time_left_hours': 2.0, 'capacity_left_tons': 1}",0,2026-02-01T02:45:42.009091
"{'fuel_percent': 79, 'time_left_hours': 3.0, 'capacity_left_tons': 8}","{'load_weight_tons': 1, 'additional_time_hours': 0.8, 'profit_inr': 1325}",ACCEPT,-15.32,"{'actual_profit_inr': 1046, 'delay_hours': 0.31, 'fuel_used_percent': 10}","{'time_left_hours': 2.2, 'capacity_left_tons': 7}",0,2026-02-01T02:45:42.009091
"{'fuel_percent': 40, 'time_left_hours': 5.2, 'capacity_left_tons': 7}","{'load_weight_tons': 4, 'additional_time_hours': 1.4, 'profit_inr': 1616}",REJECT,-9.14,"{'actual_profit_inr': 0, 'delay_hours': 0, 'fuel_used_percent': 0}","{'time_left_hours': 3.8000000000000003, 'capacity_left_tons': 3}",0,2026-02-01T02:45:42.009091
"{'fuel_percent': 70, 'time_left_hours': 5.5, 'capacity_left_tons': 6}","{'load_weight_tons': 2, 'additional_time_hours': 0.7, 'profit_inr': 1963}",ACCEPT,-12.49,"{'actual_profit_inr': 1786, 'delay_hours': 0.43, 'fuel_used_percent': 13}","{'time_left_hours': 4.8, 'capacity_left_tons': 4}",0,2026-02-01T02:45:42.009091
"{'fuel_percent': 67, 'time_left_hours': 3.4, 'capacity_left_tons': 6}","{'load_weight_tons': 3, 'additional_time_hours': 0.5, 'profit_inr': 1675}",ACCEPT,9.97,"{'actual_profit_inr': 1443, 'delay_hours': 0.52, 'fuel_used_percent': 15}","{'time_left_hours': 2.9, 'capacity_left_tons': 3}",0,2026-02-01T02:45:42.009091
"{'fuel_percent': 75, 'time_left_hours': 3.2, 'capacity_left_tons': 2}","{'load_weight_tons': 3, 'additional_time_hours': 1.6, 'profit_inr': 2146}",ACCEPT,3.2,"{'actual_profit_inr': 2015, 'delay_hours': 0.23, 'fuel_used_percent': 7}","{'time_left_hours': 1.6, 'capacity_left_tons': -1}",0,2026-02-01T02:45:42.009091
"{'fuel_percent': 57, 'time_left_hours': 4.9, 'capacity_left_tons': 5}","{'load_weight_tons': 2, 'additional_time_hours': 1.4, 'profit_inr': 1255}",ACCEPT,19.56,"{'actual_profit_inr': 997, 'delay_hours': 0.76, 'fuel_used_percent': 5}","{'time_left_hours': 3.5000000000000004, 'capacity_left_tons': 3}",0,2026-02-01T02:45:42.009091
"{'fuel_percent': 24, 'time_left_hours': 5.4, 'capacity_left_tons': 10}","{'load_weight_tons': 4, 'additional_time_hours': 1.2, 'profit_inr': 1688}",ACCEPT,14.51,"{'actual_profit_inr': 1602, 'delay_hours': 1.33, 'fuel_used_percent': 5}","{'time_left_hours': 4.2, 'capacity_left_tons': 6}",0,2026-02-01T02:45:42.009091
"{'fuel_percent': 62, 'time_left_hours': 3.2, 'capacity_left_tons': 2}","{'load_weight_tons': 1, 'additional_time_hours': 1.9, 'profit_inr': 2387}",REJECT,13.11,"{'actual_profit_inr': 0, 'delay_hours': 0, 'fuel_used_percent': 0}","{'time_left_hours': 1.3000000000000003, 'capacity_left_tons': 1}",0,2026-02-01T02:45:42.009091
"{'fuel_percent': 42, 'time_left_hours': 4.6, 'capacity_left_tons': 4}","{'load_weight_tons': 1, 'additional_time_hours': 1.5, 'profit_inr': 1866}",REJECT,-2.4,"{'actual_profit_inr': 0, 'delay_hours': 0, 'fuel_used_percent': 0}","{'time_left_hours': 3.0999999999999996, 'capacity_left_tons': 3}",0,2026-02-01T02:45:42.009091
"{'fuel_percent': 41, 'time_left_hours': 2.4, 'capacity_left_tons': 2}","{'load_weight_tons': 2, 'additional_time_hours': 1.0, 'profit_inr': 2077}",ACCEPT,10.92,"{'actual_profit_inr': 1929, 'delay_hours': 0.56, 'fuel_used_percent': 11}","{'time_left_hours': 1.4, 'capacity_left_tons': 0}",0,2026-02-01T02:45:42.009091
"{'fuel_percent': 30, 'time_left_hours': 5.2, 'capacity_left_tons': 6}","{'load_weight_tons': 4, 'additional_time_hours': 0.6, 'profit_inr': 965}",ACCEPT,-19.26,"{'actual_profit_inr': 784, 'delay_hours': 0.2, 'fuel_used_percent': 15}","{'time_left_hours': 4.6000000000000005, 'capacity_left_tons': 2}",0,2026-02-01T02:45:42.009091
"{'fuel_percent': 38, 'time_left_hours': 4.9, 'capacity_left_tons': 10}","{'load_weight_tons': 2, 'additional_time_hours': 1.9, 'profit_inr': 886}",REJECT,22.33,"{'actual_profit_inr': 0, 'delay_hours': 0, 'fuel_used_percent': 0}","{'time_left_hours': 3.0000000000000004, 'capacity_left_tons': 8}",0,2026-02-01T02:45:42.009091
"{'fuel_percent': 55, 'time_left_hours': 5.3, 'capacity_left_tons': 4}","{'load_weight_tons': 3, 'additional_time_hours': 0.9, 'profit_inr': 2658}",REJECT,20.7,"{'actual_profit_inr': 0, 'delay_hours': 0, 'fuel_used_percent': 0}","{'time_left_hours': 4.3999999999999995, 'capacity_left_tons': 1}",0,2026-02-01T02:45:42.009091
"{'fuel_percent': 24, 'time_left_hours': 3.3, 'capacity_left_tons': 8}","{'load_weight_tons': 3, 'additional_time_hours': 1.9, 'profit_inr': 1435}",ACCEPT,10.97,"{'actual_profit_inr': 1408, 'delay_hours': 0.5, 'fuel_used_percent': 13}","{'time_left_hours': 1.4, 'capacity_left_tons': 5}",0,2026-02-01T02:45:42.009091
"{'fuel_percent': 25, 'time_left_hours': 3.1, 'capacity_left_tons': 9}","{'load_weight_tons': 4, 'additional_time_hours': 1.5, 'profit_inr': 1151}",REJECT,12.16,"{'actual_profit_inr': 0, 'delay_hours': 0, 'fuel_used_percent': 0}","{'time_left_hours': 1.6, 'capacity_left_tons': 5}",0,2026-02-01T02:45:42.009091
"{'fuel_percent': 30, 'time_left_hours': 5.4, 'capacity_left_tons': 7}","{'load_weight_tons': 3, 'additional_time_hours': 0.5, 'profit_inr': 737}",ACCEPT,-9.19,"{'actual_profit_inr': 701, 'delay_hours': 1.08, 'fuel_used_percent': 9}","{'time_left_hours': 4.9, 'capacity_left_tons': 4}",1,2026-02-01T02:45:42.009091
"{'fuel_percent': 80, 'time_left_hours': 4.6, 'capacity_left_tons': 7}","{'load_weight_tons': 1, 'additional_time_hours': 0.9, 'profit_inr': 2088}",ACCEPT,-9.21,"{'actual_profit_inr': 2085, 'delay_hours': 0.4, 'fuel_used_percent': 8}","{'time_left_hours': 3.6999999999999997, 'capacity_left_tons': 6}",0,2026-02-01T02:45:42.009091
"{'fuel_percent': 49, 'time_left_hours': 4.4, 'capacity_left_tons': 5}","{'load_weight_tons': 2, 'additional_time_hours': 0.8, 'profit_inr': 2545}",REJECT,-16.03,"{'actual_profit_inr': 0, 'delay_hours': 0, 'fuel_used_percent': 0}","{'time_left_hours': 3.6000000000000005, 'capacity_left_tons': 3}",0,2026-02-01T02:45:42.009091
"{'fuel_percent': 33, 'time_left_hours': 2.5, 'capacity_left_tons': 7}","{'load_weight_tons': 1, 'additional_time_hours': 1.7, 'profit_inr': 842}",REJECT,-1.89,"{'actual_profit_inr': 0, 'delay_hours': 0, 'fuel_used_percent': 0}","{'time_left_hours': 0.8, 'capacity_left_tons': 6}",0,2026-02-01T02:45:42.009091
"{'fuel_percent': 78, 'time_left_hours': 5.9, 'capacity_left_tons': 2}","{'load_weight_tons': 3, 'additional_time_hours': 1.5, 'profit_inr': 1909}",ACCEPT,28.85,"{'actual_profit_inr': 1646, 'delay_hours': 0.4, 'fuel_used_percent': 12}","{'time_left_hours': 4.4, 'capacity_left_tons': -1}",0,2026-02-01T02:45:42.009091
"{'fuel_percent': 53, 'time_left_hours': 5.1, 'capacity_left_tons': 4}","{'load_weight_tons': 2, 'additional_time_hours': 0.6, 'profit_inr': 2551}",ACCEPT,20.33,"{'actual_profit_inr': 2337, 'delay_hours': 0.97, 'fuel_used_percent': 10}","{'time_left_hours': 4.5, 'capacity_left_tons': 2}",0,2026-02-01T02:45:42.009091
"{'fuel_percent': 57, 'time_left_hours': 4.0, 'capacity_left_tons': 8}","{'load_weight_tons': 3, 'additional_time_hours': 0.6, 'profit_inr': 1485}",ACCEPT,-5.12,"{'actual_profit_inr': 1467, 'delay_hours': 1.39, 'fuel_used_percent': 14}","{'time_left_hours': 3.4, 'capacity_left_tons': 5}",0,2026-02-01T02:45:42.009091
"{'fuel_percent': 73, 'time_left_hours': 4.7, 'capacity_left_tons': 10}","{'load_weight_tons': 3, 'additional_time_hours': 1.5, 'profit_inr': 2579}",ACCEPT,23.38,"{'actual_profit_inr': 2367, 'delay_hours': 0.2, 'fuel_used_percent': 11}","{'time_left_hours': 3.2, 'capacity_left_tons': 7}",0,2026-02-01T02:45:42.009091
"{'fuel_percent': 41, 'time_left_hours': 3.3, 'capacity_left_tons': 5}","{'load_weight_tons': 1, 'additional_time_hours': 1.6, 'profit_inr': 1767}",ACCEPT,-2.23,"{'actual_profit_inr': 1736, 'delay_hours': 1.18, 'fuel_used_percent': 12}","{'time_left_hours': 1.6999999999999997, 'capacity_left_tons': 4}",0,2026-02-01T02:45:42.009091
"{'fuel_percent': 78, 'time_left_hours': 2.7, 'capacity_left_tons': 2}","{'load_weight_tons': 3, 'additional_time_hours': 1.9, 'profit_inr': 1958}",REJECT,-4.79,"{'actual_profit_inr': 0, 'delay_hours': 0, 'fuel_used_percent': 0}","{'time_left_hours': 0.8000000000000003, 'capacity_left_tons': -1}",0,2026-02-01T02:45:42.009091
"{'fuel_percent': 61, 'time_left_hours': 4.5, 'capacity_left_tons': 5}","{'load_weight_tons': 1, 'additional_time_hours': 1.9, 'profit_inr': 2097}",REJECT,-7.09,"{'actual_profit_inr': 0, 'delay_hours': 0, 'fuel_used_percent': 0}","{'time_left_hours': 2.6, 'capacity_left_tons': 4}",0,2026-02-01T02:45:42.009091
"{'fuel_percent': 44, 'time_left_hours': 2.8, 'capacity_left_tons': 3}","{'load_weight_tons': 2, 'additional_time_hours': 1.8, 'profit_inr': 2986}",REJECT,-18.89,"{'actual_profit_inr': 0, 'delay_hours': 0, 'fuel_used_percent': 0}","{'time_left_hours': 0.9999999999999998, 'capacity_left_tons': 1}",0,2026-02-01T02:45:42.009091
"{'fuel_percent': 70, 'time_left_hours': 4.8, 'capacity_left_tons': 4}","{'load_weight_tons': 3, 'additional_time_hours': 1.9, 'profit_inr': 1734}",ACCEPT,-15.51,"{'actual_profit_inr': 1549, 'delay_hours': 1.17, 'fuel_used_percent': 15}","{'time_left_hours': 2.9, 'capacity_left_tons': 1}",0,2026-02-01T02:45:42.009091
"{'fuel_percent': 69, 'time_left_hours': 2.6, 'capacity_left_tons': 8}","{'load_weight_tons': 2, 'additional_time_hours': 0.8, 'profit_inr': 2319}",REJECT,-15.58,"{'actual_profit_inr': 0, 'delay_hours': 0, 'fuel_used_percent': 0}","{'time_left_hours': 1.8, 'capacity_left_tons': 6}",0,2026-02-01T02:45:42.009091
"{'fuel_percent': 70, 'time_left_hours': 2.6, 'capacity_left_tons': 10}","{'load_weight_tons': 2, 'additional_time_hours': 1.0, 'profit_inr': 1956}",REJECT,11.59,"{'actual_profit_inr': 0, 'delay_hours': 0, 'fuel_used_percent': 0}","{'time_left_hours': 1.6, 'capacity_left_tons': 8}",0,2026-02-01T02:45:42.009091
"{'fuel_percent': 53, 'time_left_hours': 4.3, 'capacity_left_tons': 10}","{'load_weight_tons': 3, 'additional_time_hours': 1.5, 'profit_inr': 1416}",REJECT,-3.36,"{'actual_profit_inr': 0, 'delay_hours': 0, 'fuel_used_percent': 0}","{'time_left_hours': 2.8, 'capacity_left_tons': 7}",0,2026-02-01T02:45:42.009091
"{'fuel_percent': 24, 'time_left_hours': 5.0, 'capacity_left_tons': 6}","{'load_weight_tons': 1, 'additional_time_hours': 1.4, 'profit_inr': 594}",ACCEPT,-5.04,"{'actual_profit_inr': 393, 'delay_hours': 1.06, 'fuel_used_percent': 13}","{'time_left_hours': 3.6, 'capacity_left_tons': 5}",1,2026-02-01T02:45:42.009091
"{'fuel_percent': 30, 'time_left_hours': 3.0, 'capacity_left_tons': 4}","{'load_weight_tons': 4, 'additional_time_hours': 1.6, 'profit_inr': 1593}",ACCEPT,-14.27,"{'actual_profit_inr': 1471, 'delay_hours': 0.96, 'fuel_used_percent': 10}","{'time_left_hours': 1.4, 'capacity_left_tons': 0}",0,2026-02-01T02:45:42.009091
"{'fuel_percent': 55, 'time_left_hours': 4.8, 'capacity_left_tons': 7}","{'load_weight_tons': 3, 'additional_time_hours': 0.6, 'profit_inr': 2678}",REJECT,21.34,"{'actual_profit_inr': 0, 'delay_hours': 0, 'fuel_used_percent': 0}","{'time_left_hours': 4.2, 'capacity_left_tons': 4}",0,2026-02-01T02:45:42.009091
"{'fuel_percent': 27, 'time_left_hours': 4.4, 'capacity_left_tons': 10}","{'load_weight_tons': 1, 'additional_time_hours': 0.9, 'profit_inr': 2752}",ACCEPT,25.2,"{'actual_profit_inr': 2509, 'delay_hours': 1.04, 'fuel_used_percent': 12}","{'time_left_hours': 3.5000000000000004, 'capacity_left_tons': 9}",0,2026-02-01T02:45:42.009091
"{'fuel_percent': 23, 'time_left_hours': 5.2, 'capacity_left_tons': 10}","{'load_weight_tons': 1, 'additional_time_hours': 1.4, 'profit_inr': 2130}",REJECT,-11.81,"{'actual_profit_inr': 0, 'delay_hours': 0, 'fuel_used_percent': 0}","{'time_left_hours': 3.8000000000000003, 'capacity_left_tons': 9}",0,2026-02-01T02:45:42.009091
"{'fuel_percent': 37, 'time_left_hours': 2.4, 'capacity_left_tons': 7}","{'load_weight_tons': 1, 'additional_time_hours': 1.7, 'profit_inr': 2745}",REJECT,3.28,"{'actual_profit_inr': 0, 'delay_hours': 0, 'fuel_used_percent': 0}","{'time_left_hours': 0.7, 'capacity_left_tons': 6}",0,2026-02-01T02:45:42.009091
"{'fuel_percent': 80, 'time_left_hours': 2.8, 'capacity_left_tons': 8}","{'load_weight_tons': 3, 'additional_time_hours': 1.6, 'profit_inr': 1086}",ACCEPT,-16.04,"{'actual_profit_inr': 909, 'delay_hours': 1.35, 'fuel_used_percent': 13}","{'time_left_hours': 1.1999999999999997, 'capacity_left_tons': 5}",0,2026-02-01T02:45:42.009091
"{'fuel_percent': 44, 'time_left_hours': 5.4, 'capacity_left_tons': 6}","{'load_weight_tons': 2, 'additional_time_hours': 1.7, 'profit_inr': 1929}",ACCEPT,11.98,"{'actual_profit_inr': 1737, 'delay_hours': 1.16, 'fuel_used_percent': 10}","{'time_left_hours': 3.7, 'capacity_left_tons': 4}",0,2026-02-01T02:45:42.009091
